week_start,s2_snow_above_1200_smoothed_zscore,s2_snow_1200_1800_smoothed_zscore,s2_snow_above_1800_smoothed_zscore,modis_snow_above_1200_smoothed_zscore,modis_snow_1200_1800_smoothed_zscore,modis_snow_above_1800_smoothed_zscore,temp_1200_smoothed_zscore,temp_1200_1800_smoothed_zscore,temp_1800_smoothed_zscore,precip_1200_smoothed_zscore,precip_1200_1800_smoothed_zscore,precip_1800_smoothed_zscore
01/10/2016,-0.4852159720291013,-0.34845574910837745,-0.5684506303106162,-0.3166124227553656,-0.379117440744137,-0.6657946965171953,0.7590257076384941,0.7037742421670536,0.6743553532582699,-0.6912347164705399,-0.7090942030296781,-0.7409183425022604
08/10/2016,-0.4852159720291013,-0.34845574910837745,-0.5684506303106162,-0.3164680241292503,-0.379117440744137,-0.6657946965171953,0.6403959650986457,0.5976965145272491,0.5647440546671314,-0.6776493219435167,-0.6854045192811609,-0.7155035013592325
15/10/2016,-0.4852159720291013,-0.34845574910837745,-0.5684506303106162,-0.3166124227553656,-0.379117440744137,-0.6657946965171953,0.396379677925506,0.35099790488256183,0.332347330609035,-0.659599605915302,-0.6823134297373219,-0.6911394231648067
22/10/2016,-0.4852159720291013,-0.34845574910837745,-0.5684506303106162,-0.3127738259444667,-0.3711116848175948,-0.6643295208820158,0.3173892715080837,0.247511893995372,0.19822101757195745,-0.22618080088855164,0.11516115689730157,0.308173926944923
29/10/2016,-0.4852159720291013,-0.34845574910837745,-0.5684506303106162,-0.15108346435183423,-0.3430835333187707,-0.6483460978898359,-0.10210781838748559,-0.19823301435107896,-0.2281668002047075,0.7899912094053557,0.6014785125493474,0.3665303440162948
05/11/2016,-0.4852159720291013,-0.34845574910837745,-0.5684506303106162,-0.3094165578872854,-0.37768841331124925,-0.6656338010619303,-0.15882679304964029,-0.17781242577440634,-0.1524413617762226,-0.66711653326382,-0.6728355052578894,-0.710819395239374
12/11/2016,-0.4852159720291013,-0.34845574910837745,-0.5684506303106162,-0.3053252634806846,-0.37830085363962973,-0.6650552620844878,-0.1530117055543755,-0.1262096172699788,-0.08431396507839753,-0.5666062048715074,-0.6077492248338316,-0.6641114810888593
19/11/2016,-0.4852159720291013,-0.34845574910837745,-0.5684506303106162,-0.30514476519804046,-0.37873716733762625,-0.6657946965171953,-0.6398601756398381,-0.7258670113705389,-0.7013615643355401,-0.6969051522390569,-0.7105616687511697,-0.7457148528082178
26/11/2016,-0.4852159720291013,-0.34845574910837745,-0.5684506303106162,1.4926301631565682,0.008893528869619341,-0.388541017327508,-0.939361306872135,-0.9948364830573279,-0.9812999915740759,2.817294145020423,2.4574562713223513,2.147603969126031
03/12/2016,-0.4852159720291013,-0.34845574910837745,-0.5684506303106162,-0.24615792642993117,0.02429660327228648,2.1816235249215374,-1.1520356213054188,-1.1951725540927638,-1.1912867422404092,-0.29199064005122416,-0.1697063148964144,-0.09240792163696296
10/12/2016,-0.4852159720291013,-0.34845574910837745,-0.5684506303106162,1.4011175338559823,0.9734430144112736,1.7802612534940065,-1.3481889701728031,-1.3725371543754958,-1.351055593172558,2.774667271888092,2.5399714821952544,2.5253961282584663
17/12/2016,-0.4852159720291013,-0.34845574910837745,-0.5684506303106162,0.9980047026173736,1.9816078582407295,2.4803481891202095,-1.6933755706692533,-1.7237472946588026,-1.7711148316195657,0.8442827292381626,1.2559055033719164,1.5856083359641442
24/12/2016,-0.4852159720291013,-0.34845574910837745,-0.5684506303106162,0.9230377492258354,2.3686141054857046,2.328750437184957,-1.5091841306423361,-1.5398491464006878,-1.5395816718038442,1.405970259695057,1.0414237853060153,0.8208038284722884
31/12/2016,-0.4852159720291013,-0.34845574910837745,-0.5684506303106162,0.8442081325857124,2.107398298236524,2.187990876980962,-1.6279640228879555,-1.6561452882930223,-1.6634005128479044,0.5469247995249079,0.3647901814240203,0.2436834710009111
07/01/2017,-0.2194770837401467,0.000538042018933249,-0.41398523281261856,4.221030170386745,3.344367646446555,2.299378458330191,-1.631492465839776,-1.6875842281981763,-1.635705103472944,0.85824028855471,0.7582454615336424,0.4923863116124739
14/01/2017,-0.4852159720291013,-0.34845574910837745,-0.5684506303106162,-0.18835034310843038,1.1422123550987093,2.1397598967845983,-1.3840528140486907,-1.3626279693006953,-1.3142607939063846,-0.15558347799109437,-0.011347416487267014,0.021759259261195325
21/01/2017,-0.4852159720291013,-0.34845574910837745,-0.5684506303106162,0.2832676030030559,0.6795517143479103,1.8551084499602781,-1.4885286230914838,-1.48439110676955,-1.4535104760417226,1.063554351618324,1.0519610125494432,0.978996684381578
28/01/2017,-0.4852159720291013,-0.34845574910837745,-0.5684506303106162,7.6921324778222395,5.138209371150934,2.2748846927467583,-2.3385262997511185,-2.3850778100183674,-2.3485767253161893,0.3882122519645134,0.5458647282171991,0.6510281913821081
04/02/2017,-0.48351745575485705,-0.34845574910837745,-0.5652509601762284,0.4029138979584437,2.9449564803934027,2.3634182728332345,-1.3607617037546516,-1.383230186696325,-1.3891128936655937,-0.6661253928577984,-0.6682080092520302,-0.6913844170052661
11/02/2017,-0.4852159720291013,-0.34845574910837745,-0.5684506303106162,0.10880999621806045,1.3120224440565953,2.069260300918042,-1.778244222857504,-1.784695090007711,-1.8226930011641185,0.9781005150088186,1.2218082811788002,1.4325580211275712
18/02/2017,-0.4852159720291013,-0.34845574910837745,-0.5684506303106162,-0.291811958720059,0.9915160084154425,1.8808003731893015,-1.4624764147779459,-1.407225403431657,-1.3851619135165212,-0.6943692930534655,-0.710776712211417,-0.7453617951122539
25/02/2017,-0.4852159720291013,-0.34845574910837745,-0.5684506303106162,-0.29980201603177353,0.3716503414130983,1.5566131473680471,-0.8448759778248387,-0.8443739585404485,-0.8579396404151315,0.7018792067502234,0.7554984466767533,0.5839454107445644
04/03/2017,-0.4852159720291013,-0.34845574910837745,-0.5684506303106162,-0.31530080190148474,0.05038736183688743,1.2877979213108772,-0.8317717860388263,-0.8277491462415338,-0.8302552786265905,-0.4762695105408025,-0.4656429117677882,-0.4112958454684784
11/03/2017,-0.4852159720291013,-0.34845574910837745,-0.5684506303106162,0.2292625168359253,-0.294124332950002,0.25355166494454656,-1.1487155680406353,-1.164261416563395,-1.1660723590724784,2.1792386747271797,2.284350146416238,2.2906624842129837
18/03/2017,-0.4852159720291013,-0.34845574910837745,-0.5684506303106162,-0.2889119529789096,-0.33414110394882307,0.7677290369733383,-0.8947660828230495,-0.8623784819857327,-0.8655286429366404,-0.27839698580886846,-0.03890150293919193,0.06591488815993717
25/03/2017,-0.4852159720291013,-0.34845574910837745,-0.5684506303106162,-0.30277422108598057,-0.3539753642568313,0.305161449701476,-0.7015624368237049,-0.674130636328474,-0.6978794148290683,-0.38984626824423735,-0.19278155224454466,-0.024031370255234795
01/04/2017,0.145835407544214,-0.04502391315279596,0.31938019756860736,-0.3006924742261513,-0.3760712506140877,-0.020555994598575433,-0.5687462193869596,-0.5934775472472884,-0.6102247473202662,0.15859281561955427,0.10245513167291508,0.15565416925861356
08/04/2017,-0.47751288155575017,-0.34845574910837745,-0.5539395249984015,-0.3114983047471146,-0.37652357582393736,-0.3936451688977244,-0.4116236736300594,-0.42563748745287305,-0.40546971981528834,0.413568949513473,0.9433853150584396,1.0355512480269937
15/04/2017,-0.35194712215841817,-0.3462540576156723,-0.3195820167819124,-0.3153609679956995,-0.3789613285035694,-0.45031117891904665,-0.3142024838555647,-0.28784509749159587,-0.31687047992186035,-0.3873127735055226,-0.30241803182669086,-0.20882049067809033
22/04/2017,-0.4852159720291013,-0.34845574910837745,-0.5684506303106162,-0.3166124227553656,-0.3791094349882105,-0.5339802389644245,-0.022145804215826573,0.0008496667675766406,0.0123136955890993,-0.6395431786156363,-0.6244639588703373,-0.6257987938978791
29/04/2017,-0.3853867084591454,-0.2852972275160863,-0.4430329951605444,-0.3159144960624749,-0.3776683989214329,-0.5812321531989627,0.07768793638704667,0.10875923532430536,0.06069757795375124,-0.2843236994143447,-0.05397411040465524,0.15075237143000983
06/05/2017,-0.4527228772995013,-0.34845574910837745,-0.5072400394221683,-0.3166124227553656,-0.379117440744137,-0.6247766253472875,0.44874789319111313,0.46230685565914914,0.4390831733902696,-0.6736807078273211,-0.6902843055144358,-0.7053398340781432
13/05/2017,-0.4764746139824731,-0.3437281109503622,-0.5566725358997181,-0.3166124227553656,-0.379117440744137,-0.6493422803894555,0.677156968337366,0.7361397177306875,0.7207848141895412,-0.5577416868565791,-0.49590944480765553,-0.4047365190264452
20/05/2017,-0.4674544545022252,-0.34845574910837745,-0.5349914294575435,-0.3166124227553656,-0.3791014292322839,-0.6589651979373283,0.003252188546425793,-0.031320167472322205,-0.02271451605304102,0.00909681566848671,0.08117388858076893,-0.07956208192260518
27/05/2017,-0.48482455412897973,-0.34803411295310105,-0.5681314575807586,-0.3166124227553656,-0.37910543211024716,-0.6656885739828715,0.40195785339834184,0.3886454677471231,0.36450650678218965,-0.6782077763285835,-0.6997010351026121,-0.7163109543877133
03/06/2017,-0.4852159720291013,-0.34845574910837745,-0.5684506303106162,-0.3166124227553656,-0.379117440744137,-0.6657946965171953,0.9545503837744398,1.0067854478321512,1.0027809521495759,-0.6744041552095953,-0.6762459382746681,-0.678635017012895
10/06/2017,-0.4852159720291013,-0.34845574910837745,-0.5684506303106162,-0.31648005734809326,-0.379117440744137,-0.6652503906153412,0.7790111504150098,0.8424676273973406,0.8660559689967816,-0.6646920345752749,-0.66227789842136,-0.6801438511764004
17/06/2017,-0.4834467018453441,-0.34824527279675244,-0.5653264255317656,-0.3157700974363596,-0.379117440744137,-0.6657946965171953,0.7104738455287087,0.6794968029590042,0.6981584484971604,-0.6402279735812584,-0.6692356357604822,-0.6782788600130795
24/06/2017,-0.4852159720291013,-0.34845574910837745,-0.5684506303106162,-0.3166124227553656,-0.379117440744137,-0.6657946965171953,1.2930186604839975,1.3441278008338724,1.3483858640118551,-0.697491426887631,-0.7137176977839135,-0.7496629329974659
01/07/2017,-0.4852159720291013,-0.34845574910837745,-0.5684506303106162,-0.3166124227553656,-0.379117440744137,-0.6657946965171953,1.589203035281155,1.6514197744362342,1.6378799862707913,-0.6876432168247482,-0.7110920979309696,-0.7479016758044793
08/07/2017,-0.4852159720291013,-0.34845574910837745,-0.5684506303106162,-0.3166124227553656,-0.379117440744137,-0.6657946965171953,1.45789866584544,1.4353783719980855,1.4054987774889578,-0.6965406116399411,-0.7124391845048895,-0.7476964504272495
15/07/2017,-0.48316184918933575,-0.3480497291606772,-0.5649837606905741,-0.3166124227553656,-0.379117440744137,-0.6657946965171953,1.452848234056641,1.512247882821433,1.5333674543206581,-0.6934847139773624,-0.7070409205116606,-0.7398215642447803
22/07/2017,-0.4852159720291013,-0.34845574910837745,-0.5684506303106162,-0.3166124227553656,-0.3790934234763574,-0.6657946965171953,1.4748585847600157,1.5139970378931644,1.5280709687795953,-0.6946697957887408,-0.7135243961592257,-0.7495626766494055
29/07/2017,-0.4852159720291013,-0.34845574910837745,-0.5684506303106162,-0.3166124227553656,-0.379117440744137,-0.6657946965171953,1.2921833478218856,1.3317395294284287,1.3869868278023578,-0.6895975584945594,-0.707681455657036,-0.7352115593972463
05/08/2017,-0.4852159720291013,-0.34845574910837745,-0.5684506303106162,-0.3166124227553656,-0.379117440744137,-0.6657946965171953,1.3719652843860433,1.4604790831513026,1.5082388957992496,-0.6847320330503363,-0.7049078301647942,-0.7385978470790968
12/08/2017,-0.4852159720291013,-0.34845574910837745,-0.5684506303106162,-0.3166124227553656,-0.379117440744137,-0.6657946965171953,1.2613724160411683,1.2612670969745547,1.2894905416661107,-0.6725827776909052,-0.6812723359457906,-0.697585978708345
19/08/2017,-0.4852159720291013,-0.34845574910837745,-0.5684506303106162,-0.3161912600958626,-0.37903738318487157,-0.6657741566718423,1.1814447644473713,1.214744137908648,1.2930662562399455,-0.6836225915587635,-0.7081307014771662,-0.7424386140183568
26/08/2017,-0.4843149755510629,-0.34674442758122337,-0.5684506303106162,-0.3162153265335485,-0.379117440744137,-0.6657946965171953,1.0773774895120976,1.1095667108117402,1.1662595116819732,-0.6879661522045527,-0.7006812316279326,-0.732267947510317
02/09/2017,-0.4852159720291013,-0.34845574910837745,-0.5684506303106162,-0.3166124227553656,-0.379117440744137,-0.6657946965171953,1.2787963826972288,1.2917248600045494,1.2955760851346307,-0.6893267371048004,-0.695876081069686,-0.7249063261006069
09/09/2017,-0.4852159720291013,-0.34845574910837745,-0.5684506303106162,-0.3166124227553656,-0.37908141484246755,-0.6657946965171953,1.435939735765666,1.4676052073734278,1.4555396295865382,-0.6589103014692883,-0.6986772697953965,-0.7419881534016511
16/09/2017,-0.4852159720291013,-0.34845574910837745,-0.5684506303106162,-0.3166124227553656,-0.379117440744137,-0.6657946965171953,0.9907563353103926,1.0286836395709429,1.0470632973048977,-0.6362722308093574,-0.6550464781221986,-0.6991137034626728
23/09/2017,-0.4852159720291013,-0.34845574910837745,-0.5684506303106162,-0.3166124227553656,-0.379117440744137,-0.6657946965171953,0.6567894063301296,0.6836346535063896,0.7329134112183809,-0.650244224315465,-0.643768438798864,-0.6534655264085601
30/09/2017,-0.4852159720291013,-0.34845574910837745,-0.5684506303106162,-0.3166124227553656,-0.37856104070724234,-0.6657707333642835,0.5352453038031851,0.43632329408550163,0.3937969169172474,-0.6136088115441231,-0.6767793616881754,-0.7011355263150242
07/10/2017,-0.4852159720291013,-0.34845574910837745,-0.5684506303106162,-0.2733650342338265,-0.36087632586551066,-0.629938973146004,0.26063219539627297,0.19173943341897326,0.17067208383930374,0.0246691288821558,-0.18710728272542446,-0.22683578209959077
14/10/2017,-0.4852159720291013,-0.34845574910837745,-0.5684506303106162,-0.3106078465527368,-0.37751628955882854,-0.6651237282356645,0.2758691522057969,0.1887670497564123,0.12687087390666726,-0.19767750458180433,-0.19048795248005904,-0.2758156886220497
21/10/2017,-0.4852159720291013,-0.34845574910837745,-0.5684506303106162,-0.316540223442308,-0.379117440744137,-0.6657946965171953,0.25883405048917824,0.2303574413199396,0.2091845297258408,-0.6461583596550359,-0.6674166417748654,-0.6907018275054151
28/10/2017,-0.4514890652164611,-0.28439602958710597,-0.5684506303106162,0.04203766485856673,-0.37326923603979795,-0.6637270187516616,-0.2157137674864241,-0.28714559563960135,-0.28083212364556664,1.1673724328315704,0.7688164731819084,0.6444802327579782
04/11/2017,-0.4852159720291013,-0.34845574910837745,-0.5684506303106162,-0.3107883448353809,-0.37642750675281883,-0.6653462432269884,-0.3288653812983672,-0.3683819357811855,-0.383118815794282,-0.3939435746877413,-0.472692189034022,-0.42947719922000266
11/11/2017,-0.4852159720291013,-0.34845574910837745,-0.5684506303106162,-0.3165763230988368,-0.379117440744137,-0.6657946965171953,-0.20404565141087466,-0.23382610547015,-0.21930028442440036,-0.6906134621329975,-0.7112936596695544,-0.7469200290542761
18/11/2017,-0.4852159720291013,-0.34845574910837745,-0.5684506303106162,0.01570898203020626,-0.33838015171192715,-0.42751537388479394,-0.6807639913726479,-0.7351312479278427,-0.7509242191899822,0.9632022200049489,0.7692655590218714,0.9023915671461932
25/11/2017,-0.18230530003733358,-0.3474896314103006,0.001215215204089999,0.29863402346549484,-0.37271683888086654,-0.2193200780793956,-0.7748288933443418,-0.8299615797582428,-0.8374403221032876,-0.30754876332694586,-0.39832894330849034,-0.42773236151080185
02/12/2017,1.361646065704303,1.4445922790457328,1.13231691503874,0.022784514709857033,0.2625318881343285,0.3560797263315219,-0.869640249636302,-0.8440886463506061,-0.7904605894577276,0.9156482548240781,1.3522596661456547,1.4404921496906118
09/12/2017,-0.4852159720291013,-0.34845574910837745,-0.5684506303106162,-0.3021484937061475,0.0820901553059944,1.173370442849407,-0.8730047368235535,-0.8231446433259084,-0.7586418330344797,-0.6734017633830486,-0.6992369369792638,-0.7429398517255194
16/12/2017,0.5549366039806665,0.600011142047289,0.4502962810919247,-0.18098601317654892,-0.3079142475334709,-0.11806891041186407,-0.46322266428192904,-0.40161112253113046,-0.3698296966040038,-0.6725420033209544,-0.6803668512478275,-0.7001253489383361
23/12/2017,-0.45261544677046334,-0.3418717258387084,-0.5135677389134248,0.09858176020155841,0.5683237443824967,0.9937700350829202,-0.9051765808158408,-0.8779321179930233,-0.8119484557437435,1.33530976338753,1.1036814298436108,1.0444300951254615
30/12/2017,-0.45227712010008014,-0.3282964347667774,-0.5263944607844326,2.8425768190521894,-0.04538549631233661,-0.3481083317501602,-1.1579417963594576,-1.1572366389061357,-1.1301478719124145,1.3495511425978741,1.4738168716117868,1.4046214881307515
06/01/2018,0.16050826173794494,-0.10696102252502103,0.4084505960843441,-0.24282472481043585,-0.029414013238884994,1.0317961354464102,-1.1069576205586928,-1.039142010475422,-0.9405656769031221,-0.49354263501208284,-0.4526875156194737,-0.5134463103018796
13/01/2018,0.7429363641117529,-0.23208478131702467,1.6297289949262925,1.2057943255973227,-0.2084947675597069,0.40082577943299624,-1.3241428815841445,-1.351953171323144,-1.3370704664434743,2.4829735183437167,2.2408701913936855,1.8383124944916558
20/01/2018,1.9581323966480333,1.9719369128550737,1.732955818410582,0.9179356644364273,3.665470510904235,2.2061481002729995,-1.3595971160185363,-1.385584705006587,-1.36164160886345,2.949641976551186,2.8758252373936433,2.68329405790191
27/01/2018,1.7233128981925476,0.5805720258268517,2.6705669466406246,-0.17537853319573724,0.49846151528952637,2.0982043663279537,-1.410603591561354,-1.3781573428383114,-1.3404124997966065,-0.5487827986164857,-0.5773878551307232,-0.6196307605286556
03/02/2018,-0.4852159720291013,-0.34845574910837745,-0.5684506303106162,-0.29749163801392836,-0.08219996494054081,1.2405323138461035,-0.5242956976945334,-0.40623996975167265,-0.37554846170169043,-0.6632226677689167,-0.6671479158885012,-0.6873820583965502
10/02/2018,-0.4852159720291013,-0.34845574910837745,-0.5684506303106162,-0.2988874913997098,-0.3454412284391373,0.5950676736286011,-0.791078527588385,-0.7906576375897186,-0.7654095538257454,0.8609388745196485,0.9063908675255811,0.7106827317748369
17/02/2018,-0.4681262476320319,-0.34845574910837745,-0.5362569554030547,-0.1886872732360328,0.40856488199038427,2.2485560343117923,-1.0391194541097992,-1.0387773049315359,-1.045314268951555,2.339013035204585,2.4829653810139956,2.7309675192012373
24/02/2018,0.10623102797803392,-0.34007943222671244,0.5374113449705334,-0.23988861941275758,-0.352065991468351,0.7023164761392039,-1.0109467223854314,-1.0254562026008844,-1.038813941493718,0.8007638569010954,0.9014051566818482,0.8689054145389159
03/03/2018,-0.06095426997661745,-0.34845574910837745,0.23077485713776974,-0.31092071024265333,-0.37567896857368716,0.08361867772419737,-0.3759142926747114,-0.3476537891319961,-0.34759682263214736,-0.627767769933035,-0.6431250049267796,-0.6827273067091097
10/03/2018,-0.17619546976884495,-0.34845574910837745,0.013683133721532547,-0.29897172393161037,-0.37900536016116537,-0.23785044189534543,-0.7516055148361971,-0.6918244589054292,-0.6507317762712224,-0.3785761428491263,-0.38502541737691204,-0.44757964378525233
17/03/2018,-0.25536749327814107,-0.34845574910837745,-0.13546136547642854,-0.3142298454244628,-0.379117440744137,-0.37508399531374503,-0.10263573431502117,-0.07034708552010457,-0.051636875709184106,-0.6832470810024809,-0.6981452653445879,-0.7345442558211729
24/03/2018,-0.3586023275803168,-0.34845574910837745,-0.3299354609878895,-0.31365225092000154,-0.37876118460540587,-0.4645452917486642,-0.35538301322257343,-0.3304889142210912,-0.29224875507267334,0.6277767729138701,0.7233753952275442,0.5016204084111937
31/03/2018,-0.2619175039249419,-0.19059333102975184,-0.3043692769201137,-0.3143020447375205,-0.3791014292322839,-0.48595465722159054,-0.25561772604645755,-0.19103435373509128,-0.16237214927894436,-0.663839269216507,-0.682067100250375,-0.7262735824142201
07/04/2018,-0.4632564806972181,-0.3408892437175643,-0.5345877832551662,-0.3140854467983475,-0.37537875272644183,-0.5861856792365906,-0.370812545687212,-0.3237670440026785,-0.3534644559184269,0.23736677554205607,0.5150133869305062,1.0120958115091963
14/04/2018,-0.4384338506150161,-0.34845574910837745,-0.4803223274019166,-0.3166124227553656,-0.379117440744137,-0.6230273151847251,0.16103782870996478,0.2031119695579496,0.1693297357830329,-0.6924182674127192,-0.7090979421306006,-0.7441504168401056
21/04/2018,-0.4661521613134933,-0.3388885990091721,-0.5420269277780491,-0.31305058997785434,-0.3778405226738535,-0.6404485273516138,-0.16250515986036965,-0.17426162282453675,-0.1925502658468169,0.5375455087711358,0.42661517555387507,0.6528438914957235
28/04/2018,-0.4344718066702123,-0.3056390130901691,-0.5153245364683444,-0.31129374002678456,-0.3655236671808684,-0.6369019807206653,0.4544376482989611,0.29182421575423423,0.20696989588363288,-0.07615658667453368,0.381230941157414,0.5697999979068076
05/05/2018,-0.047400471179252654,0.3465592923283966,-0.4330129305198626,-0.2888036540093231,-0.379117440744137,-0.647476577769893,0.10200503438040359,0.05044880990879548,0.015674580430037197,1.293204691916612,1.4947565705957617,1.6553439816291444
12/05/2018,-0.4847924192838405,-0.34845574910837745,-0.5676527403581327,-0.30398957618911787,-0.3787892047511488,-0.6654112860706063,0.33427021232422816,0.2664482035891648,0.21942685687871955,-0.2693449497544843,-0.3406745846844514,-0.39312148609220493
19/05/2018,-0.4852159720291013,-0.34845574910837745,-0.5684506303106162,-0.31603482825090434,-0.379117440744137,-0.6657946965171953,1.0863702854241233,1.0337320153633527,0.938892259269059,-0.630025534718,-0.5583412624018351,-0.5071903896284328
26/05/2018,-0.44440086995454836,-0.29739584698786486,-0.5422045623111839,-0.31295432422711084,-0.37740821185382023,-0.663617472909779,0.505973064766613,0.4848238763635787,0.4283984748908678,0.7734254549931123,0.9983433161887755,1.690243560580569
02/06/2018,-0.4852159720291013,-0.34845574910837745,-0.5684506303106162,-0.3133032875735562,-0.3734413597922186,-0.659293835462976,0.7489601094322657,0.7272892510435862,0.6561959650602616,-0.4471756848760932,-0.31755410347415264,-0.17863182307539477
09/06/2018,-0.4852159720291013,-0.34845574910837745,-0.5684506303106162,-0.31421781220561984,-0.37812472700924576,-0.6651305748507822,0.7321176249467779,0.7078852805864887,0.6933737357565022,-0.08247516983423639,0.18322227249628006,0.2345044869744896
16/06/2018,-0.48487803033378696,-0.34781387434836347,-0.5684506303106162,-0.31617922687701966,-0.3788852738222672,-0.6653188567665178,0.7949764997352282,0.7399079565165567,0.7423003307875904,-0.6406438156747547,-0.6751006194670229,-0.6697945708959578
23/06/2018,-0.4852159720291013,-0.34845574910837745,-0.5684506303106162,-0.3166124227553656,-0.379117440744137,-0.6657946965171953,0.955859049781505,0.9857168114801309,1.0338449364487388,-0.6909519465896896,-0.7124897698631758,-0.7491197214599996
30/06/2018,-0.4852159720291013,-0.34845574910837745,-0.5684506303106162,-0.3166124227553656,-0.379117440744137,-0.6657946965171953,1.1035128997503991,1.199890477027119,1.2670746921838232,-0.6926127189460952,-0.7120877933437122,-0.7483066943485599
07/07/2018,-0.4852159720291013,-0.34845574910837745,-0.5684506303106162,-0.3166124227553656,-0.379117440744137,-0.6657946965171953,1.1485588464275942,1.1896788241931322,1.258109771043106,-0.6956298372916607,-0.7136274473146432,-0.7496226236870431
14/07/2018,-0.4852159720291013,-0.34845574910837745,-0.5684506303106162,-0.3166124227553656,-0.3788532507985611,-0.6657946965171953,1.2256043119318456,1.1716406960260237,1.1637524033821085,-0.6872271628255655,-0.7135812111606966,-0.7496521255413704
21/07/2018,-0.4852159720291013,-0.34845574910837745,-0.5684506303106162,-0.3166124227553656,-0.3789333083578265,-0.6657570401340481,1.2342939206809929,1.1709782014412944,1.18143819516511,-0.6675762398584145,-0.7069923223359861,-0.7428985677371567
28/07/2018,-0.4852159720291013,-0.34845574910837745,-0.5684506303106162,-0.3162273597523914,-0.3772601053691792,-0.6655516416805183,1.031580878942938,0.9888928627702532,1.0808747130560237,-0.6489458884157903,-0.7035080053242377,-0.7441906659006621
04/08/2018,-0.4852159720291013,-0.34845574910837745,-0.5684506303106162,-0.3166124227553656,-0.379117440744137,-0.6657946965171953,1.2107372821861238,1.1746164525368359,1.1998153597499226,-0.6832498986621878,-0.7064299945099622,-0.739281401959382
11/08/2018,-0.4852159720291013,-0.34845574910837745,-0.5684506303106162,-0.3166124227553656,-0.379117440744137,-0.6657946965171953,1.1920712290592845,1.151754109953356,1.177681764751702,-0.6868050250302661,-0.713686840518439,-0.7497246871442204
18/08/2018,-0.4852159720291013,-0.34845574910837745,-0.5684506303106162,-0.3166124227553656,-0.379117440744137,-0.6657946965171953,1.18136764687569,1.203704368859396,1.242975692172067,-0.6845378664003213,-0.7044589439820701,-0.7437537944256354
25/08/2018,-0.4852159720291013,-0.34845574910837745,-0.5684506303106162,-0.3166124227553656,-0.379117440744137,-0.6657946965171953,1.1865489362075634,1.2353101607456272,1.3082600725389137,-0.6458734869575321,-0.6788993052210477,-0.7145024569299651
01/09/2018,-0.4852159720291013,-0.34845574910837745,-0.5684506303106162,-0.3166124227553656,-0.379117440744137,-0.6657946965171953,1.2318122838764591,1.2124545934214628,1.2369612994867554,-0.6609549727509019,-0.700899476206713,-0.7419145619192996
08/09/2018,-0.4824977084353655,-0.34329277331676605,-0.5684506303106162,-0.27408702736440316,-0.37875317884947934,-0.6657946965171953,0.9357351989602972,0.8775325130113532,0.8625895907916313,-0.4977080513900921,-0.5027832327338924,-0.4659780147641256
15/09/2018,-0.4852159720291013,-0.34845574910837745,-0.5684506303106162,-0.3166124227553656,-0.3790173687950552,-0.6657844265945189,0.9401838862097778,0.9152330994691974,0.9027894836445796,-0.6179346428227377,-0.6199802393575471,-0.6321302098733427
22/09/2018,-0.4852159720291013,-0.34845574910837745,-0.5684506303106162,-0.3166124227553656,-0.379117440744137,-0.6657946965171953,0.9933855417318849,0.9848331588324467,0.9601327460737328,-0.6769734172418548,-0.6884054733777646,-0.7226037066224669
29/09/2018,-0.4852159720291013,-0.34845574910837745,-0.5684506303106162,-0.31235266328496364,-0.379117440744137,-0.6657946965171953,1.054158519546588,0.9694772351583435,0.8837378809749943,-0.5165280799747725,-0.4112154201888994,-0.23648791117882204
06/10/2018,0.7040923864043963,0.5500547891539721,0.7808234366848475,-0.27389449586291603,-0.3640786282361275,-0.6628027257107774,0.5485893981151184,0.4813335616173646,0.421276359823823,0.05448718036887631,0.03906313761417876,0.19718763138801546
13/10/2018,-0.48174314623966996,-0.34845574910837745,-0.5619085105035397,-0.3014626002320997,-0.379117440744137,-0.6657159604433421,0.4839943445028561,0.4304026862977126,0.35917351269864234,-0.16531248037464702,-0.11614703015366162,0.0073829201022530665
20/10/2018,-0.4852159720291013,-0.34845574910837745,-0.5684506303106162,-0.254087817647431,-0.37005492503529125,-0.6652161575397528,0.24049366081685594,0.11343927189993838,0.05230249919845561,2.028246612752712,2.4254821800443547,2.8509551948633414
27/10/2018,-0.4437813406564708,-0.34845574910837745,-0.4903959454408086,-0.3166124227553656,-0.379117440744137,-0.6189741190350697,-0.24413957524611263,-0.28198213047103066,-0.22499343137609853,-0.6737691179528795,-0.6821476728264493,-0.718975587818578
03/11/2018,-0.48079716034761827,-0.34522141415011814,-0.5633342940185325,-0.30975348801488783,-0.36776127596233693,-0.6631210933137486,-0.4467002616707068,-0.5479537241969021,-0.5863954382959802,-0.06293866303106399,0.31041975266378885,0.3001105548084832
10/11/2018,-0.3649804957480979,-0.20817659547024042,-0.4810804579900236,0.2707891550629235,-0.23334863683365709,-0.3866684680928277,-0.6077786288165486,-0.6896817304713216,-0.725339613010171,0.889185168078509,1.1499253638142433,1.6330204301730704
17/11/2018,0.005365891947630296,-0.15166363342709369,0.16052926967242323,-0.2659525714265733,-0.375130574292719,-0.38455628732902924,-0.49698756908457964,-0.554307783432262,-0.562214990641051,-0.1957455910461535,-0.3352877426779129,-0.28146748883445066
24/11/2018,-0.09871572235207755,-0.04928945856409598,-0.13707537036743456,-0.12275726719554513,-0.3707674373127535,-0.40625663394445616,-0.604879403984415,-0.6440073402499717,-0.642956581365908,0.219525636716009,0.012906585477230871,0.20234004646248024
01/12/2018,-0.4852159720291013,-0.34845574910837745,-0.5684506303106162,0.24979118818198703,-0.2917226061720394,-0.5066964777205449,-0.8487221855304189,-0.8998506623850461,-0.886526136069111,1.3359513871567748,0.6786778197074255,0.7305410197972054
08/12/2018,0.12188359465933132,0.3151501297415379,-0.082963277989576,0.08037550009218486,-0.35910705380574487,0.09179011286712592,-0.9637334722997062,-0.9841676374178695,-0.9478837167233689,1.6132206832587892,1.365999998264278,0.954915111594276
15/12/2018,-0.15863281464175838,-0.3481345317410162,0.04644913137711712,0.3808690410381711,-0.28243192641928716,0.30091654832852627,-1.006065018100041,-1.0244828655150742,-0.9946678203325554,0.9901059909382395,0.6715238981587007,0.7128292315588117
22/12/2018,0.49551119896850365,-0.3311889617296059,1.261920890817667,-0.09650078368024229,-0.3082584950383122,0.38096374897666124,-1.188853349079594,-1.1978429851953496,-1.156054090120417,1.6122245925186287,1.5064579397263673,1.3441923063300163
29/12/2018,1.668162540325214,1.0239619261895005,2.1269175252146297,0.12572870191123905,0.8057464450179946,2.416705478293991,-1.3315614871489052,-1.3503984645812526,-1.3426693982765063,0.809867709169906,0.6420892213421716,0.5862335998216576
05/01/2019,3.398643644662116,3.9949278208306556,2.4401796507191884,2.7863094877425856,3.2400766639914904,2.264381985156266,-1.7040678688249242,-1.782939393357266,-1.7432496521334329,4.895971162656556,5.283016413822422,4.777906617828299
12/01/2019,3.1265166525553902,3.0667157700090524,2.848152790784346,5.379095118612788,5.706217754139101,2.43488666473894,-1.6137420962700428,-1.7121662631504675,-1.666198343121785,1.2260183071035595,0.9713558116915483,0.7438118791910251
19/01/2019,4.673369824181186,5.603346888688334,3.2462721343888585,2.6316705923919184,4.987941332409737,2.410519561535184,-1.4207648432639122,-1.4987207275464227,-1.4743862355674846,-0.6686819771361815,-0.6663292029400177,-0.6846960212514728
26/01/2019,2.5912493644814525,2.4397110135800144,2.461682070032775,-0.16971088712071083,2.7516054661335194,2.164174926294178,-1.2246114528205112,-1.265277277420914,-1.2645774679229411,-0.23211066238575817,-0.2910177702548616,-0.38007572539883305
02/02/2019,2.001346378059521,1.4008174124364239,2.380802512326908,-0.26123554964013945,1.4601609517213316,1.9013641816951965,-1.0744599148833798,-1.0968576154235266,-1.0332656857992748,0.7656359799747393,0.9667477430732978,1.1474737928907754
09/02/2019,1.317798682618107,0.8674903724239735,1.6220905367136722,-0.04496250737591511,1.0330338586504904,2.0321242605198475,-1.4018622074560916,-1.400513395099027,-1.3797689748718347,1.3862602458646616,1.0363566443914072,1.0904824570367435
16/02/2019,1.891961845202149,0.8333771068033685,2.7375346126094913,-0.054913979359029405,1.0429690017553293,1.9797099984865931,-1.4596620320444382,-1.443733970895108,-1.4484018687332467,0.45182267740407556,0.2531569211944269,0.409570640711276
23/02/2019,1.7048543678972645,0.6865224462550218,2.5307123908774165,0.19420975034643082,1.3144441852243742,1.874754812040407,-1.2917543316620652,-1.3349552326473348,-1.354832746895581,3.6839741238155246,3.36223438062962,3.1262958394806595
02/03/2019,0.6530390173740949,0.44976421655329335,0.7841177923034414,-0.23508736509442313,0.8423207409684026,2.129965813858784,-1.2997071168782597,-1.3118346079605225,-1.3134093962429083,0.2978551009728188,0.27722646099421655,0.18466965178475836
09/03/2019,1.5498386802508073,0.48373403412053967,2.439820243128956,-0.12953196940412234,0.43392711676567,1.9436214902014013,-1.015703984455621,-0.9466885885020023,-0.8928232153793484,-0.011524863344094942,-0.07793852835931236,-0.16919516743167892
16/03/2019,0.8831459197853405,0.18159582038882818,1.4835650500719313,-0.20736282888028118,0.24005172549259812,1.6781816453972382,-0.8680531921057891,-0.8562397521015449,-0.879381518002863,0.6805147751546019,0.6407184495579921,0.7742830739542172
23/03/2019,-0.4852159720291013,-0.34845574910837745,-0.5684506303106162,-0.2601766263819604,-0.2961217690536742,0.36256004754038823,-0.9594352689974747,-0.9817875805994076,-1.0028723446836822,0.317238155799584,0.6365289123926859,0.6840745244059608
30/03/2019,-0.4780063665303325,-0.34845574910837745,-0.5548691534976298,-0.25034548658727557,-0.19434059108158033,1.0798080239590089,-1.0233906262944232,-1.0106569718306717,-1.0143646152183037,2.5701088277274824,2.70077537447272,3.010586772547424
06/04/2019,0.2100144400694087,-0.3144171853463889,0.7074668683544972,-0.3142298454244628,-0.2893529024177829,0.4905575171650629,-0.5660134381985418,-0.5693020919514858,-0.5811242687440219,-0.3815047058054702,-0.2601705796046606,-0.12536324679405103
13/04/2019,-0.4852159720291013,-0.34845574910837745,-0.5684506303106162,-0.3034360481223425,-0.3356421831850497,0.21944867504347654,-0.6730730118189242,-0.7055071157871925,-0.7030404381425217,0.8114075068823001,1.0665609928141162,1.0942038490008907
20/04/2019,0.212665094134115,-0.2957079398941737,0.6939042260305708,-0.29530159218451263,0.11993336357075929,1.3781047747128274,-0.8104372817003774,-0.8435306870832923,-0.8701842773845808,1.2025021115038455,1.4105979132739646,1.3034984755537131
27/04/2019,-0.016707298414402726,-0.3384581048455524,0.3042117079359108,-0.31272569306909487,-0.36162486404464234,0.06602972348692591,0.12893978066258974,0.11639229460727946,0.057860560074350156,-0.5219171399651451,-0.39590196664657246,-0.3188420337946045
04/05/2019,-0.25425543065626055,-0.2919636222373393,-0.1893957205776851,-0.31462694164627997,-0.37785653418570664,-0.24205426357758936,-0.20165781010017864,-0.18110559418093247,-0.13408281158003424,-0.5333137403824709,-0.5177120044809983,-0.4959725464531129
11/05/2019,-0.12607445400599698,-0.11963823279315289,-0.11884145692907457,-0.3126294273183513,-0.37898134289338575,-0.41109719083264257,0.7018540458814373,0.7216435747324826,0.7115256902905931,-0.6532301799498966,-0.6322528705677963,-0.6114003177965373
18/05/2019,-0.37616572301434736,-0.34845574910837745,-0.3630214388385967,-0.31578213065520255,-0.379117440744137,-0.5487107313900724,0.9118095569831415,0.8947838873703744,0.8651027185718246,-0.6495826928629462,-0.6294051021040491,-0.6562808673134821
25/05/2019,-0.42775610517310936,-0.34845574910837745,-0.46020755799338287,-0.3166124227553656,-0.379117440744137,-0.6011626498064743,1.0892265770795087,1.1328773667409475,1.144715890156554,-0.6844702697736695,-0.6880385908830161,-0.7175698688339133
01/06/2019,-0.4654328710748687,-0.34845574910837745,-0.5311831644354351,-0.31266552697488015,-0.379117440744137,-0.6282786689799711,1.2178819855463336,1.1946338674962482,1.1556927884255357,-0.5158665714343519,-0.2849832630584251,0.07671197683895124
08/06/2019,-0.4718505299807093,-0.34845574910837745,-0.5432727698428623,-0.3166124227553656,-0.37650756431208426,-0.6522897481976088,0.7987400617437543,0.7832196442315198,0.7570407198735447,-0.48294264578722396,-0.42838426630710147,-0.30963152190112003
15/06/2019,-0.48330942101978386,-0.34845574910837745,-0.5648590637082213,-0.3166124227553656,-0.3786210838766914,-0.6632854120765724,0.6879720069127799,0.6416324788280933,0.6665195591404737,-0.3910915263711061,-0.3963517015868465,-0.4269940848925337
22/06/2019,-0.4852159720291013,-0.34845574910837745,-0.5684506303106162,-0.31435017761289225,-0.379117440744137,-0.665698843905548,1.2131178714516087,1.2666509596355178,1.3132642571095265,-0.6913955285622144,-0.7052560887229679,-0.742309693866239
29/06/2019,-0.4852159720291013,-0.34845574910837745,-0.5684506303106162,-0.3162995590654491,-0.37824481334814386,-0.6655824514485478,1.0573265971760355,1.0289708718655126,1.0330145662232069,-0.693915387014381,-0.7109099524925332,-0.7473354201772604
06/07/2019,-0.4852159720291013,-0.34845574910837745,-0.5684506303106162,-0.3166124227553656,-0.379117440744137,-0.6657946965171953,1.2617270817370998,1.2188535275293568,1.1908543394427464,-0.6924782699805332,-0.7103046502830999,-0.7388689487340288
13/07/2019,-0.4852159720291013,-0.34845574910837745,-0.5684506303106162,-0.31643192447272145,-0.3786210838766914,-0.6655892980636654,1.0097855059434289,0.9386578732330167,0.9659476035005122,-0.6239815574262565,-0.6879768907851205,-0.7246686161772288
20/07/2019,-0.4852159720291013,-0.34845574910837745,-0.5684506303106162,-0.3166124227553656,-0.379117440744137,-0.6657946965171953,1.1549250745103348,1.138212629480517,1.1657413829412038,-0.6968993672176613,-0.7135753604598182,-0.7495419348592486
27/07/2019,-0.4852159720291013,-0.34845574910837745,-0.5684506303106162,-0.3132912543547132,-0.379117440744137,-0.6657946965171953,1.2687995690410345,1.285110541988655,1.308851487795541,-0.6926213476566861,-0.7134020734157578,-0.7497293773172481
03/08/2019,-0.4852159720291013,-0.34845574910837745,-0.5684506303106162,-0.31503607108694004,-0.379117440744137,-0.6657946965171953,1.1634550833250987,1.1548568696541113,1.189630283375021,-0.6790330518335924,-0.6991486369740325,-0.7290119685243677
10/08/2019,-0.4852159720291013,-0.34845574910837745,-0.5684506303106162,-0.3166124227553656,-0.37906140045265124,-0.6657946965171953,1.2711151378708612,1.2668689679150855,1.3157751702992493,-0.6922282883353212,-0.7133537022703547,-0.749472542469121
17/08/2019,-0.4852159720291013,-0.34845574910837745,-0.5684506303106162,-0.31590246284363194,-0.379073409086541,-0.6657946965171953,1.1164557201667422,1.0752354626927991,1.1057093040783665,-0.6651920761078726,-0.7058894002522892,-0.7345884689297124
24/08/2019,-0.4852159720291013,-0.34845574910837745,-0.5684506303106162,-0.3166124227553656,-0.379117440744137,-0.6657946965171953,1.3715986834035834,1.3681719840694833,1.3785497730289946,-0.649366925887595,-0.6248220846767322,-0.6301389686670773
31/08/2019,-0.4852159720291013,-0.34845574910837745,-0.5684506303106162,-0.3166124227553656,-0.379117440744137,-0.6657946965171953,1.0729755099477447,1.0614691919622556,1.1030722236323844,-0.6891587963004437,-0.7099418287021261,-0.745063159985148
07/09/2019,-0.4852159720291013,-0.34845574910837745,-0.5684506303106162,-0.3166124227553656,-0.3787731932392957,-0.6656098379090184,0.9426431209655601,0.8802615369381291,0.862685882762441,-0.6663502040885051,-0.6970582487180274,-0.7343353636751416
14/09/2019,-0.4852159720291013,-0.34845574910837745,-0.5684506303106162,-0.3166124227553656,-0.3782047845685112,-0.6656474942921655,0.9901742844393046,0.9670470321489731,0.9644163857059869,-0.48711386488226205,-0.5086706343788323,-0.5349817304049161
21/09/2019,-0.4852159720291013,-0.34845574910837745,-0.5684506303106162,-0.3166124227553656,-0.379117440744137,-0.6657946965171953,0.8085999433038528,0.8131872746287662,0.821393982577169,-0.6700206718514357,-0.6611934972520978,-0.6915799312202808
28/09/2019,-0.4852159720291013,-0.34845574910837745,-0.5684506303106162,-0.3166124227553656,-0.379117440744137,-0.6657946965171953,0.7841101652642644,0.8196493575935176,0.84838506425607,-0.5813960381334158,-0.6395702737643537,-0.7009447455641517
05/10/2019,-0.4852159720291013,-0.34845574910837745,-0.5684506303106162,-0.3154813001841289,-0.379117440744137,-0.6657946965171953,0.7222696593700578,0.7181578731289167,0.7321611706932071,-0.6789864696982659,-0.7022195428769722,-0.7376259929552698
12/10/2019,-0.4852159720291013,-0.34845574910837745,-0.5684506303106162,-0.3110771420876116,-0.37888927670023054,-0.6657946965171953,0.9388710002370098,0.7711935656652043,0.7102718877385252,-0.2831879946924468,-0.09642565617721753,-0.08082854489061432
19/10/2019,-0.47720366651941404,-0.336924505149759,-0.5647937881341611,-0.26239073864906204,-0.3481311624304555,-0.6539260892107297,0.20145391025059114,0.07403252007604007,0.02287851048627062,0.36963222919355787,0.6895836544166829,0.9971032995059835
26/10/2019,0.3807697443506922,0.4252674090536965,0.29551220022297026,-0.21525662044125213,-0.3636703346838739,-0.6546518304132019,-0.105497534792629,-0.22281812988289854,-0.2712351541788452,0.44221362922116386,0.6316191205159778,1.002734838005503
02/11/2019,-0.23423314459948008,-0.034652773162019264,-0.4068802641835065,-0.2627276687766644,-0.3712517855463093,-0.6621214875065701,0.06725544616624052,-0.10004370151343532,-0.17557329415850245,-0.3401881503032595,-0.4429516676310426,-0.40080236734417474
09/11/2019,-0.4852159720291013,-0.34845574910837745,-0.5684506303106162,-0.31462694164627997,-0.3580783141691842,-0.6603345209608605,0.17382224895698015,-0.04010304013044835,-0.13832201088731755,-0.06484448943771975,0.055303495230177184,0.056459471405532605
16/11/2019,-0.2751280160874891,-0.1271265390204418,-0.392202060422677,-0.29554225656137145,-0.37740821185382023,-0.599632431327677,-0.6447393973915699,-0.6980029143575701,-0.6625666239743009,-0.39706514156996237,-0.318588622163771,-0.3236647702901664
23/11/2019,2.2844620442121766,2.8344039929912,1.4922960985981233,-0.15545152279182273,-0.3539353354771986,-0.6390244314071403,-0.6007875607171731,-0.6636423178900462,-0.6773646485329687,-0.5134340290334395,-0.5779058824135132,-0.6187429387323534
30/11/2019,-0.22825851498744495,-0.25464420529259074,-0.17743629393449187,0.4713468135182636,-0.3336247326915611,-0.5418298831968229,-0.8526273213003421,-0.8704295004583148,-0.8306384055379946,0.6175890448665315,0.4713503013444972,0.3559712131349503
07/12/2019,-0.2039759357950553,-0.34845574910837745,-0.03864979285168585,0.8810057158074337,-0.21521159678207577,0.1464158315833852,-1.0269165335546782,-1.0606226436007262,-1.074273518953466,1.6556907425326317,1.1578344376491916,1.253207746116269
14/12/2019,-0.0007664864541881471,-0.34845574910837745,0.3441567871857494,-0.173513384275081,-0.3757670318888791,0.022906318168337384,-1.0542066401492476,-1.0315195194950937,-0.9592262091815738,-0.5386783486969289,-0.5653722903162349,-0.6154096709517403
21/12/2019,-0.10960323164026349,-0.34845574910837745,0.13912979487694033,0.022255053080767556,-0.23659096798390666,0.002749883261943013,-1.125643455405826,-1.1285067730006701,-1.095856010418817,3.756148899426037,3.370113173254883,2.836191172549885
28/12/2019,1.0913889406398831,0.4996071733265835,1.5604481427827592,0.7680619237475655,0.19455901744002216,0.6264388640977244,-1.4313647216464431,-1.499000664276162,-1.5288009515530991,1.2120882711250973,1.3809077409972366,1.3672470343064478
04/01/2020,2.3751947065827776,1.4260377433288753,3.060045445687754,0.8774198165922364,1.590018315727809,2.3897195448077295,-1.4551319725119032,-1.4590287288396242,-1.479659010796106,1.728036728676835,1.2730427613425603,1.0396767631143953
11/01/2020,3.2692199164979936,2.900116680352781,3.2822117007378226,0.2246658272379209,1.6756799041418105,2.634058121819261,-1.2735841672691561,-1.2574323468296724,-1.2000313610468885,0.06511582412660563,0.35061630084099854,0.5448939317038288
18/01/2020,2.4276713950585016,2.3877012410114995,2.2051170270418656,3.638237315385303,2.288504508806761,1.8938329050657696,-1.5866323293603661,-1.589658634065241,-1.6163927679329135,2.395288871952015,2.1128244635333653,2.344531947884135
25/01/2020,4.1242462637584065,4.632835094083866,3.1743914589590156,1.2952252080380793,3.546785179293247,2.63429433004082,-1.4683163387462301,-1.4333105504914532,-1.391863134295996,0.7442976523199248,0.7448292073165775,0.6583021145960694
01/02/2020,1.9435237206430507,0.6725475323235409,2.994178856606923,-0.25748118536114106,0.9482168774867393,2.728045030846954,-1.2372102842620305,-1.2465470543646975,-1.2592569091920314,0.7492730101203119,0.8490848231624544,0.6646391733203127
08/02/2020,0.8550942851371022,1.0119825410287797,0.6071383009716042,1.2610027336487477,0.02749490276494005,0.033634964057712324,-1.7859205401834557,-1.8158181271987726,-1.8113942698021872,2.0593126357927733,2.3083687071229377,2.350303890769101
15/02/2020,1.3276939970786439,0.515898477123323,1.9894425076583808,-0.18387398569885538,0.42010918203645814,1.8270236347476323,-1.1482831168840109,-1.1406359934008814,-1.1530574081538818,0.1167584167250378,0.4321632291267276,0.505473214846549
22/02/2020,0.8349350325933195,0.043628489855269875,1.5295821368900056,-0.14185398549929654,0.05908161277311222,1.6783528107751795,-1.0443149698636969,-0.9805418291760931,-0.9453234699494584,0.16133173023968128,-0.033614617403629504,-0.17173628449555248
29/02/2020,2.165282887716117,2.0171633193286564,2.078330696833673,-0.21047943256060356,0.5234194593905216,1.9554079381264549,-0.9280925046799566,-0.8906575897008066,-0.8567965851295934,1.4509003818258723,1.4908165648875413,1.4118183936237096
07/03/2020,0.5464899566424897,-0.18330931988423896,1.2112868314724503,-0.3061194559243189,-0.15170994077274325,1.2419050601771948,-0.4382308202032335,-0.3768378692551113,-0.367963723811136,0.38371916933395606,0.6581734758079857,0.7251859787149991
14/03/2020,0.32161570431012687,-0.29103678218249324,0.8945128328938298,0.04041318031476937,-0.19983654252515154,0.4191473214878573,-1.0848173246088406,-1.0566135052426489,-1.0519406955850663,2.4992832192510175,2.6733330590243356,2.7926560240437386
21/03/2020,0.8398550012453779,0.2998887660513239,1.2846897666415038,-0.30394144331374606,-0.0306188795058296,0.977653103095946,-0.8800410470534658,-0.8680376480773238,-0.8945154846329373,-0.17740017230959543,0.07991368283371518,0.23460098696536869
28/03/2020,-0.4852159720291013,-0.34845574910837745,-0.5684506303106162,-0.06928164265750403,-0.36871396091759545,-0.2546623053167623,-0.7076805822992248,-0.7364801032909007,-0.7570285806317344,1.2048606194876708,1.5752831981319777,1.555700759038294
04/04/2020,-0.010399806126092186,-0.2336913599405669,0.21218543630893993,-0.2581069127409741,-0.3644829189104179,-0.2492260929133394,-0.5842636509753429,-0.5363832737569728,-0.5043909198548795,0.17014901316291145,-0.017153021539193503,-0.005764737194219342
11/04/2020,-0.21073919983438796,-0.34813350136893695,-0.05171005784806005,-0.31404934714181865,-0.378689132802067,-0.037480827169433795,-0.45920355231659854,-0.4404375361723805,-0.46905176091624684,0.30827256675545994,0.4489979232932732,0.6104597259904518
18/04/2020,-0.307639645525755,-0.3394822583635152,-0.24283177234083167,-0.3166124227553656,-0.3780887011075763,-0.40448336062898194,0.07021466964514948,0.09173575397462701,0.04104372627724384,-0.46923872051568966,-0.4246820081037797,-0.24742864930107336
25/04/2020,-0.07023088135306883,0.04868388946133774,-0.18058614916548563,-0.31288212491405315,-0.3789933515272756,-0.3299168753825346,-0.44174606648187337,-0.3975644450439002,-0.38963599109412567,0.814771173897729,0.6810466775046273,0.6566927804213606
02/05/2020,0.03869689800543433,-0.14365566248070602,0.21537596235218462,-0.3143020447375205,-0.3789613285035694,-0.5143236069616194,-0.2034016314867879,-0.15455071780153148,-0.13890654711336742,0.10075945334404578,0.10122022690262748,0.07756734926234288
09/05/2020,-0.37442047540940565,-0.34845574910837745,-0.35973373608100706,-0.31563773202908724,-0.379117440744137,-0.5349319184657794,0.43929804618728185,0.48327982809091324,0.4852045617869096,-0.2571232368875133,-0.05963257849522186,-0.04012398710130039
16/05/2020,-0.4579256639409119,-0.34845574910837745,-0.517041064755011,-0.3162754926277632,-0.379117440744137,-0.6093820112552264,1.401074515739714,1.2949312239284763,1.2634582541169763,-0.6843545253516476,-0.7021085666756935,-0.7209102812402591
23/05/2020,-0.3265165591771242,-0.34845574910837745,-0.26949219267463187,-0.2829795760893384,-0.37833287666333587,-0.6054862872532772,0.09222688978442109,0.12361697318654931,0.1863734448451789,0.11460982390904392,0.13803868463903862,0.018718914660351353
30/05/2020,-0.4711624516899809,-0.34845574910837745,-0.5419765658615704,-0.3166124227553656,-0.37864510114447103,-0.650584941033311,0.2657304336649287,0.33419247481290687,0.381693170616369,-0.5879557093552382,-0.5618204981879995,-0.5404972408537821
06/06/2020,-0.4830133511085725,-0.34845574910837745,-0.5643013263070797,-0.3166124227553656,-0.379117440744137,-0.6631724429271311,0.8569652582809554,0.9145841513718057,0.9318522404507642,-0.672465370383729,-0.6661412380114895,-0.664967964456362
13/06/2020,-0.4849194695502509,-0.34845574910837745,-0.5678920780372377,-0.3166124227553656,-0.379117440744137,-0.6657570401340481,0.6371818821217824,0.6415949300238382,0.6500774629654942,-0.618845316204078,-0.6792549961713289,-0.7145390125722532
20/06/2020,-0.4852159720291013,-0.34845574910837745,-0.5684506303106162,-0.3166124227553656,-0.379117440744137,-0.6657775799794011,0.790572837827054,0.8426775784665043,0.8825124843243131,-0.6803323074594729,-0.7036400707769243,-0.7255505190203385
27/06/2020,-0.4852159720291013,-0.34845574910837745,-0.5684506303106162,-0.3166124227553656,-0.379117440744137,-0.6657946965171953,1.1310022418840269,1.1568152662874858,1.157088189395117,-0.6954501845576222,-0.7132838803780893,-0.7481300703755525
04/07/2020,-0.4852159720291013,-0.34845574910837745,-0.5684506303106162,-0.3166124227553656,-0.379117440744137,-0.6657946965171953,1.1587117112081693,1.2360006781898902,1.2862057730225038,-0.6695554462751668,-0.6556342980661733,-0.6466593538549195
11/07/2020,-0.4852159720291013,-0.34845574910837745,-0.5684506303106162,-0.3166124227553656,-0.379117440744137,-0.6657946965171953,1.215914250581968,1.2298594041568602,1.23341934394605,-0.6897171153071929,-0.7081857820901267,-0.745134387554488
18/07/2020,-0.4852159720291013,-0.34845574910837745,-0.5684506303106162,-0.3166124227553656,-0.379117440744137,-0.6657946965171953,1.3544185541464593,1.4325972758631105,1.4674541880892842,-0.696624474876424,-0.7137116994069077,-0.7497760433056541
25/07/2020,-0.4852159720291013,-0.34845574910837745,-0.5684506303106162,-0.31655225666115094,-0.37891329396801016,-0.6656919972904304,1.6678620199657372,1.7663186921715666,1.788567038388696,-0.642331321439836,-0.5616525188468041,-0.5265020064518632
01/08/2020,-0.4852159720291013,-0.34845574910837745,-0.5684506303106162,-0.3166124227553656,-0.379117440744137,-0.6657946965171953,1.317251348769303,1.2982105273755382,1.2914596766545754,-0.6861793968836555,-0.6923209688801795,-0.7166205129804464
08/08/2020,-0.4852159720291013,-0.34845574910837745,-0.5684506303106162,-0.3166124227553656,-0.37855303495131576,-0.6655002920671358,1.0925346337331387,1.0628817152782988,1.0940671007745704,-0.4505086745614203,-0.6060220976978115,-0.6989787122867003
15/08/2020,-0.4852159720291013,-0.34845574910837745,-0.5684506303106162,-0.3166124227553656,-0.379117440744137,-0.6657946965171953,1.1621298225479102,1.1499092936488964,1.1657624208935242,-0.6965714206929923,-0.7136970074488305,-0.7496667888176629
22/08/2020,-0.4852159720291013,-0.34845574910837745,-0.5684506303106162,-0.31648005734809326,-0.379117440744137,-0.6657946965171953,1.1823353138174806,1.1458178728436512,1.1127167559309248,-0.6865622658355971,-0.699378990646855,-0.7309587459065453
29/08/2020,-0.4852159720291013,-0.34845574910837745,-0.5684506303106162,-0.3166124227553656,-0.379117440744137,-0.6657946965171953,1.8773593514837525,1.8602403051792145,1.7952184353511966,-0.517610642942911,-0.4936318236498965,-0.4306552589546712
05/09/2020,-0.4852159720291013,-0.34845574910837745,-0.5684506303106162,-0.3166124227553656,-0.3791094349882105,-0.665739923596254,1.8126615650189037,1.8159685140374642,1.7387489583208744,-0.6619651546235882,-0.6393079971469025,-0.6692390187399074
12/09/2020,-0.4852159720291013,-0.34845574910837745,-0.5684506303106162,-0.3166124227553656,-0.379117440744137,-0.6657946965171953,1.378627760891435,1.3997647185985607,1.3930836019388715,-0.6714825984750707,-0.6911668274455874,-0.7040809850506137
19/09/2020,-0.4852159720291013,-0.34845574910837745,-0.5684506303106162,-0.3166124227553656,-0.37900536016116537,-0.6657946965171953,1.0984858218041642,1.0736951903976582,1.0666056768800711,-0.6732033593734359,-0.693787604866996,-0.7128204533114881
26/09/2020,-0.4852159720291013,-0.34845574910837745,-0.5684506303106162,-0.3166124227553656,-0.3788132220189284,-0.6656372243694891,1.0688311235044494,1.0143118968913414,0.9763429397975897,-0.6646953527466448,-0.7062770207333166,-0.7381258217161414
03/10/2020,-0.4852159720291013,-0.34845574910837745,-0.5684506303106162,-0.3166124227553656,-0.379029377428945,-0.6656406476770479,0.9630093822374146,0.8636357278348986,0.8109409775556641,-0.6459791619254867,-0.6378588700852191,-0.68809949629214
10/10/2020,-0.4852159720291013,-0.34845574910837745,-0.5684506303106162,-0.3166124227553656,-0.379117440744137,-0.6657946965171953,0.7138376407722523,0.7168721474068872,0.724592740074297,-0.649045750963899,-0.6873647451240484,-0.7110650136045775
17/10/2020,-0.4852159720291013,-0.34845574910837745,-0.5684506303106162,-0.3166124227553656,-0.379117440744137,-0.6657946965171953,0.7571829204833899,0.6736246513098347,0.6283901309472585,-0.6759295001145481,-0.6838907042583257,-0.7208960065058403
24/10/2020,-0.4852159720291013,-0.34845574910837745,-0.5684506303106162,-0.3141576461114051,-0.37854502919538924,-0.6657433469038129,0.8071318124844585,0.7181580961937809,0.6481783405790232,-0.6350608505493093,-0.6418357055725517,-0.6048559174026601
31/10/2020,-0.4651463941096481,-0.3378089812896028,-0.5412030323839934,0.527096716417621,-0.34610170330307705,-0.61112789811023,-0.023264121854389825,-0.07154999370804462,-0.11940202586371335,1.7387930422962812,1.6673689529098137,1.9555094642141084
07/11/2020,0.2936964977440216,0.5854518492909832,-0.027388625260645137,-0.2752662828110116,-0.3554964578828743,-0.5214783197595751,-0.21806008475036917,-0.3272320126677321,-0.38071268269978137,0.0762234195990826,0.41676388000421283,0.8559420140173096
14/11/2020,-0.27261701030943025,-0.34781105172987997,-0.1685954732172203,-0.18635282878050177,-0.37172012226801204,-0.4640044091543689,-0.5249340024011716,-0.6205370936385295,-0.6707753885104579,0.2939803044342945,0.3060384333978258,0.6290345796088307
21/11/2020,-0.3443470414643973,-0.34635699427046684,-0.3051628683475083,-0.2737380640179578,-0.3725407122504826,-0.5260415887354964,-0.6636130959947456,-0.669715159922719,-0.6729385701216897,0.3716861407658628,0.12619099144318602,0.2561620180180872
28/11/2020,0.9713208751097187,1.1460242833448029,0.6931428264926659,-0.16073410586387493,-0.3603559517302854,-0.5349832680791617,-0.8158355087483355,-0.8708978228567567,-0.9100907918063855,-0.06261825246841334,-0.14260095738434986,0.0799301612868121
05/12/2020,-0.2650016095307099,-0.34845574910837745,-0.15361014303717385,-0.21624334438637352,-0.37113570208537444,-0.3571903667037377,-0.8336457344185008,-0.8755330478511512,-0.9009045425226107,0.08481469508794501,0.012041875808650362,-0.005948171399860445
12/12/2020,-0.4852159720291013,-0.34845574910837745,-0.5684506303106162,1.926608200727327,-0.1826041528932695,0.09691138097513648,-0.7394661331256795,-0.7564948106997387,-0.7806675582880552,1.853633057515673,1.5569070886974705,2.1586688931942333
19/12/2020,-0.10462856302401805,-0.34845574910837745,0.14850109077868803,-0.07348123603369133,-0.34581349608972156,0.18635213756470262,-1.059205037622741,-1.0655445926780538,-1.0632960040163246,-0.33644533009220456,-0.5215482494197342,-0.5065156055241097
26/12/2020,-0.0679092267786395,-0.34845574910837745,0.21767308831586718,-0.2957227548440156,-0.3749144188827024,-0.08317855977226295,-1.0870720735170751,-1.0813004820010395,-1.0199678340253393,-0.6956361598875598,-0.7123674648762346,-0.7495326514710831
02/01/2021,-0.18065368228363618,-0.34845574910837745,0.00528473939782867,-0.22849316116849006,-0.3708114689703495,-0.22145622199610587,-0.7269748906155054,-0.7862064241770379,-0.8117196304562224,-0.692979583907924,-0.7005698002656598,-0.7245485400649104
09/01/2021,0.37448467126936114,-0.05828981091600402,0.7632675818041108,0.3135672480495878,-0.3177373100553381,-0.20410005267283493,-0.7585250885201603,-0.755794151463601,-0.7669320172192833,0.790142693439073,0.5932452961129463,0.4229969771044254
16/01/2021,4.482250366055945,5.31456454479867,3.172656938824701,1.8684877537159097,3.685284756822427,2.2447972426121963,-1.552910686333482,-1.580307071241682,-1.5770788144404437,4.707994607444426,4.691893460593207,4.425347379788493
23/01/2021,2.9648294554837897,2.2993723145787786,3.3046222268889958,0.07752362722640721,2.380914949466837,2.51992504780785,-1.3938785567989886,-1.391559536234752,-1.3563110606866475,1.3395218019946364,1.5283071190470752,1.4553597745028524
30/01/2021,1.2314955300402062,0.7812515727283853,1.5450446009045102,-0.14160128790359472,0.6564110768422403,2.3098195463846243,-0.8987056702622994,-0.9577077627517062,-0.9680608490535147,0.9886588436026333,1.6448941388792464,1.5598472708869437
06/02/2021,0.7148710698482507,-0.22533182766368184,1.5701618845878762,-0.31633565872197794,-0.21343031608842014,1.049138611539446,-0.7616527824736022,-0.6856345135971242,-0.6274537270497208,-0.6881431702010066,-0.7055301145426798,-0.7402068391170129
13/02/2021,0.7839912818768425,0.09502486240314996,1.3826388847258833,0.3709897683681145,-0.30137354494148594,0.5363031760737157,-1.3787321525539942,-1.333461212448701,-1.300827967771892,2.2832117920698702,2.029294871121827,1.9366574903850633
20/02/2021,3.18423402450431,3.3473664319295673,2.6785297853039256,2.072125916195043,3.475321799014969,2.1699945491441897,-1.3876990869957018,-1.4677134204383127,-1.4827910213262445,-0.6293841290219753,-0.6374778915018336,-0.6735273519240137
27/02/2021,-0.0009513531915236612,-0.23755395185454312,0.2338154051657571,-0.29865886024169386,0.6999543833267031,1.542635782605342,-1.1704688116168913,-1.1533857553942588,-1.1578107509905253,0.6804744234432135,0.6549463390693427,1.0393376312046514
06/03/2021,0.744043099148209,-0.04455894211527728,1.4458245090173514,-0.2882019930671759,-0.09304376134304221,0.9596875850272031,-0.7852963579043994,-0.748390116773839,-0.7290749406764155,0.30227579290117423,0.29471906239928836,0.1915177961709441
13/03/2021,0.16560412112353526,-0.3305608836974291,0.6398180001244979,-0.3106559794281086,-0.2597035853438339,0.6123006038797542,-0.8512273662393072,-0.7522382501378152,-0.6916525055736066,-0.41002995483234866,-0.3772511108788425,-0.45745817086915025
20/03/2021,-0.07590933112444534,-0.3436212277577661,0.19780755744024983,-0.11640372764647092,-0.35035275970007096,0.05467461231428501,-0.632164252994692,-0.6368811434645771,-0.6669495517802699,2.1947133660710563,2.900265695606784,2.69528556466162
27/03/2021,0.2529836941075277,-0.24505310253377577,0.7196167279046876,-0.31126967358909874,0.5649092894798264,1.3399793984301316,-1.169358570416557,-1.1428043850445104,-1.136719114105716,0.4639405878507567,0.40436681170770616,0.32488324683408115
03/04/2021,-0.4852159720291013,-0.34845574910837745,-0.5684506303106162,-0.3166124227553656,-0.2692904780658682,0.24111821189087393,-0.33914886455992,-0.2781119174480171,-0.2634444450487057,-0.4830349410985404,-0.4966549556482902,-0.5898958047332586
10/04/2021,0.028553453930122253,-0.3271795094307399,0.3782878662203242,-0.2840625657852034,-0.14398438630363006,0.551612207476806,-0.8249399139925281,-0.7965206924924655,-0.7961412797651763,0.6138480439337141,0.9752651430138,0.9110893507127004
17/04/2021,-0.305535123481203,-0.34845574910837745,-0.22996730016061195,-0.3164680241292503,-0.37895732562560613,-0.42381820172125695,0.4532870810351024,0.5432160778958889,0.5422891193059122,-0.6602205283300333,-0.6187553886190997,-0.6089954516191797
24/04/2021,-0.4119410598809965,-0.34845574910837745,-0.43041512746887706,-0.3166124227553656,-0.3791014292322839,-0.5454551659016246,0.40802459458369633,0.5042936146740441,0.50477211540711,-0.6453649318512396,-0.6383687406467558,-0.6147443730302902
01/05/2021,-0.4451323429110482,-0.34845574910837745,-0.4929409676057482,-0.3161310940016479,-0.379117440744137,-0.6101727953013163,0.6218569608547728,0.6710234328002549,0.6623743714986788,-0.6982422580507366,-0.7138302776633253,-0.7497878303167576
08/05/2021,-0.46061584725220256,-0.34845574910837745,-0.5221088402763231,-0.3149518385550394,-0.3787811989952222,-0.6399453011404658,0.6684477238294406,0.7599074752237747,0.7777474772318804,-0.6705550249043418,-0.6661089332932428,-0.6833010538173698
15/05/2021,-0.47678656651332213,-0.34845574910837745,-0.5525712905077147,-0.3166124227553656,-0.379117440744137,-0.6567468946392061,0.6877875163080694,0.8596497978978233,0.9120468384997451,-0.6709047620688633,-0.6384665765095596,-0.6267615375443142
22/05/2021,-0.4840300554603243,-0.34845574910837745,-0.5662165970637579,-0.3166124227553656,-0.379117440744137,-0.6648053606326932,0.5653883361776108,0.6000307526131726,0.6243391100580001,-0.6876214845314905,-0.6994915200879986,-0.7379630521110656
29/05/2021,-0.48500419787897037,-0.34845574910837745,-0.5680516895211258,-0.3166124227553656,-0.37910543211024716,-0.6657946965171953,0.5381706532224291,0.599500669869466,0.656735548385505,-0.69414255525634,-0.7070220419339961,-0.737364518639134
05/06/2021,-0.4852159720291013,-0.34845574910837745,-0.5684506303106162,-0.31419374576793396,-0.3790934234763574,-0.6657433469038129,0.6189994382523192,0.6589227135052714,0.6804403526078256,-0.6943270668442425,-0.7092261881660168,-0.7400871751391475
12/06/2021,-0.4852159720291013,-0.34845574910837745,-0.5684506303106162,-0.3166124227553656,-0.379117440744137,-0.6657946965171953,0.6025075212553951,0.6669732655572846,0.7321085843553367,-0.6646589097719618,-0.6868047215377697,-0.6830037783775328
19/06/2021,-0.4852159720291013,-0.34845574910837745,-0.5684506303106162,-0.31578213065520255,-0.37910543211024716,-0.6657946965171953,0.7721069019478008,0.8241684044939617,0.8706942769357422,-0.6773499821485314,-0.6868520279496323,-0.7027259815747007
26/06/2021,-0.4852159720291013,-0.34845574910837745,-0.5684506303106162,-0.3166124227553656,-0.379117440744137,-0.6657946965171953,1.4010994361071958,1.3966496191107578,1.3583520586761628,-0.6887699740072438,-0.6863192966701607,-0.7044364758264355
03/07/2021,-0.4852159720291013,-0.34845574910837745,-0.5684506303106162,-0.3166124227553656,-0.37902137167301847,-0.6657946965171953,1.1699464567031805,1.1725502000102235,1.19525560865785,-0.6875627395064344,-0.7039880410113537,-0.7337206271813382
10/07/2021,-0.4852159720291013,-0.34845574910837745,-0.5684506303106162,-0.3166124227553656,-0.379117440744137,-0.6657946965171953,1.3527511762061162,1.3332504498811997,1.303933822083134,-0.6969047158188251,-0.7113959890119331,-0.7458736308025825
17/07/2021,-0.4852159720291013,-0.34845574910837745,-0.5684506303106162,-0.3162754926277632,-0.379117440744137,-0.6657946965171953,1.3823124071655544,1.4518868664515683,1.513008622925342,-0.6835931370766432,-0.7076567922341378,-0.7435980328503327
24/07/2021,-0.4852159720291013,-0.34845574910837745,-0.5684506303106162,-0.3166124227553656,-0.379073409086541,-0.6657844265945189,1.369763611569306,1.3348708777134637,1.3200070516007527,-0.5282142412315226,-0.5424378753303412,-0.5530914591789833
31/07/2021,-0.4852159720291013,-0.34845574910837745,-0.5684506303106162,-0.3166124227553656,-0.37902137167301847,-0.6657946965171953,1.6298317217229759,1.597428019172239,1.5506568173235955,-0.6929748046507854,-0.6993401275435996,-0.7270186596378275
07/08/2021,-0.4852159720291013,-0.34845574910837745,-0.5684506303106162,-0.3166124227553656,-0.3772000621997301,-0.6649422929350465,1.344952011402179,1.2152629209388315,1.1486520901156838,-0.6342517637914248,-0.6205880303894422,-0.6454438762262731
14/08/2021,-0.4852159720291013,-0.34845574910837745,-0.5684506303106162,-0.3166124227553656,-0.379117440744137,-0.6657946965171953,1.2370567286626668,1.1585944853966361,1.142633399679133,-0.6937998978340938,-0.7096393828066736,-0.746714014917509
21/08/2021,-0.4852159720291013,-0.34845574910837745,-0.5684506303106162,-0.3166124227553656,-0.379117440744137,-0.6657946965171953,1.4971110014270408,1.5067877306330755,1.5001480754886474,-0.686304445423614,-0.6885167051049178,-0.7239914910041066
28/08/2021,-0.4852159720291013,-0.34845574910837745,-0.5684506303106162,-0.3166124227553656,-0.379117440744137,-0.6657946965171953,1.256663241682892,1.329530000726885,1.3876348708601765,-0.6788309644616239,-0.671777025039692,-0.6975209230655304
04/09/2021,-0.4852159720291013,-0.34845574910837745,-0.5684506303106162,-0.3166124227553656,-0.379117440744137,-0.6657946965171953,1.0134922320521702,0.9749662231836014,0.9944892704547533,-0.667657577369906,-0.7028540801264437,-0.7259840221663483
11/09/2021,-0.4852159720291013,-0.34845574910837745,-0.5684506303106162,-0.31649209056693617,-0.3786170809987281,-0.665496868759577,0.7355616025083818,0.6600556827956315,0.6610595316789337,-0.5045147774743491,-0.5825840911922119,-0.594828483281942
18/09/2021,-0.4852159720291013,-0.34845574910837745,-0.5684506303106162,-0.3158182303117314,-0.37880921914096516,-0.6656817273677539,0.8657344761930741,0.782534034214274,0.7349597861281244,-0.34136788420035663,-0.33589497270089214,-0.4203146409560372
25/09/2021,-0.48042849033444623,-0.3393625720709302,-0.5684506303106162,-0.3166124227553656,-0.379117440744137,-0.6657946965171953,0.6638573395753705,0.6000200696874368,0.5813069610237366,-0.6536754608569045,-0.6522599625418269,-0.675261591618338
02/10/2021,-0.4852159720291013,-0.34845574910837745,-0.5684506303106162,-0.3166124227553656,-0.379117440744137,-0.6657946965171953,0.5800446571854745,0.5204357143376102,0.49634429225598053,-0.652388641211829,-0.6820904684975095,-0.7324758235582107
09/10/2021,-0.41607403870606957,-0.21712995393726864,-0.5684506303106162,-0.3119315006254606,-0.379117440744137,-0.665760463441607,0.7783991826301391,0.7653801526386453,0.7180884773483371,-0.6587511236298506,-0.6265230582904507,-0.5978444685447972
16/10/2021,-0.48371383831056464,-0.3460321974577877,-0.5680246006511469,-0.31442237692594993,-0.379117440744137,-0.6657946965171953,0.2175208565072229,0.1371829787005957,0.10354233977679303,-0.5254823071639796,-0.6086115889929821,-0.6420153788390638
23/10/2021,-0.48419946766777267,-0.34845574910837745,-0.5665357362965067,-0.3009331386030102,-0.3754387958958909,-0.6642918644988687,0.2292304134774897,0.15807227358915474,0.08924308396957298,-0.5800307907412693,-0.46501693824061696,-0.3354861489954632
30/10/2021,-0.4852159720291013,-0.34845574910837745,-0.5684506303106162,-0.24796290925637274,-0.3786210838766914,-0.6649628327803995,0.16509836375171988,0.058715896131001206,0.04360522807337415,-0.49783295441180864,-0.3774418899099353,-0.2731995478540592
06/11/2021,-0.4852159720291013,-0.34845574910837745,-0.5684506303106162,-0.3166124227553656,-0.379117440744137,-0.6657946965171953,-0.009906913278880472,-0.11455856583507983,-0.13251006068553522,-0.6929291240032502,-0.7101908993577138,-0.7437895066395603
13/11/2021,-0.4852159720291013,-0.34845574910837745,-0.5684506303106162,-0.2557604350666001,-0.3747903296658409,-0.6655550649880771,-0.09712468629097877,-0.1934013487619774,-0.255888434536588,-0.20983804209855622,-0.21371669480755998,-0.25968189727114144
20/11/2021,-0.3033999616948138,-0.18479391471999906,-0.38826595639374334,-0.29681777775872353,-0.3728209137079116,-0.5594017208963001,-0.6008858196933826,-0.6227176462141856,-0.6466762574632892,0.3425078522209568,0.12250289449843801,0.18172208246464724
27/11/2021,2.0163503251522537,2.032236231715898,1.782821669132049,-0.21430599615265958,-0.3650393189473126,-0.28939518380865725,-0.3624107498838841,-0.3760725955184559,-0.34995931147137926,0.32460605301451184,0.3089006898269655,0.1338835644372731
04/12/2021,-0.20005400542591842,-0.34845574910837745,-0.03126164846851855,-0.14447722720705822,-0.347178477475197,-0.13241599239092297,-0.786805849436193,-0.8139721182750923,-0.771301826895315,0.22960056855195865,0.2503797948959518,0.0905322471516752
11/12/2021,0.5375278625777804,-0.34555466170488147,1.3553200051901768,0.003314766621974396,-0.3668686341765275,0.38522234357984636,-0.7134713656429709,-0.7340294745275239,-0.7303846744522572,0.41354782715275795,0.1860209245050171,0.10354111222227752
18/12/2021,3.1098022836441026,3.678631794103946,2.2097638886058384,2.3050288669002157,0.47050941847200434,1.0326211525680884,-1.293421924906781,-1.312664151119038,-1.326250808566501,3.8156970281081395,3.283243856887105,2.855541344911608
25/12/2021,1.4047476739879083,0.21328097544113897,2.4347344792915506,-0.15512662588306325,0.6940741555986579,2.1768925138752335,-1.3331630290212324,-1.3356670788551757,-1.3200113393630444,-0.6534398869586739,-0.6729581819153112,-0.71018421233831
01/01/2022,0.23336417725823105,-0.2863211259702407,0.7235873183735178,-0.04081104687509956,-0.014451255412177672,1.634466007870972,-1.0873475088372444,-1.0712270416351857,-1.0317216115513477,-0.29381989581082013,-0.27284874721105773,-0.3724988894504534
08/01/2022,0.4735228923013092,-0.293111847782947,1.1827341201792978,-0.13551247916906528,-0.26691276855568513,0.8327889971289132,-1.0960556266351154,-1.1050949164393935,-1.1054043293415097,0.02999594722111881,-0.24726053365859785,-0.2658716795736264
15/01/2022,2.7595945353558764,2.814676398325776,2.4069180888491077,3.053603377900891,2.8970940685865703,2.1998012880589273,-1.999635833885276,-2.041061937182607,-2.050471199950495,2.136304378877547,2.3609627870027374,2.5401509323424016
22/01/2022,4.413315081116692,5.06174386157951,3.2935456502695177,4.776688116897349,5.170472567534898,2.262040442786026,-1.9103747518467533,-1.9819762378713184,-1.9733011411806518,3.1246227243402207,3.304562560665285,2.9705434272312674
29/01/2022,4.660929970593531,5.713329499644413,3.1137564255990458,7.999785783979777,5.425535951354531,2.392988803526413,-1.6087003853477335,-1.6953485544350377,-1.7089407559047933,0.1355836479411224,-0.172256231809761,-0.2642225789017365
05/02/2022,3.3890827707456244,3.4724373316903123,2.9403783393852736,0.9741307964329738,4.491304263506692,2.501740438055342,-1.4166368327227086,-1.4368837565444132,-1.4304302452125626,1.1477239266969024,0.8634100920982067,0.5477511116379068
12/02/2022,1.9653075887635791,1.6520653582376177,2.06372317116706,0.036634749598085097,3.420766575253547,2.2922340154549117,-1.2390213512921098,-1.1782225904879744,-1.1366047073105772,-0.6113834776573285,-0.6540790727992374,-0.7009330495937669
19/02/2022,1.5861806191393304,0.9144677467627528,2.0810767785404387,-0.07438372744691209,1.46669364855739,1.9424746821691927,-0.9790232609416284,-0.9528460909070479,-0.9291368066107814,0.5757977428121493,0.46901041416937056,0.3141124556361183
26/02/2022,0.6533239028388994,0.1079558422483408,1.1236622472316486,0.1999014628591431,0.8059065601365255,1.8065522555458255,-1.0584845846463924,-1.0218176122048712,-0.997520219429924,1.1046501024136388,1.4154147640284485,1.3742933975812186
05/03/2022,2.962604739217958,3.7663775298710958,1.8454459075295482,-0.021786527884405823,0.2343756445406797,1.3101623895927172,-1.1748863899087936,-1.1539582250310028,-1.157756745474738,1.839037763242187,1.9763803796678348,2.0427911139515977
12/03/2022,4.440041765151475,5.1937249943575985,3.2129937093437126,2.8181493848010146,2.343928357086212,1.6523699064036559,-1.9394696149744852,-1.9887377421473393,-1.99962198566233,1.4230150253838965,1.659841375091511,1.7447670606487156
19/03/2022,-0.4852159720291013,-0.34845574910837745,-0.5684506303106162,1.2636139421376666,-0.08396123124438008,-0.3841626069597637,-1.743438836807604,-1.715637390287049,-1.7210236340605258,1.219206974534755,1.1839064143049993,1.4440486510895003
26/03/2022,2.726031781552138,2.780418662347597,2.377669519031838,-0.020583206000111494,2.027088557659416,1.7944645565555946,-0.769575407259344,-0.7613591066472115,-0.7630507600011417,-0.5584119865817462,-0.5905571558220619,-0.6433709345525659
02/04/2022,-0.4722382589920756,-0.34845574910837745,-0.5440031749362468,-0.3103190493005062,0.1796803200505435,0.9103885328724842,0.14657509306048008,0.1949942467626981,0.17124001917975606,-0.6925219461845327,-0.7058456057617701,-0.7430629195037175
09/04/2022,0.028039063939211413,-0.25176583512232714,0.3025230803586599,-0.3166124227553656,-0.23615065140794683,0.23880747928866328,-0.4638566361736767,-0.3653163808810394,-0.30684621488395714,-0.6681349699139695,-0.6946672100660661,-0.7354294485860263
16/04/2022,-0.27457150566057714,-0.3339477466164383,-0.18602707467271482,-0.30603522339241823,-0.3464179306621755,-0.10585797234951543,-0.011741340684897877,0.06416384694002815,0.09939892117878046,-0.6715178051186991,-0.6733464247982657,-0.6651233415043346
23/04/2022,-0.38067625328299814,-0.3471661527391231,-0.37279741965358787,-0.3160588946885902,-0.37507853687919646,-0.3423674449740014,0.46543812036375093,0.5137839738312996,0.46659942318475234,-0.5189137626197001,-0.3395130108854014,-0.2273776990133016
30/04/2022,-0.43260500518078,-0.34845574910837745,-0.46934193060696294,-0.3166124227553656,-0.3789693342594959,-0.5299920856583868,0.08889057183339048,0.07355845214482233,0.07626461911898247,-0.2683333320569776,-0.28197490458974533,-0.31431500928656364
07/05/2022,-0.4443688727530882,-0.34845574910837745,-0.491502740195176,-0.31202776637620416,-0.37874517309355277,-0.5748956109075674,-0.05803735791294922,-0.06691717969545574,-0.10241878629293392,-0.6370808172957476,-0.6211857841451109,-0.623695365982163
14/05/2022,-0.4736418654965701,-0.34491621821073454,-0.5501578231030614,-0.3163597251596638,-0.379117440744137,-0.6167421225067121,0.40592827687831706,0.4253143550192871,0.40398356519137923,-0.5699240804495594,-0.5386359270868917,-0.45819346359694213
21/05/2022,-0.48241725738796615,-0.34845574910837745,-0.5631784031393468,-0.3166124227553656,-0.379117440744137,-0.6428414193352363,0.5624418022929638,0.5368477668313394,0.5156070932558099,-0.5104694841879744,-0.47198723568181644,-0.5305930697144866
28/05/2022,-0.4836898097228603,-0.34845574910837745,-0.5655756411064766,-0.3166124227553656,-0.379117440744137,-0.6599579571293891,1.0097532726515688,1.123648548449691,1.146233918980533,-0.6727501364078834,-0.6510946444990423,-0.6691537463432957
04/06/2022,-0.485131261480378,-0.34845574910837745,-0.5682910523207391,-0.3162273597523914,-0.379117440744137,-0.6651408447734586,0.7998892970902186,0.8514682234570149,0.870611000448273,-0.6893105260508032,-0.6963693349121074,-0.7208910049488201
11/06/2022,-0.4685665862082382,-0.31715538452145736,-0.5681303733809859,-0.3157460309986737,-0.3790493918187614,-0.665455789068871,0.853413177136313,0.8903481834158385,0.9179565329705387,-0.4368729146073038,-0.5011703599160884,-0.5862998122742086
18/06/2022,-0.4852159720291013,-0.34845574910837745,-0.5684506303106162,-0.3166124227553656,-0.379117440744137,-0.6657946965171953,0.9323244836969687,0.9991087215863216,1.0715127086153289,-0.684998300811885,-0.705838015772885,-0.7399299445516083
25/06/2022,-0.4852159720291013,-0.34845574910837745,-0.5684506303106162,-0.31392901495338926,-0.379117440744137,-0.655333068617409,0.8381483391529704,0.7991996308329898,0.7881726559569818,-0.37165102222005314,-0.3298754283781347,-0.34888626001713796
02/07/2022,-0.4852159720291013,-0.34845574910837745,-0.5684506303106162,-0.31481947314776704,-0.379117440744137,-0.6657946965171953,1.0984809781982106,1.096463388858241,1.0943193419720008,-0.6958497472787202,-0.7116509880303925,-0.7474005597893623
09/07/2022,-0.4852159720291013,-0.34845574910837745,-0.5684506303106162,-0.3113539061209993,-0.379117440744137,-0.6657946965171953,1.0586040633522291,1.0879836586633276,1.1389921752848788,-0.6924246079348132,-0.7131680666928728,-0.7493866564751882
16/07/2022,-0.4852159720291013,-0.34845574910837745,-0.5684506303106162,-0.3166124227553656,-0.379117440744137,-0.6657946965171953,1.3034738601191076,1.3203445591454077,1.3571920036158835,-0.6965085953402701,-0.7136603227025508,-0.7495796775570838
23/07/2022,-0.4852159720291013,-0.34845574910837745,-0.5684506303106162,-0.31599872859437556,-0.379117440744137,-0.6657946965171953,1.4161947374881465,1.4063488395443755,1.399529879194823,-0.6969356006835421,-0.7121111659815916,-0.7466680782949564
30/07/2022,-0.4852159720291013,-0.34845574910837745,-0.5684506303106162,-0.3166124227553656,-0.379117440744137,-0.6657946965171953,1.4728621653137928,1.5777992839889576,1.6145656215770365,-0.681961532488911,-0.6783171598781099,-0.692575359106289
06/08/2022,-0.4852159720291013,-0.34845574910837745,-0.5684506303106162,-0.3166124227553656,-0.379117440744137,-0.6657946965171953,1.1760901536107222,1.2505969558119894,1.394815361743443,-0.6814386134520226,-0.7095826071062412,-0.7452355834199348
13/08/2022,-0.4852159720291013,-0.34845574910837745,-0.5684506303106162,-0.3166124227553656,-0.379117440744137,-0.6657946965171953,1.1504844901295515,1.2425471979246445,1.3450969185323343,-0.6864998581507312,-0.7123890306064224,-0.749008728344792
20/08/2022,-0.4852159720291013,-0.34845574910837745,-0.5684506303106162,-0.31633565872197794,-0.3790093630391287,-0.6657946965171953,1.1872992511579583,1.1510306192220867,1.129942527987085,-0.6626352103517213,-0.6743322470181387,-0.7116274191638761
27/08/2022,-0.4852159720291013,-0.34845574910837745,-0.5684506303106162,-0.3166124227553656,-0.379117440744137,-0.6657946965171953,1.7321269451562524,1.782295170204597,1.7271946433727734,-0.6332897564544964,-0.6292727242946486,-0.6063694176329048
03/09/2022,-0.4852159720291013,-0.34845574910837745,-0.5684506303106162,-0.3166124227553656,-0.379073409086541,-0.6657707333642835,1.2473820804579665,1.3003413423989922,1.318482616893122,-0.646880401814791,-0.6495178201952972,-0.6674541855206132
10/09/2022,-0.4852159720291013,-0.34845574910837745,-0.5684506303106162,-0.3166124227553656,-0.37902137167301847,-0.6657946965171953,1.0022734502627417,1.029710905678383,1.0681264026415251,-0.6625725347346044,-0.7059550535966987,-0.7423965559080034
17/09/2022,-0.4852159720291013,-0.34845574910837745,-0.5684506303106162,-0.3166124227553656,-0.37908541772043086,-0.6657946965171953,0.8479751469917265,0.8381835860503798,0.8556551888814679,-0.4426136233324802,-0.44120201608382204,-0.49687327326337694
24/09/2022,-0.4852159720291013,-0.34845574910837745,-0.5684506303106162,-0.3166124227553656,-0.379117440744137,-0.6657946965171953,0.8788598539293476,0.8276560411180385,0.7956388750113264,-0.6975990701008881,-0.7137654436960779,-0.7497785769710779
01/10/2022,-0.4852159720291013,-0.34845574910837745,-0.5684506303106162,-0.3166124227553656,-0.379117440744137,-0.6657946965171953,0.9059830657804194,0.9067423221884382,0.9019912374666897,-0.5887317947661509,-0.6158632840271765,-0.5422710229157855
08/10/2022,-0.4852159720291013,-0.34845574910837745,-0.5684506303106162,-0.3166124227553656,-0.3790573975746879,-0.6657946965171953,0.3894013439661244,0.3483486064883507,0.33614226598209357,-0.5904402377218453,-0.6066453090924702,-0.6088748313237283
15/10/2022,-0.4837742281859768,-0.34636201445570636,-0.567811248621417,-0.3166124227553656,-0.379117440744137,-0.6657946965171953,0.34242986198158676,0.27650779337383186,0.2511435841618276,-0.11000990969060356,-0.06819906685411345,0.029935554233608316
22/10/2022,-0.47513286270003086,-0.33217999447130003,-0.5655984383905625,-0.3092480928234842,-0.37007093654714435,-0.6595813932979178,0.3065317021523705,0.1802088934489572,0.11310833625719757,-0.21546823775249363,-0.21315917725280906,-0.02787383591093143
29/10/2022,-0.4841983091642021,-0.3465228354838104,-0.5684506303106162,-0.3127136598502519,-0.36781731625382275,-0.6369054040282242,0.042625911831131263,-0.0578114045209167,-0.12455762796483892,-0.5034875439090271,-0.40373187545995004,-0.31488795963790955
05/11/2022,-0.4582401190752903,-0.34733179358958605,-0.5187481827487348,-0.2776729265796003,-0.37753230107068164,-0.6390997441734345,-0.30380217050202474,-0.3667941332009888,-0.4204261002098417,0.2760024341798114,-0.05480632468937636,0.07282028387156511
12/11/2022,-0.3875735423645163,-0.22696461353836228,-0.5050072285889926,-0.21860185527959047,-0.35490803482227345,-0.5910570458928065,-0.3604801304236339,-0.46037434274611955,-0.5132149930416785,0.1354244616957787,0.31904831310626103,0.38831118370437134
19/11/2022,-0.4852159720291013,-0.34845574910837745,-0.5684506303106162,0.4741264870709835,-0.3097675800304654,-0.604582534057746,-0.4488453287406093,-0.4960046910726051,-0.48962607327863056,0.648581967265583,0.5091692356720906,0.45828537761572957
26/11/2022,0.46289135822387983,0.3788935002999022,0.49620709350728454,0.14043329533731608,-0.3501846388256136,-0.1711609873417672,-0.6416867689364096,-0.6886535866170774,-0.6773183873809132,0.7240924835502858,0.7653547108465332,0.5802511445385757
03/12/2022,-0.3886515822763269,-0.34845574910837745,-0.38654233857239617,-0.08316797720226088,-0.34575345292027243,-0.3777884082852212,-0.8013540148909979,-0.8258198696511972,-0.8361471679214318,-0.35207221204624356,-0.3902848670603797,-0.19604696012598558
10/12/2022,-0.37003665920375084,-0.34845574910837745,-0.3514754897512095,-0.2829555096516525,-0.37053126751292054,-0.4522795807653742,-0.6946101992391365,-0.6969853108556754,-0.6897115307129872,-0.30547781000499113,-0.197753484720363,-0.08547107676362342
17/12/2022,0.8633958704330443,0.9020623356074867,0.731796433121735,-0.2823177490529765,-0.36719687016951574,-0.24647375363603966,-0.8842934197760377,-0.8604649106399919,-0.8159725987333247,-0.16559163282906897,-0.2622553273902057,-0.18308758201228534
24/12/2022,-0.46546773548982606,-0.3475919206026352,-0.5321055929056817,-0.163922908857255,-0.17771263602215226,1.079506772893832,-1.2024547946292585,-1.1775258238680975,-1.1792012971311765,0.2811710500046069,0.10484245990757383,0.33066103902973654
31/12/2022,0.05082859031753005,-0.34450569867208297,0.43743406415032865,-0.19886737637716304,-0.36106446112978435,0.15364585714763543,-1.1258453396341246,-1.1490714734392573,-1.1548341676482337,-0.4417000394902302,-0.43064204876287837,-0.5289119502976769
07/01/2023,0.2317942358275129,-0.34813370349031825,0.781935977805815,-0.0113537271475738,-0.32753635530942576,0.6985679543622844,-1.2246420282687027,-1.218405701431655,-1.2145537617499302,0.009114024719683715,-0.1334940451828838,-0.05721479645873221
14/01/2023,0.2623906072680124,-0.3439372644759197,0.8354114596901839,-0.1557764197005822,-0.2929514897067636,0.861904227916767,-1.1919365194251605,-1.1785147640724207,-1.142622932485985,0.07198799624169107,0.17668059720313892,0.4411695747111917
21/01/2023,-0.0035952246448513053,-0.34748863586153234,0.33786881232881405,-0.28365343634454326,-0.37236458562009866,0.21452253546631928,-1.0118586752374605,-1.0015651607853981,-1.014221172447789,-0.676729228812596,-0.6762383724846495,-0.6765122942995181
28/01/2023,0.28187331401928534,0.17262198588363184,0.3597861909023738,3.0026787957575536,1.5808397165580284,0.31205256781740204,-1.3144535142567755,-1.3571863065020693,-1.396137039587408,3.2832369530611265,2.9337210655360964,3.036263631143276
04/02/2023,4.170504753776965,5.006262627816318,2.8911654669853073,10.517448029613483,2.8731648641221357,1.3693753404378097,-1.8595853059327152,-1.955409111468321,-1.9849411434312374,5.357544584096378,5.844423023944001,5.81137774639604
11/02/2023,4.375681291975149,5.28137453420287,3.004819862386507,2.105289467326196,5.602503186110746,2.5572151370461915,-1.832402056234624,-1.9137796044058069,-1.9576576845526592,-0.4726554421996912,-0.47832168500943884,-0.4199763938948542
18/02/2023,3.718058439248204,3.926996736444774,3.1092687082942363,0.04807834071772437,4.011319166930857,2.662899488002408,-1.2613259131933134,-1.1939421366319842,-1.174230311308876,-0.5901747242102378,-0.6206515466631508,-0.6773399546384221
25/02/2023,1.6297840239076762,0.9808848810644039,2.097344055436354,-0.2917638258446872,1.306262302667448,1.9613371068183492,-0.5308600473760545,-0.5598211173749541,-0.5998007238622409,-0.6597286562525508,-0.6905276958344745,-0.7281477242257384
04/03/2023,-0.33299769476929825,-0.3184236205297244,-0.3114874377038606,-0.2895015807022138,0.16236787285939608,1.0545029344841332,-0.7444415053556274,-0.7183907558027589,-0.7287317614284958,-0.3137763041356707,-0.29727760959939686,-0.3013101177263443
11/03/2023,0.44265243610233906,-0.23892003701895817,1.0708324674263638,-0.2828833103385949,-0.19784711217740583,0.7679515519646622,-0.6948587332431106,-0.6803207955640466,-0.6985125679531436,0.7904661527037625,0.8753913413604307,1.1838407161086688
18/03/2023,-0.15430781198954627,-0.32150356643068656,0.028183818697490867,-0.26253513727517735,-0.3619490971596673,-0.15813872538797574,-0.8671127336972606,-0.8697453361970187,-0.8827951428229924,1.5468032332645947,1.333645490407195,1.423313131358092
25/03/2023,0.036813590719996285,-0.14637312718359838,0.2145233814721401,-0.2716442839392856,-0.37030310346901407,0.030841545089706573,-0.9134472146802569,-0.907312854116254,-0.8925465804350288,0.22410047326742974,0.5351385988479139,0.7166151841084788
01/04/2023,-0.3059127648772215,-0.34781106861523464,-0.23131810042688916,-0.3166124227553656,-0.34312756497636665,0.06808028471466548,-0.5404927664896572,-0.51430544291094,-0.5058376099511773,-0.6782012475382108,-0.6941590852569955,-0.7161041116440503
08/04/2023,1.1390667933475935,2.0018642656277237,0.16031539250666235,-0.2076275596948259,0.24019582909927586,1.0178016541459107,-0.4214607284720922,-0.4261272572692754,-0.4458769047763218,2.0030647470017686,1.6778157838935417,1.4290702660943768
15/04/2023,0.2903478380628976,-0.1651713963736646,0.7107762163533702,-0.31189540096893176,-0.3527344720882173,-0.026146255842145777,-0.01108004741070022,-0.024748214311731943,-0.0643618113512691,-0.4377852094639037,-0.2738151732430489,-0.08978717295920932
22/04/2023,-0.4116561912391073,-0.34845574910837745,-0.4298784910530252,-0.3143742440505781,-0.3788012133850386,-0.5039235985978922,-0.31942889058992385,-0.2572393255490046,-0.23961101820044153,-0.5365512502630347,-0.5392086193107036,-0.5373902870451276
29/04/2023,-0.16827368176745885,-0.05920554580478205,-0.25827402625745555,-0.3013422680436703,-0.3778485284297801,-0.3301325437587409,-0.1828241640497318,-0.2162502617656082,-0.22589776366615436,0.21062292769181656,0.20018829749521247,0.06404568616518165
06/05/2023,-0.4492006667829917,-0.34845574910837745,-0.5006048885157004,-0.31256926122413664,-0.3778205082840372,-0.5834949594953497,0.07131896577205679,0.09068120139045872,0.07039765638704015,-0.18496668571361488,-0.012045524480016521,0.17609247893714475
13/05/2023,-0.4670541519320947,-0.34845574910837745,-0.5342373382558356,-0.31568586490445893,-0.379117440744137,-0.6231779407173136,0.37511019996214606,0.43321130809945063,0.4826516489217728,-0.671723494080369,-0.695185552796787,-0.727466965319768
20/05/2023,-0.4781436489049824,-0.346366641854987,-0.5571997567252946,-0.3165763230988368,-0.379117440744137,-0.6468158794110386,0.3331376341119118,0.3352966915797498,0.31754796770171656,-0.4708307746718183,-0.4703296879738238,-0.3580650333592905
27/05/2023,-0.4829289439643345,-0.34813475228448815,-0.5644606866261577,-0.23625458732218863,-0.34121819218788635,-0.6351800570185735,0.668826886708397,0.5875514156487133,0.5078041118772918,0.4065316633080995,0.7761453415868979,1.5072494313775988
03/06/2023,-0.18900877086385237,0.1069036503927716,-0.4620830398972005,-0.30645638605192127,-0.37908541772043086,-0.6656577642148421,0.7055262074716631,0.7536740874956187,0.7399578526461318,-0.6150386378618639,-0.5283217322144512,-0.513227189022363
10/06/2023,-0.4852159720291013,-0.34845574910837745,-0.5684506303106162,-0.3161431272204908,-0.3787171529478099,-0.6657707333642835,0.6390335828779105,0.6596975131866488,0.6616676858223447,-0.6645963803551663,-0.646927364208107,-0.6466779061205459
17/06/2023,-0.4852159720291013,-0.34845574910837745,-0.5684506303106162,-0.3166124227553656,-0.3791014292322839,-0.6657946965171953,0.73880478572727,0.7741863207936963,0.8247277390134187,-0.6476741398205375,-0.6968597766316701,-0.7286526349106094
24/06/2023,-0.4852159720291013,-0.34845574910837745,-0.5684506303106162,-0.3159866953755326,-0.379117440744137,-0.6657946965171953,0.9662256628037357,1.0415899737489351,1.0878327197405777,-0.6948620785503229,-0.7135272024203845,-0.7494387656711594
01/07/2023,-0.4852159720291013,-0.34845574910837745,-0.5684506303106162,-0.3166124227553656,-0.379117440744137,-0.6657946965171953,1.0962649512616822,1.1838280021137997,1.2169315720069056,-0.6918884138972187,-0.7135571419372075,-0.7496844530129465
08/07/2023,-0.4852159720291013,-0.34845574910837745,-0.5684506303106162,-0.3166124227553656,-0.379117440744137,-0.6657946965171953,1.3425464705871994,1.3240183984931737,1.2993282256825816,-0.6905476672282477,-0.7109375742268724,-0.7456783796892201
15/07/2023,-0.4852159720291013,-0.34845574910837745,-0.5684506303106162,-0.3166124227553656,-0.379117440744137,-0.6657946965171953,1.5662804800423642,1.5811285647157627,1.5712761831305073,-0.6972496798457075,-0.7137235661473103,-0.7496531237294423
22/07/2023,-0.4852159720291013,-0.34845574910837745,-0.5684506303106162,-0.31564976524793015,-0.379117440744137,-0.6657946965171953,1.6226839298586628,1.6084543882044555,1.5748511932411418,-0.6977896035501915,-0.7136537628908264,-0.7495730683623982
29/07/2023,-0.4852159720291013,-0.34845574910837745,-0.5684506303106162,-0.3166124227553656,-0.379117440744137,-0.6657946965171953,1.335027642470351,1.3520355268719755,1.3814824165306188,-0.6927701775567909,-0.710090789680705,-0.743648137184442
05/08/2023,-0.4852159720291013,-0.34845574910837745,-0.5684506303106162,-0.31611906078280494,-0.379117440744137,-0.6657946965171953,1.3211334024256292,1.4052149564943297,1.4724182695150756,-0.6874512324728308,-0.71074866596282,-0.7480636538214454
12/08/2023,-0.4581617042436368,-0.29706980921718357,-0.5684506303106162,-0.31626345940892026,-0.3750144908317841,-0.6605091096463609,1.8785973560805982,1.9909353771924536,1.992265383973662,-0.6291665586675576,-0.6359782281265962,-0.6465384859642287
19/08/2023,-0.4852159720291013,-0.34845574910837745,-0.5684506303106162,-0.31580619709288843,-0.379117440744137,-0.6657946965171953,1.4674182774054148,1.6183082584335613,1.6797311894937206,-0.6747358520364523,-0.6972353035742797,-0.726042080497524
26/08/2023,-0.4799428292866808,-0.33876287604611394,-0.5681305229981011,-0.31396511460991805,-0.3781687586668418,-0.6653428199194297,1.1766287308168444,1.1254236354837932,1.1352843278606335,-0.5336913986237317,-0.6258191738136848,-0.7022101353298345
02/09/2023,-0.4852159720291013,-0.34845574910837745,-0.5684506303106162,-0.3166124227553656,-0.379117440744137,-0.6657946965171953,1.2283477217319796,1.2521061669966431,1.2891406390003806,-0.6877132369653775,-0.7064661103838004,-0.7368692275620499
09/09/2023,-0.4852159720291013,-0.34845574910837745,-0.5684506303106162,-0.31648005734809326,-0.3773962032199304,-0.665154538003694,1.0656029447730424,0.9701654668596283,0.926601818391486,-0.6251616464848926,-0.6388860031436111,-0.6628497198301416
16/09/2023,-0.4852159720291013,-0.34845574910837745,-0.5684506303106162,-0.3166124227553656,-0.379117440744137,-0.6657946965171953,1.0014827189694706,0.9833649553012116,0.9474545363191279,-0.5827830916947255,-0.6088654848727073,-0.5319006830873919
23/09/2023,-0.4852159720291013,-0.34845574910837745,-0.5684506303106162,-0.3166124227553656,-0.379117440744137,-0.6657946965171953,1.1627016605674498,1.1266450808994717,1.068678136642673,-0.6967070128809899,-0.7138477078315439,-0.7498420040663527
30/09/2023,-0.4852159720291013,-0.34845574910837745,-0.5684506303106162,-0.2821974168645471,-0.3775282981927184,-0.6657775799794011,0.5862112194173833,0.47613094856508875,0.4376124040583584,-0.16420130029192828,-0.2881083777404796,-0.30599338351912225
07/10/2023,-0.4852159720291013,-0.34845574910837745,-0.5684506303106162,-0.13675190070988846,-0.3409860252660166,-0.6529470232489041,0.5826759394380902,0.5417594253620905,0.5052467159450366,-0.27931249469967073,-0.18788296506241906,0.05031831163292282
14/10/2023,-0.4852159720291013,-0.34845574910837745,-0.5684506303106162,-0.018140462574993958,-0.36200914032911635,-0.6569385998625007,0.1913403541090168,0.1218319019841187,0.1057586716907444,1.0949548528650586,0.9024642237280902,0.6144743001453717
21/10/2023,-0.4852159720291013,-0.34845574910837745,-0.5684506303106162,-0.31383274920264564,-0.3778485284297801,-0.6655892980636654,0.683910883867359,0.568598694662215,0.502455494745126,-0.6629528106326488,-0.6559022334912515,-0.6499525396827365
28/10/2023,0.3568571130716992,0.7045692690916372,-0.02654790359007741,-0.2605376229472487,-0.37232855971842926,-0.6579758620528263,0.6578964850804454,0.5237960266120898,0.4409372403607668,-0.42783117132068865,-0.31219953891789665,-0.15597683070012244
04/11/2023,-0.4852159720291013,-0.34845574910837745,-0.5684506303106162,-0.3166124227553656,-0.379117440744137,-0.6657946965171953,0.3607535083980118,0.36336578197808217,0.35682501244826054,-0.687740351161597,-0.7094482043062651,-0.7431788248475911
11/11/2023,-0.48476420614147575,-0.34845574910837745,-0.5675995923545543,-0.3002472451289624,-0.37704394995916257,-0.6599990368200951,0.10434933372267696,0.03676518471051843,0.015263499866849179,0.2811799717931165,0.10735759144788244,0.31031938028385436
18/11/2023,0.1830218816153064,-0.34845574910837745,0.6903778751299874,0.07512901667666147,-0.3382040250815432,-0.1853471738655611,-0.531192829238586,-0.5914559672223152,-0.5854234696529345,3.3792510521031756,3.323545216128757,3.1390476862327796
25/11/2023,-0.28515007057718383,-0.345678552906807,-0.1943203166368767,0.004879085071557045,-0.34416030749089055,0.04834491663800724,-0.6752335570459279,-0.7032453373661933,-0.6720447039730542,0.9376381871808085,1.04248626540995,0.9057511358325867
02/12/2023,-0.2584869064503065,-0.27650104293425304,-0.21270287508337887,-0.2515728749092558,-0.3594152754089167,-0.24226993195379568,-0.4144432818749323,-0.4345717539657253,-0.4158363763114807,0.21328688900924092,0.19682778441212795,0.2943190142275815
09/12/2023,-0.4263901148685186,-0.34845574910837745,-0.4576343012941458,0.6199209665720875,-0.3183577561396452,-0.2124529231163815,-0.745865418596327,-0.7701478370424277,-0.7414192916518128,0.37826494291720714,-0.03331993537388169,-0.033018014511589144
16/12/2023,-0.4852159720291013,-0.34845574910837745,-0.5684506303106162,0.046887052052272955,-0.3534870131453122,-0.31689461342874314,-0.8642195091752618,-0.8545101681497612,-0.7935984342837454,1.1296482222634567,1.0356426639108178,0.5459892400231272
23/12/2023,0.32421911081414867,-0.34845574910837745,0.9563656458546853,0.28195598214917517,-0.32071144838204857,0.592140745665801,-0.7967040893263369,-0.8157323032324869,-0.7856489844915545,1.2784839786428792,0.7428847144696628,0.5445060012077594
30/12/2023,-0.2881483179759294,-0.33748432072168333,-0.2080955176793687,0.031051336054959265,-0.33034237276167877,0.03750672490674969,-0.870291710182533,-0.8697468159502035,-0.8490260292984535,-0.11579048220034739,-0.15053113665673953,-0.3174524429317148
06/01/2024,-0.413988763754048,-0.25997704661230187,-0.5220263555432333,1.0877484487480464,-0.2766958022979197,-0.0546110581938219,-0.8642305817594427,-0.8757795910988053,-0.8575353592361212,2.1293317696346494,1.5131302673324865,1.0294532563321663
13/01/2024,0.8906731814788755,-0.11383901947622316,1.790759139768474,0.17173169754781223,0.14564785160681276,2.1770465627153808,-1.0423455329553875,-1.0429156464903755,-1.0540043101287568,2.0680051179101047,1.7294640099300018,1.6173647891167473
20/01/2024,0.8836023123233175,-0.253177214797792,1.9156355508268932,0.6967290024465962,-0.06049636062368499,1.8664601378253605,-0.9463641201962488,-0.9283863614792809,-0.9446566518959201,2.452177540559297,1.791431370924707,1.5002656753242665
27/01/2024,-0.4761805680784717,-0.34845574910837745,-0.5514297088091,2.401535282020623,1.8486362551788276,1.359149920759583,-1.6186674276062039,-1.6486306495777683,-1.6751811824679979,1.9225288467279364,1.795084137303031,1.8510364309689384
03/02/2024,1.5401077139976127,0.6035878855836225,2.3026171819483094,0.0709053568627883,1.13529938485614,2.5020896154263426,-1.1259778450723208,-1.111780571942692,-1.096497479888685,0.7515891585820471,0.480570259192728,0.3528603793617576
10/02/2024,-0.48410669609930534,-0.34845574910837745,-0.5663609729330661,-0.17655778864234573,0.45352120439588184,2.12362584825983,-0.9895616188466849,-0.9975136355342833,-0.9852066630907386,0.6632201249351837,0.2746021016539203,0.37230252663230723
17/02/2024,2.1138386723701434,1.526208180972543,2.46835245343562,0.21014173209448803,0.021042263488147077,1.8385122549150676,-1.128224435132721,-1.1032160514334037,-1.0983245342440613,0.4644223932505228,0.1556901751607003,0.029300907511958428
24/02/2024,0.765642841035682,-0.24979568532701948,1.6900693163051193,-0.27048909493036305,-0.16437104377056969,1.4444108188198166,-1.0283525191342764,-1.0220470692214167,-1.0063421074665058,-0.53391867736733,-0.34513573034868594,-0.255367933350029
02/03/2024,0.6489605306194687,-0.2882891237417735,1.5084408686395874,0.003820161813378044,-0.27645562962012343,1.170477747962195,-0.8817651302261126,-0.8730058505949229,-0.8840155666994873,0.6179843664621861,0.5761929089203978,0.19819099777736116
09/03/2024,0.2003917415278505,-0.2555345299402112,0.6309393957960706,-0.23076743952980638,-0.3283889683156025,0.8524216659788064,-0.8227664668366054,-0.8008257313651183,-0.7813462932040588,-0.1575453295213848,-0.08768764618554581,-0.21194156071327916
16/03/2024,0.02950294223310575,-0.053007004968960506,0.10815042761801183,0.0008720231968568636,-0.3273962545807113,0.44408269374637915,-0.8338165762108479,-0.842873292218243,-0.8416180608078251,1.7353282099614078,1.870300613885144,1.7569570818384586
23/03/2024,0.023665990011915623,-0.3471661525923211,0.38890373042625176,-0.1807212823620042,-0.36412666277168676,0.32113802607853836,-0.5593439130734494,-0.5705445241427426,-0.5777384561573177,-0.322939113892415,-0.1635382032469331,-0.11469453358299642
30/03/2024,-0.06997422977231336,-0.34716611064755076,0.2125039574761959,-0.3166124227553656,-0.3781087154973927,0.033237860380888024,0.17857804784835063,0.19532363159782148,0.1764485545931638,-0.6139649790058153,-0.5061824004096143,-0.47445455891950605
06/04/2024,-0.4706952542703638,-0.3452042892520302,-0.5443212771433626,-0.2239686708835433,-0.3608843316214372,-0.18004447045693253,-0.486843099689677,-0.498487069760021,-0.5133460801059546,1.276025042177317,1.6579708392011396,1.9297276845987175
13/04/2024,-0.3904032537517884,-0.34781191671543854,-0.3904806998225809,-0.3153369015580136,-0.37856504358520554,-0.3324809327440987,0.0031826541432328397,0.004703284302183481,-0.004960379510958688,-0.5228471138831743,-0.4551157472381523,-0.4310295474857847
20/04/2024,-0.39986512413715203,-0.34845574910837745,-0.40766644290796056,-0.31650412378577913,-0.379117440744137,-0.4636552317833682,0.505200638799584,0.5177213025032175,0.5267528918341993,-0.6573231879252674,-0.6551431811285559,-0.6456285758059451
27/04/2024,-0.13270457988158826,0.0557358951150493,-0.30526851822260376,-0.3026659221163941,-0.3769398751321175,-0.6090225639615492,0.28382137317604944,0.28484214709030137,0.27520790644684107,0.890347598730228,1.8289143043214318,2.400535674274342
04/05/2024,-0.4518487627614373,-0.34845574910837745,-0.5055933797911194,-0.08790906542638062,-0.3789212997239367,-0.5673574876630224,-0.017056816610902567,-0.08385439675576045,-0.09830247112796664,0.0702480409372051,-0.034828207153055915,-0.20296033291989168
11/05/2024,-0.4555186489237074,-0.34845574910837745,-0.512506722529177,-0.3161551604393338,-0.3787811989952222,-0.6237051300813735,0.02946086463542634,0.03138191061829383,0.047752513333204925,0.21850874592158842,0.35640010811131123,0.09032339067356478
18/05/2024,-0.4770060194987917,-0.34131276589449533,-0.5600691542945082,-0.309284192480013,-0.37835289105315223,-0.6477641356048347,0.7431790029064231,0.747244141996514,0.7352642233172121,-0.6699410599811917,-0.6698216522750762,-0.6845148382345146
25/05/2024,-0.4850465153815292,-0.34845574910837745,-0.5681314073614271,-0.3166124227553656,-0.3790453889407981,-0.6632237925405136,0.40430630885743507,0.43952489033389247,0.5100148383144739,-0.5142405108730908,-0.4955948249247195,-0.5114271456926488
01/06/2024,-0.4852159720291013,-0.34845574910837745,-0.5684506303106162,-0.3166124227553656,-0.379117440744137,-0.6657262303660186,1.480623999309242,1.5160992844888026,1.4853699279637465,-0.6672470577472139,-0.6705258980261002,-0.6578176438428057
08/06/2024,-0.4852159720291013,-0.34845574910837745,-0.5684506303106162,-0.3166124227553656,-0.379117440744137,-0.6657946965171953,1.4009417724273079,1.3920589549511937,1.3564130881184917,-0.6055722030320686,-0.5493744013619805,-0.4615945220535307
15/06/2024,-0.4852159720291013,-0.34845574910837745,-0.5684506303106162,-0.3166124227553656,-0.379117440744137,-0.6657946965171953,1.4718929808473902,1.582546762748206,1.6085749335526887,-0.6542854046395739,-0.6037539214527987,-0.5674756062766321
22/06/2024,-0.4852159720291013,-0.34845574910837745,-0.5684506303106162,-0.3166124227553656,-0.37908541772043086,-0.6657946965171953,1.3341181329517362,1.3570592029338266,1.3631053912612896,-0.6366812010026096,-0.6280614035207598,-0.6470028053629614
29/06/2024,-0.4852159720291013,-0.34845574910837745,-0.5684506303106162,-0.3166124227553656,-0.379117440744137,-0.6657946965171953,1.2418689076024956,1.2091309161915527,1.2097576683802787,-0.6429208779702825,-0.6000174282126373,-0.5997580086697357
06/07/2024,-0.4852159720291013,-0.34845574910837745,-0.5684506303106162,-0.31643192447272145,-0.37908141484246755,-0.6657228070584599,1.4098769335860835,1.3588151090771168,1.3401971482880846,-0.6448232822605361,-0.6192087170025846,-0.6262381657296668
13/07/2024,-0.4852159720291013,-0.34845574910837745,-0.5684506303106162,-0.3161912600958626,-0.379117440744137,-0.6657946965171953,1.4068550743530497,1.3527120181050654,1.3441463992165747,-0.648605100543903,-0.6990310069802852,-0.7346327130764461
20/07/2024,-0.4852159720291013,-0.34845574910837745,-0.5684506303106162,-0.31561366559140136,-0.379117440744137,-0.6657946965171953,1.4989356243173888,1.4295181879132683,1.4231582951603308,-0.6926081722731717,-0.7125923970407363,-0.7484296276934517
27/07/2024,-0.4852159720291013,-0.34845574910837745,-0.5684506303106162,-0.3166124227553656,-0.379117440744137,-0.6657946965171953,1.4416495052710165,1.3758011101545167,1.3689003226310237,-0.6920758940572601,-0.7132999010065681,-0.7493691152403683
03/08/2024,-0.4852159720291013,-0.34845574910837745,-0.5684506303106162,-0.3166124227553656,-0.379117440744137,-0.6657946965171953,1.3616825480079344,1.3674992997204956,1.3782828839913308,-0.6971119011182321,-0.7140206983344204,-0.7499999064652677
10/08/2024,-0.4852159720291013,-0.34845574910837745,-0.5684506303106162,-0.3166124227553656,-0.379117440744137,-0.6657946965171953,1.3878662755171562,1.3861869040843426,1.4020980103050973,-0.6887383856450445,-0.7037667796036718,-0.7426764516587668
17/08/2024,-0.4852159720291013,-0.34845574910837745,-0.5684506303106162,-0.3166124227553656,-0.379117440744137,-0.6657946965171953,1.4331430180877414,1.4552836807379577,1.4621300011100347,-0.6741360692937991,-0.6876470872083179,-0.7137066362924049
24/08/2024,-0.4852159720291013,-0.34845574910837745,-0.5684506303106162,-0.3166124227553656,-0.379117440744137,-0.6657946965171953,1.1978493718090744,1.1354845233447195,1.1637828122721467,-0.6444815563375674,-0.6324584765474905,-0.6309560620673518
31/08/2024,-0.4852159720291013,-0.34845574910837745,-0.5684506303106162,-0.3165161570046221,-0.37865310690039755,-0.6657946965171953,1.028638937723286,0.9598063547126204,0.9880778601843149,-0.6104400434820305,-0.6473444210011441,-0.6986237973600729
07/09/2024,-0.4852159720291013,-0.34845574910837745,-0.5684506303106162,-0.3166124227553656,-0.379117440744137,-0.6657946965171953,1.2101796587097466,1.150552886845777,1.1214271187685736,-0.5622575060219811,-0.544811222913141,-0.5457021463092662
14/09/2024,-0.4852159720291013,-0.34845574910837745,-0.5684506303106162,-0.3166124227553656,-0.3789493198696796,-0.6657946965171953,0.7732642312538164,0.6842913725924007,0.7437628765630777,-0.5585808784303129,-0.652512227044122,-0.7113150209568989
21/09/2024,-0.4852159720291013,-0.34845574910837745,-0.5684506303106162,-0.3166124227553656,-0.37869713855799353,-0.6657844265945189,0.803553162780241,0.7532689963267826,0.7327237844450456,-0.41130975921565327,-0.4914515701378404,-0.5475229871951448
28/09/2024,-0.4852159720291013,-0.34845574910837745,-0.5684506303106162,-0.3163476919408209,-0.37906540333061445,-0.6657946965171953,0.7168385486625484,0.7109558436959704,0.7425243684853743,-0.5040914509062098,-0.5529470489206285,-0.5805983624936878
05/10/2024,-0.4852159720291013,-0.34845574910837745,-0.5684506303106162,-0.3166124227553656,-0.379117440744137,-0.6657946965171953,0.8692254985025136,0.8986319148457282,0.8747047701622438,-0.5705147740349087,-0.6236150994593761,-0.6175128031991656
12/10/2024,-0.4852159720291013,-0.34845574910837745,-0.5684506303106162,-0.3166124227553656,-0.3790774119645043,-0.6657946965171953,0.6429351906258391,0.614486444276356,0.6066011446263911,-0.5372110444309255,-0.5475324873225424,-0.5106286825023013
19/10/2024,-0.4852159720291013,-0.34845574910837745,-0.5684506303106162,-0.3166124227553656,-0.379117440744137,-0.6657946965171953,-0.1306593594461814,-0.23809315491825225,-0.26773730723454414,-0.6968122157444406,-0.7129472539208965,-0.747884791819594
26/10/2024,-0.4850463112881565,-0.34813350136893695,-0.5684506303106162,-0.31471117417818056,-0.37632343192577383,-0.6655071386822535,0.049669806714389024,-0.04069865825630901,-0.08420121285177115,-0.578029452635441,-0.5211020548908767,-0.5062309343562711
02/11/2024,-0.48369097322232707,-0.34845574910837745,-0.5655778329103183,-0.30889912947703885,-0.3752586663875437,-0.6591979828513288,-0.11045998579050711,-0.21077992653181374,-0.2670551313575252,-0.18221716284005648,-0.2918529187074564,-0.32770329256188324
09/11/2024,-0.4852159720291013,-0.34845574910837745,-0.5684506303106162,-0.313555985169258,-0.3774842665351224,-0.6464906651929497,-0.20499742295053858,-0.2601449160660798,-0.29356377705398473,-0.3847909772902704,-0.4931001730024438,-0.4844301473961936
16/11/2024,-0.2991046979444551,-0.3481330308997269,-0.21817371905706373,0.8211163856261036,-0.19415645869526987,-0.39755116282235003,-0.49107164935463854,-0.5456648945922944,-0.5777195233145264,0.4614673483758021,0.07275837936159862,-0.11453129513248855
23/11/2024,-0.21154875206869198,-0.2554302210832935,-0.14517881603385382,-0.033530949475118754,-0.2447848591747226,-0.12584324187796822,-1.0676490182345149,-1.0900259761947224,-1.1082613746102563,0.20177022372151676,0.1901974426137365,0.265185526313597
30/11/2024,-0.17372448608465627,-0.34008200658113147,0.010032847545441509,-0.2767463687286937,-0.3525103109222741,-0.15497216589605753,-0.9730250208469648,-0.924040644578579,-0.8954636567456576,-0.6326897049341981,-0.6691528279191744,-0.6988690301958959
07/12/2024,-0.39340637139275314,-0.34845574910837745,-0.3954994248022061,-0.081218595749704,-0.36660444423095156,-0.44887338974433777,-0.6660094262371518,-0.6486661382286072,-0.6182870949631929,-0.5474006922911376,-0.6091083325541763,-0.63349350040124
14/12/2024,-0.39151022401305513,-0.34845574910837745,-0.3919274565889978,-0.18825407735768684,-0.35303468793546255,-0.47795781076416227,-1.109042806137096,-1.0730408888770082,-1.043794244104699,-0.6123736396399032,-0.6658954878816851,-0.7025219541487304
21/12/2024,-0.10300620546731955,-0.3450883256772789,0.14821746013556775,0.19045538606743245,-0.32152803548655584,-0.060355368277539574,-1.0204444171481646,-1.0327043697760008,-1.0408278941418265,0.6555280268144843,0.6643235453111931,0.870005598023699
28/12/2024,1.7769183434436093,0.5524884503999976,2.799402524207061,1.0752579675890714,0.6227068443914977,2.0008420760472543,-1.3268264366202187,-1.2978112408642153,-1.2758494654321482,0.38006973561689006,-0.02559643853259641,0.0665922025683758
04/01/2025,0.5777534084777939,-0.18871640101104614,1.2755437957198164,-0.056526430683983844,-0.05766232302568907,1.2615719621026764,-1.0383713927279987,-0.9763554489861842,-0.9474243689965913,-0.6729120217656419,-0.6801747640346331,-0.7108946730076635
11/01/2025,0.2506416806810217,-0.32347892118499005,0.7929880770318031,-0.08581528534770844,-0.3099597181727024,0.4835157735165484,-0.9548004003357734,-0.9795750884945776,-0.9944776734918911,-0.5342610388248293,-0.5846689992897183,-0.5555397116654802
18/01/2025,0.034403443335152654,-0.3423476159629378,0.40435192169225226,-0.0463463275428536,-0.3331003556783726,0.18047774179374934,-1.1451419484405043,-1.1342512806187286,-1.1233175628515641,-0.2628648584460527,-0.3070338870496176,-0.20257995756677433
25/01/2025,0.016263926000293073,-0.3458681194302971,0.37367230197817974,0.42315377205227467,-0.2763915835727111,0.18076872293625,-1.1527657101175977,-1.1641564273224179,-1.1895817553231836,-0.2529098566978021,-0.038725210656912104,0.17501963049952865
01/02/2025,-0.4852159720291013,-0.34845574910837745,-0.5684506303106162,1.051925556252604,-0.08420140392217636,0.5607318988135306,-1.2949802692976824,-1.241862535260301,-1.2184503633857229,1.763151999626145,1.6843093694692324,1.4621904407199728
08/02/2025,2.7972579907137547,2.8146720036357937,2.4778729789107956,2.165275063258269,2.334081277296565,2.0789585312322085,-1.6779772046261872,-1.7103080010066112,-1.7393895211883712,1.164296278544549,1.208148117759601,1.259833940777116
15/02/2025,2.027990596919663,1.0790579168061225,2.750118153307872,0.01022183423782401,1.632660974670536,2.110425574312979,-1.3224751521779738,-1.34665572533442,-1.3914260194803847,0.9132767979022406,1.144373109725151,1.1178794258454152
22/02/2025,1.601994291135586,1.010127858167651,2.0159902963258105,0.5391058688228787,1.2597528636122015,1.905376298154146,-1.9924099272188223,-1.976350280494229,-2.0362212628759067,-0.5093601595529058,-0.4639187232788651,-0.4292213685849341
01/03/2025,-0.4785876606899343,-0.34845574910837745,-0.5559641972072342,-0.25817911205403177,0.44605583699438134,1.42739355694487,-1.0356139330554253,-1.046351237244033,-1.0697920208428118,-0.25929400347495046,-0.10428849170708579,-0.061369155376791044
08/03/2025,0.21221476146349894,-0.19391204626269343,0.5920940533020853,-0.29297918094782455,-0.17757653817140104,0.4852787769093461,-0.4856266685909625,-0.49200795323971924,-0.5292751489840286,-0.6318132837466832,-0.6081146465210862,-0.5905146962417525
15/03/2025,-0.16504628850124242,-0.3445977313826381,0.030859588383595035,-0.259611065096342,-0.3666524787665108,-0.17927422625619566,-0.44889718888210134,-0.44139462956726266,-0.4753284429939588,1.4150597950246881,1.3722473260869559,1.3760989148332454
22/03/2025,0.9141494621828392,0.3408030418068338,1.3840668516371386,-0.28367750278222914,0.19379847062700067,0.7306888491867917,-0.3933723175127971,-0.35310859851372156,-0.3877549860291478,-0.6552966324807649,-0.6688783578379123,-0.6929626835394418
29/03/2025,-0.389115107927753,-0.32752932782156796,-0.40817049143548584,-0.3069617812433249,-0.37736418019622425,-0.49719679924479004,-0.4119362406392933,-0.4212331926437641,-0.42623369259701105,-0.12950320004960686,0.28607559830842516,0.6048563939414269
05/04/2025,-0.2954591462032548,-0.26835015948073593,-0.29043539257931994,-0.29230532069261966,-0.37873716733762625,-0.5852100365823238,-0.33600542814469886,-0.3326057124397218,-0.36241267470981686,-0.18258232596616403,-0.03603645390776027,-0.1100060006200779
12/04/2025,-0.2548920526941318,-0.2770096850087546,-0.20542640404505969,-0.26225837324178963,-0.30722575252378825,0.035267881763274514,-0.6940578247348772,-0.7162468300747107,-0.7480614221632086,0.5404172467938931,0.9169039561783848,1.1298873966738112
19/04/2025,-0.4328873655802564,-0.34845574910837745,-0.46987384198811255,-0.29912815577656865,-0.3771360161523178,-0.5766620376079239,0.2934174489702989,0.39019542320740225,0.39925052009497763,-0.6594212984528606,-0.6744070598381607,-0.6862446311081917
26/04/2025,-0.4465836306917054,-0.2852200339275954,-0.5583925048812779,-0.2726550743220929,-0.36999888474380543,-0.6452240413961825,-0.04001054049855293,0.022948237942825363,0.020689883953397038,-0.06568648839193833,0.044049996466299604,0.28189392216007114
03/05/2025,-0.44920173547390135,-0.3018349725022718,-0.5468456936174039,-0.3153730012145424,-0.37892930547986325,-0.6643226742668981,0.1679159035897584,0.19314153046825133,0.15438964846571612,-0.2605617233836206,-0.04041362740354809,-0.06377804523047265
10/05/2025,-0.47025000114830556,-0.3258457643713644,-0.5626824198624816,-0.31616719365817675,-0.37754831258253474,-0.66578100328696,0.523344060607591,0.48849413861092816,0.4535201070670069,-0.4477282119493903,-0.328476625171035,-0.22249255215481142
17/05/2025,-0.4852159720291013,-0.34845574910837745,-0.5684506303106162,-0.3162273597523914,-0.379117440744137,-0.6657946965171953,0.8109971288243184,0.94921566361095,0.9714285900565516,-0.6862094173954721,-0.6807026952233879,-0.6890614535700064
24/05/2025,-0.4852159720291013,-0.34845574910837745,-0.5684506303106162,-0.2889841522919673,-0.3787651874833692,-0.6656474942921655,0.6891742991960762,0.7307942155075826,0.7465417013135425,-0.6675947091134393,-0.6859336146809266,-0.6978668121563149
31/05/2025,-0.4852159720291013,-0.34845574910837745,-0.5684506303106162,-0.3166124227553656,-0.379117440744137,-0.6657946965171953,-2.4410338762537163,1.0153693546938038,0.9035327751213774,-0.6706602439599693,-0.688424940652582,-0.6980554623133681
