year,week_of_year,week_start,modis_snow_above_1200,modis_snow_1200_1800,modis_snow_above_1800,modis_snow_above_1200_zscore,modis_snow_1200_1800_zscore,modis_snow_above_1800_zscore,modis_snow_above_1200_smoothed_zscore,modis_snow_1200_1800_smoothed_zscore,modis_snow_above_1800_smoothed_zscore,target_modis_next_week,split
2000,8,2000-02-24,936.058368648729,308.168261614076,627.890107034656,1.2024741930208638,0.7677678917668558,1.4540461110589311,1.2024741930208638,0.7677678917668558,1.4540461110589311,1.4597480559744342,train
2000,9,2000-03-02,1208.98340725841,544.599486616737,664.383920641678,1.7170219189280047,1.644546141214075,1.577227285067832,1.4597480559744342,1.2061570164904654,1.5156366980633815,1.6219680610225347,train
2000,10,2000-03-09,1108.14697738939,461.918741989264,646.228235400123,1.5269142031170646,1.3379340237297939,1.5159446072125233,1.6219680610225347,1.4912400824719345,1.5465859461401776,1.1150260472903035,train
2000,11,2000-03-16,671.201733355113,194.884290371465,476.317442983647,0.7031378914635426,0.3476671965418164,0.9424279253983495,1.1150260472903035,0.8428006101358051,1.2291862663054365,0.5438489100244899,train
2000,12,2000-03-23,502.222456135663,106.733229050607,395.489227085057,0.3845599285854373,0.020769033107834723,0.669600463882586,0.5438489100244899,0.18421811482482556,0.8060141946404678,0.2406108246128971,train
2000,13,2000-03-30,349.516253070548,70.9849958508005,278.531257219749,0.0966617206403569,-0.11179921512335614,0.274820674824471,0.2406108246128971,-0.04551509100776071,0.47221056935352845,0.06662129863612781,train
2000,14,2000-04-06,317.6483313111,35.6294130263634,282.018918284737,0.036580876631898726,-0.24291136419185264,0.2865929217361418,0.06662129863612781,-0.1773552896576044,0.2807067982803064,-0.17112062499888886,train
2000,15,2000-04-13,97.3113732497926,4.62367070244402,92.6877025473487,-0.37882212662967646,-0.3578926255598113,-0.35247543330627235,-0.17112062499888886,-0.30040199487583197,-0.032941255785065265,-0.4477539603248797,train
2000,16,2000-04-20,24.1860928318023,8.45881901479112,15.7272738170112,-0.516685794020083,-0.3436704151743924,-0.6122475707243036,-0.4477539603248797,-0.35078152036710186,-0.48236150201528794,-0.5157731882971226,train
2000,17,2000-04-27,25.154216640863,0.0,25.154216640863,-0.5148605825741622,-0.37503898135297536,-0.5804278793963078,-0.5157731882971226,-0.3593546982636839,-0.5963377250603057,-0.5244052391912282,train
2000,18,2000-05-04,15.0289137988912,0.0,15.0289137988912,-0.533949895808294,-0.37503898135297536,-0.6146048142790398,-0.5244052391912282,-0.37503898135297536,-0.5975163468376739,-0.5403518385792034,train
2000,19,2000-05-11,8.23751082515531,0.0,8.23751082515531,-0.5467537813501127,-0.37503898135297536,-0.6375285076063756,-0.5403518385792034,-0.37503898135297536,-0.6260666609427077,-0.5512283145651862,train
2000,20,2000-05-18,3.49077076977466,0.042895893706934,3.44787487606772,-0.5557028477802596,-0.37487990682044514,-0.65369543895636,-0.5512283145651862,-0.3749594440867102,-0.6456119732813678,-0.5583071908138457,train
2000,21,2000-05-25,0.72799333550947,0.0,0.72799333550947,-0.5609115338474319,-0.37503898135297536,-0.662876123796232,-0.5583071908138457,-0.3749594440867102,-0.6582857813762959,-0.5615626132423673,train
2000,22,2000-06-01,0.0373057275235329,0.0,0.0373057275235329,-0.5622136926373027,-0.37503898135297536,-0.6652074699071447,-0.5615626132423673,-0.37503898135297536,-0.6640417968516883,-0.5622488590283351,train
2000,23,2000-06-08,0.0,0.0,0.0,-0.5622840254193674,-0.37503898135297536,-0.6653333916143988,-0.5622488590283351,-0.37503898135297536,-0.6652704307607717,-0.5622840254193674,train
2000,24,2000-06-15,0.0,0.0,0.0,-0.5622840254193674,-0.37503898135297536,-0.6653333916143988,-0.5622840254193674,-0.37503898135297536,-0.6653333916143988,-0.5622840254193674,train
2000,25,2000-06-22,0.0,0.0,0.0,-0.5622840254193674,-0.37503898135297536,-0.6653333916143988,-0.5622840254193674,-0.37503898135297536,-0.6653333916143988,-0.5622840254193674,train
2000,26,2000-06-29,0.0,0.0,0.0,-0.5622840254193674,-0.37503898135297536,-0.6653333916143988,-0.5622840254193674,-0.37503898135297536,-0.6653333916143988,-0.5622840254193674,train
2000,27,2000-07-06,0.0,0.0,0.0,-0.5622840254193674,-0.37503898135297536,-0.6653333916143988,-0.5622840254193674,-0.37503898135297536,-0.6653333916143988,-0.5622840254193674,train
2000,28,2000-07-13,0.0,0.0,0.0,-0.5622840254193674,-0.37503898135297536,-0.6653333916143988,-0.5622840254193674,-0.37503898135297536,-0.6653333916143988,-0.5622840254193674,train
2000,29,2000-07-20,0.0,0.0,0.0,-0.5622840254193674,-0.37503898135297536,-0.6653333916143988,-0.5622840254193674,-0.37503898135297536,-0.6653333916143988,-0.5622840254193674,train
2000,30,2000-07-27,0.0,0.0,0.0,-0.5622840254193674,-0.37503898135297536,-0.6653333916143988,-0.5622840254193674,-0.37503898135297536,-0.6653333916143988,-0.5622840254193674,train
2000,31,2000-08-03,0.0,0.0,0.0,-0.5622840254193674,-0.37503898135297536,-0.6653333916143988,-0.5622840254193674,-0.37503898135297536,-0.6653333916143988,-0.5622840254193674,train
2000,32,2000-08-10,0.0,0.0,0.0,-0.5622840254193674,-0.37503898135297536,-0.6653333916143988,-0.5622840254193674,-0.37503898135297536,-0.6653333916143988,-0.5622840254193674,train
2000,33,2000-08-17,0.0,0.0,0.0,-0.5622840254193674,-0.37503898135297536,-0.6653333916143988,-0.5622840254193674,-0.37503898135297536,-0.6653333916143988,-0.5620066963817786,train
2000,34,2000-08-24,0.2942002635736,0.25450857650627,0.03969168706733,-0.5617293673441897,-0.3740951653059369,-0.6651994163422061,-0.5620066963817786,-0.37456707332945616,-0.6652664039783025,-0.5620011566267396,train
2000,35,2000-08-31,0.00587676431855326,0.00587676431855326,0.0,-0.5622729459092894,-0.3750171880423347,-0.6653333916143988,-0.5620011566267396,-0.37455617667413577,-0.6652664039783025,-0.5622259664054972,train
2000,36,2000-09-07,0.05571425165286,0.0349672527908768,0.0207469988619832,-0.5621789869017046,-0.3749093092815744,-0.6652633622197046,-0.5622259664054972,-0.3749632486619545,-0.6652983769170517,-0.5622243981219862,train
2000,37,2000-09-14,0.00754045387044083,0.00754045387044083,0.0,-0.5622698093422677,-0.37501101843925916,-0.6653333916143988,-0.5622243981219862,-0.37496016386041675,-0.6652983769170517,-0.5622769173808175,train
2000,38,2000-09-21,0.0,0.0,0.0,-0.5622840254193674,-0.37503898135297536,-0.6653333916143988,-0.5622769173808175,-0.37502499989611726,-0.6653333916143988,-0.5622402297147906,train
2000,39,2000-09-28,0.0464600026810714,0.0134829586939,0.0329770439871713,-0.5621964340102137,-0.3749889813374492,-0.6652220809402822,-0.5622402297147906,-0.37501398134521224,-0.6652777362773405,-0.5622402297147906,train
2000,40,2000-10-05,0.0,0.0,0.0,-0.5622840254193674,-0.37503898135297536,-0.6653333916143988,-0.5622402297147906,-0.37501398134521224,-0.6652777362773405,-0.5605112213169704,train
2000,41,2000-10-12,1.88065209010928,0.843791337221471,1.03686075288781,-0.5587384172145733,-0.37190987735438363,-0.6618335730917356,-0.5605112213169704,-0.37347442935367947,-0.6635834823530672,-0.5393283032264564,train
2000,42,2000-10-19,22.4715743424064,8.59177915658726,13.8797951858191,-0.5199181892383395,-0.34317734764336316,-0.6184835478462674,-0.5393283032264564,-0.3575436124988734,-0.6401585604690014,-0.5225987865290804,train
2000,43,2000-10-26,19.6279037469037,0.326533900525122,19.3013698463786,-0.5252793838198212,-0.37382806760127285,-0.6001835713391224,-0.5225987865290804,-0.358502707622318,-0.6093335595926949,-0.5388580822924289,train
2000,44,2000-11-02,5.22314936431628,0.0,5.22314936431628,-0.5524367807650364,-0.37503898135297536,-0.6477031796105613,-0.5388580822924289,-0.3744335244771241,-0.6239433754748418,-0.5562081932523673,train
2000,45,2000-11-09,1.22230416806894,0.0195689016765416,1.2027352663924,-0.559979605739698,-0.374966412311575,-0.6612736804608453,-0.5562081932523673,-0.37500269683227516,-0.6544884300357033,-0.5602228663883522,train
2000,46,2000-11-16,0.964244833304156,0.0315482453047998,0.932696587999356,-0.5604661270370064,-0.3749219882811374,-0.6621851686870545,-0.5602228663883522,-0.3749442002963562,-0.6617294245739499,-0.5528431471294031,train
2000,47,2000-11-23,9.05096635922505,1.73000819768427,7.32095816154078,-0.5452201672217997,-0.36862344313852047,-0.6406222383510106,-0.5528431471294031,-0.37177271570982895,-0.6514037035190325,-0.356077009571163,train
2000,48,2000-11-30,209.700589340449,0.372649403513488,209.327939936936,-0.1669338519205262,-0.37365705351469414,0.04123188194021283,-0.356077009571163,-0.3711402483266073,-0.29969517820539887,-0.2260599172052174,train
2000,49,2000-12-07,146.977608212844,19.9396936330027,127.037914579841,-0.28518598248990845,-0.3010949002449863,-0.23652976944167392,-0.2260599172052174,-0.3373759768798402,-0.09764894375073055,0.1695115083228716,train
2000,50,2000-12-14,629.33647984917,86.6847859720369,542.651693877134,0.6242089991356518,-0.053578332923758874,1.1663324750858741,0.1695115083228716,-0.17733661658437258,0.4649013528221001,1.200997052058045,train
2000,51,2000-12-21,1241.21325507315,444.503183506615,796.710071566535,1.7777851049804387,1.2733504101254962,2.023880813759789,1.200997052058045,0.6098860386008687,1.5951066444228315,1.3319934375378972,train
2000,52,2000-12-28,768.30198980954,144.170047634883,624.131942174658,0.886201770095356,0.1595992077720535,1.4413608059669887,1.3319934375378972,0.7164748089487749,1.7326208098633888,0.5992306972801056,train
2001,1,2001-01-04,463.873120787201,36.8998850840189,426.973235703182,0.31225962446485556,-0.23819996337467947,0.7758715482326404,0.5992306972801056,-0.039300377801312986,1.1086161770998149,0.16967222228227943,train
2001,2,2001-01-11,312.611458218094,22.6994678127931,289.911990405301,0.027084820099703526,-0.29086059225880967,0.3132351877601267,0.16967222228227943,-0.26453027781674454,0.5445533679963838,0.20237849198469968,train
2001,3,2001-01-18,498.569066262714,69.6773323720465,428.891733890667,0.37767216386969604,-0.11664853608658803,0.7823472446784313,0.20237849198469968,-0.20375456417269885,0.5477912162192793,1.1797013609307276,train
2001,4,2001-01-25,1349.38946076768,441.571664647781,907.817796119906,1.9817305579917595,1.262479206572577,2.398913691916112,1.1797013609307276,0.5729153352429944,1.5906304682972718,1.8217344161133786,train
2001,5,2001-02-01,1179.66000322291,334.765323385257,844.89467983766,1.661738274234998,0.8664000638072161,2.1865230818414703,1.8217344161133786,1.0644396351898966,2.292718386878791,1.7731658851688201,train
2001,6,2001-02-08,1297.86627830724,378.011046973197,919.855231334058,1.8845934961026427,1.0267719005774465,2.439544836079407,1.7731658851688201,0.9465859821923314,2.313033958960439,1.1677966394319728,train
2001,7,2001-02-15,537.463307184419,118.145441881155,419.317865303264,0.450999782761303,0.06308992362377379,0.7500316203070633,1.1677966394319728,0.5449309121006102,1.5947882281932355,1.2297069066406952,train
2001,8,2001-02-22,1363.54283741937,406.394762468752,957.148074950623,2.0084140305200875,1.1320296743115232,2.565423055009503,1.2297069066406952,0.5975597989676485,1.6577273376582835,1.4355861054103696,train
2001,9,2001-03-01,755.867103155267,106.278511287127,649.588591868143,0.8627581803006515,0.01908276411078472,1.527287150342613,1.4355861054103696,0.575556219211154,2.0463551026760585,0.5396496586707802,train
2001,10,2001-03-08,413.102374828146,34.0579070995304,379.044467728616,0.21654113704090885,-0.24873911480097405,0.6140928431764153,0.5396496586707802,-0.11482817534509467,1.0706899967595145,0.054538312583591396,train
2001,11,2001-03-15,241.244158792147,5.93198370379599,235.312175088351,-0.10746451187372606,-0.35304089591605753,0.12893903762806833,0.054538312583591396,-0.3008900053585158,0.37151594040224206,-0.1366033755958034,train
2001,12,2001-03-22,210.332641333316,1.10155336335917,209.231087969957,-0.16574223931788076,-0.3709539962602158,0.04090496792881317,-0.1366033755958034,-0.36199744608813667,0.08492200277844097,-0.2785918328990934,train
2001,13,2001-03-29,90.6178777282873,2.7607197806723,87.857157947615,-0.39144142648030594,-0.36480116671370794,-0.3687804476658311,-0.2785918328990934,-0.36787758148696187,-0.16393773986850874,-0.4347017033853616,train
2001,14,2001-04-05,44.7258752954224,0.0361675360730387,44.6897077593494,-0.4779619802904173,-0.37490485816783103,-0.5144878064642593,-0.4347017033853616,-0.3698530124407695,-0.44163412706504496,-0.4934941599456778,train
2001,15,2001-04-12,28.2488003083318,0.0,28.2488003083318,-0.5090263396009381,-0.37503898135297536,-0.5699824254535544,-0.4934941599456778,-0.3749719197604032,-0.5422351159589066,-0.5187660670059732,train
2001,16,2001-04-19,17.9165596075084,0.0,17.9165596075084,-0.5285057944110081,-0.37503898135297536,-0.604857858133056,-0.5187660670059732,-0.37503898135297536,-0.5874201417933049,-0.532698979415865,train
2001,17,2001-04-26,13.4682834934494,1.86653000600819,11.6017534874412,-0.5368921644207215,-0.3681171675731324,-0.626172847020893,-0.532698979415865,-0.3715780744630539,-0.6155153525769743,-0.5441693142837851,train
2001,18,2001-05-03,5.74843047556453,0.372366659115168,5.37606381644936,-0.5514464641468484,-0.37365810204006805,-0.6471870323550425,-0.5441693142837851,-0.37088763480660025,-0.6366799396879675,-0.5434944167001913,train
2001,19,2001-05-10,14.1842382622133,0.5179312897266,13.6663069724867,-0.5355423692535339,-0.37311829219892934,-0.6192041557015748,-0.5434944167001913,-0.37338819711949867,-0.6331955940283085,-0.5483726218812048,train
2001,20,2001-05-17,0.573461195399609,0.0,0.573461195399609,-0.5612028745088756,-0.37503898135297536,-0.6633977313937778,-0.5483726218812048,-0.3740786367759523,-0.6413009435476761,-0.5617343902228205,train
2001,21,2001-05-24,0.00961088785330293,0.00548946263292396,0.00412142522037896,-0.562265905936765,-0.37501862430649113,-0.6653194801607287,-0.5617343902228205,-0.3750288028297333,-0.664358605777253,-0.5622749656780663,train
2001,22,2001-05-31,0.0,0.0,0.0,-0.5622840254193674,-0.37503898135297536,-0.6653333916143988,-0.5622749656780663,-0.3750288028297333,-0.6653264358875635,-0.5622840254193674,train
2001,23,2001-06-07,0.0,0.0,0.0,-0.5622840254193674,-0.37503898135297536,-0.6653333916143988,-0.5622840254193674,-0.37503898135297536,-0.6653333916143988,-0.5622840254193674,train
2001,24,2001-06-14,0.0,0.0,0.0,-0.5622840254193674,-0.37503898135297536,-0.6653333916143988,-0.5622840254193674,-0.37503898135297536,-0.6653333916143988,-0.5622840254193674,train
2001,25,2001-06-21,0.0,0.0,0.0,-0.5622840254193674,-0.37503898135297536,-0.6653333916143988,-0.5622840254193674,-0.37503898135297536,-0.6653333916143988,-0.5622840254193674,train
2001,26,2001-06-28,0.0,0.0,0.0,-0.5622840254193674,-0.37503898135297536,-0.6653333916143988,-0.5622840254193674,-0.37503898135297536,-0.6653333916143988,-0.5622840254193674,train
2001,27,2001-07-05,0.0,0.0,0.0,-0.5622840254193674,-0.37503898135297536,-0.6653333916143988,-0.5622840254193674,-0.37503898135297536,-0.6653333916143988,-0.5622840254193674,train
2001,28,2001-07-12,0.0,0.0,0.0,-0.5622840254193674,-0.37503898135297536,-0.6653333916143988,-0.5622840254193674,-0.37503898135297536,-0.6653333916143988,-0.5622784805537975,train
2001,29,2001-07-19,0.00588218574715498,0.00588218574715498,0.0,-0.5622729356882273,-0.37501716793758466,-0.6653333916143988,-0.5622784805537975,-0.37502807464528,-0.6653333916143988,-0.5622784805537975,train
2001,30,2001-07-26,0.0,0.0,0.0,-0.5622840254193674,-0.37503898135297536,-0.6653333916143988,-0.5622784805537975,-0.37502807464528,-0.6653333916143988,-0.5622840254193674,train
2001,31,2001-08-02,0.0,0.0,0.0,-0.5622840254193674,-0.37503898135297536,-0.6653333916143988,-0.5622840254193674,-0.37503898135297536,-0.6653333916143988,-0.5622840254193674,train
2001,32,2001-08-09,0.0,0.0,0.0,-0.5622840254193674,-0.37503898135297536,-0.6653333916143988,-0.5622840254193674,-0.37503898135297536,-0.6653333916143988,-0.5621814072793305,train
2001,33,2001-08-16,0.1088608827578,0.0738252180064488,0.035035664751352,-0.5620787891392935,-0.3747652089466106,-0.6652151322742617,-0.5621814072793305,-0.374902095149793,-0.6652742619443299,-0.5621494127149416,train
2001,34,2001-08-23,0.0339409437901651,0.0274449514162596,0.00649599237390546,-0.5622200362905893,-0.37493720487882887,-0.6653114650496503,-0.5621494127149416,-0.3748512069127197,-0.6652632986619558,-0.5622319602658157,train
2001,35,2001-08-30,0.0212915772293216,0.0141942016052689,0.00709737562405265,-0.562243884241042,-0.37498634377418,-0.6653094351413601,-0.5622319602658157,-0.37496177432650446,-0.6653104500955049,-0.5622561578804119,train
2001,36,2001-09-06,0.00827127481512259,0.0,0.00827127481512259,-0.5622684315197818,-0.37503898135297536,-0.6653054727634602,-0.5622561578804119,-0.3750126625635777,-0.66530745395241,-0.5622697604806504,train
2001,37,2001-09-13,0.00686146702452003,0.00686146702452003,0.0,-0.5622710894415186,-0.37501353638458623,-0.6653333916143988,-0.5622697604806504,-0.3750262588687808,-0.6653194321889293,-0.562277557430443,train
2001,38,2001-09-20,0.0,0.0,0.0,-0.5622840254193674,-0.37503898135297536,-0.6653333916143988,-0.562277557430443,-0.3750262588687808,-0.6653333916143988,-0.5613523578706825,train
2001,39,2001-09-27,0.988345255041119,0.385761424051397,0.602583830989721,-0.5604206903219973,-0.37360842908103986,-0.6632994308850709,-0.5613523578706825,-0.37432370521700764,-0.6643164112497346,-0.5613495731013347,train
2001,40,2001-10-04,0.00295417992722205,0.00295417992722205,0.0,-0.562278455880672,-0.3750280261134333,-0.6653333916143988,-0.5613495731013347,-0.37431822759723654,-0.6643164112497346,-0.5620812969743969,train
2001,41,2001-10-11,0.212107187114515,0.178148805366562,0.033958381747953,-0.5618841380681214,-0.3743783368137076,-0.6652187685339994,-0.5620812969743969,-0.3747031814635704,-0.6652760800741988,-0.5612729848762253,train
2001,42,2001-10-18,0.860439693882989,0.656910170841513,0.203529523041475,-0.560661831684329,-0.3726029048591535,-0.664646398310172,-0.5612729848762253,-0.37349062083643053,-0.6649325834220855,-0.4799944497122073,train
2001,43,2001-10-25,86.4351968282928,24.6141626985917,61.8210341297011,-0.39932706774008536,-0.28376016451210595,-0.45666274829539966,-0.4799944497122073,-0.3281815346856297,-0.5606545733027857,-0.44980051122680864,train
2001,44,2001-11-01,32.8912170620175,0.220084574466535,32.671132487551,-0.5002739547135316,-0.37422282279384705,-0.5550552908011007,-0.44980051122680864,-0.32899149365297653,-0.50585901954825,-0.5178239498868911,train
2001,45,2001-11-08,14.2735733756349,0.22676571246581,14.046807663169,-0.5353739450602503,-0.37419804655509414,-0.6179198141335994,-0.5178239498868911,-0.37421043467447057,-0.5864875524673498,-0.4329291155049201,train
2001,46,2001-11-15,122.950602362433,5.93048150433811,117.020120858095,-0.3304842859495897,-0.3530464666515261,-0.2703438181709147,-0.4329291155049201,-0.36362225660331016,-0.44413181615225683,-0.31624713230124274,train
2001,47,2001-11-22,138.053868837148,0.725317597681446,137.328551239466,-0.3020099786528956,-0.3723492237138089,-0.2017947669921701,-0.31624713230124274,-0.3626978451826675,-0.2360692925815422,-0.14348508438056465,train
2001,48,2001-11-29,306.22257588408,42.3027552444975,263.919820639583,0.015039809891766509,-0.2181640352046938,0.22550124958481527,-0.14348508438056465,-0.29525662945925135,0.0118532412963228,0.03891580750299144,train
2001,49,2001-12-06,331.551062404548,5.49934645882364,326.051715945724,0.06279180511421659,-0.3546452818269636,0.4352211733402193,0.03891580750299144,-0.2864046585158287,0.3303612114625175,0.18940280780288732,train
2001,50,2001-12-13,465.864406171816,3.01108280054853,462.853323371267,0.31601381049155824,-0.36387272399092063,0.8969811524546164,0.18940280780288732,-0.3592590029089421,0.666101162897418,1.045399109522731,train
2001,51,2001-12-20,1239.62163364168,447.439809853751,792.181823787936,1.774784408553904,1.2842405542166309,2.008596171722167,1.045399109522731,0.46018391511285517,1.4527886620883919,0.8653744490307755,train
2001,52,2001-12-27,274.888001295707,7.49764788541196,267.390353410294,-0.04403551049235277,-0.3472348087532303,0.23721568167284135,0.8653744490307755,0.46850287273170027,1.1229059266975043,0.14442921919290128,train
2002,1,2002-01-03,474.817924356697,266.994789336768,207.823135019927,0.3328939488781553,0.6150807627865131,0.03615256525581276,0.14442921919290128,0.1339229770166414,0.1366841234643273,2.3416678896883862,train
2002,2,2002-01-10,2605.79500481004,1644.10877907105,961.686225738997,4.350441830498617,5.721951030006549,2.58074112365426,2.3416678896883862,3.168515896396531,1.3084468444550366,4.2368473273429235,train
2002,3,2002-01-17,2485.29001528761,1510.34027839627,974.949736891349,4.12325282418723,5.2258857922127975,2.625510763046304,4.2368473273429235,5.473918411109674,2.6031259433502822,3.7579464214009364,train
2002,4,2002-01-24,2097.76031079211,1140.0173086845,957.743002107605,3.3926400186146424,3.8525852685178967,2.5674311714107088,3.7579464214009364,4.539235530365347,2.5964709672285067,2.8596884911276756,train
2002,5,2002-01-31,1532.38684243198,597.781131186937,934.60571124504,2.326736963640709,1.841764208448889,2.4893335880085794,2.8596884911276756,2.847174738483393,2.5283823797096443,1.7584706211688932,train
2002,6,2002-02-07,929.550193270725,193.695510240091,735.854683030633,1.1902042786970775,0.34325874092199715,1.8184696094021873,1.7584706211688932,1.092511474685443,2.1539015987053833,0.9977442337262056,train
2002,7,2002-02-14,725.381901157913,91.1821311296311,634.19977002828,0.8052841887553337,-0.03690044101506116,1.4753437398440348,0.9977442337262056,0.15317914995346799,1.6469066746231111,0.6734290226711677,train
2002,8,2002-02-21,585.505366941527,48.6603398940477,536.845027047482,0.5415738565870015,-0.19458765717052168,1.1467326589401192,0.6734290226711677,-0.11574404909279142,1.3110381993920772,0.41778405731677004,train
2002,9,2002-02-28,454.184853627628,17.9508704862484,436.23398314138,0.29399425804653856,-0.3084702241982912,0.8071302638582842,0.41778405731677004,-0.25152894068440645,0.976931461399202,0.1003179311043121,train
2002,10,2002-03-07,248.726287406979,2.95381381483937,245.772473592139,-0.09335839583791436,-0.36408509949689344,0.16424671645975458,0.1003179311043121,-0.33627766184759234,0.4856884901590196,-0.2564595235199992,train
2002,11,2002-03-14,75.7029532101862,1.70669607882633,73.9962571313599,-0.419560651202084,-0.3687098934741855,-0.41556651540194484,-0.2564595235199992,-0.36639749648553943,-0.1256598994710949,-0.49092233831072574,train
2002,12,2002-03-21,0.0,0.0,0.0,-0.5622840254193674,-0.37503898135297536,-0.6653333916143988,-0.49092233831072574,-0.3718744374135804,-0.5404499535081716,-0.3002243770990259,train
2002,13,2002-03-28,278.001965744869,150.944380690329,127.057585054539,-0.03816472877868428,0.18472104976842915,-0.23646337374533197,-0.3002243770990259,-0.0951589657922731,-0.45089838267986515,-0.07539871367806911,train
2002,14,2002-04-04,238.502862922711,8.36262172286788,230.140241199843,-0.11263269857745382,-0.3440271518669044,0.1114816982789066,-0.07539871367806911,-0.07965305104923763,-0.06249083773321241,-0.22690875874327252,train
2002,15,2002-04-11,117.274854080838,0.0489971128100343,117.225856968028,-0.3411848189090911,-0.3748572811448194,-0.26964937675598144,-0.22690875874327252,-0.35944221650586194,-0.07908383923853715,-0.34304309437949615,train
2002,16,2002-04-18,115.303530998558,3.82374901539847,111.479781983159,-0.3449013698499011,-0.3608590439609965,-0.2890446712626413,-0.34304309437949615,-0.36785816255290793,-0.2793470240093111,-0.40014008950983443,train
2002,17,2002-04-25,56.7043809610847,0.0,56.7043809610847,-0.45537880916976764,-0.37503898135297536,-0.4739334931699572,-0.40014008950983443,-0.36794901265698593,-0.38148908221629896,-0.47839243770287854,train
2002,18,2002-05-02,32.2907254741236,0.0410431350081691,32.2496823391154,-0.5014060662359893,-0.37488677756490174,-0.5564778531189105,-0.47839243770287854,-0.3749628794589386,-0.5152056731444336,-0.5084418587529325,train
2002,19,2002-05-09,24.8269127016501,2.66560876924308,22.161303932407,-0.5154776512698758,-0.3651538750588224,-0.590530153307819,-0.5084418587529325,-0.3700203263118621,-0.5735040032133645,-0.5288259077176503,train
2002,20,2002-05-16,10.6666192130022,0.0,10.6666192130022,-0.5421741641654245,-0.37503898135297536,-0.6293292981120773,-0.5288259077176503,-0.3700964282058989,-0.6099297257099479,-0.5473514179242241,train
2002,21,2002-05-23,5.17440882757527,0.0,5.17440882757527,-0.5525286716830237,-0.37503898135297536,-0.6478676983589233,-0.5473514179242241,-0.37503898135297536,-0.6385984982355,-0.5557412600230414,train
2002,22,2002-05-30,1.76638367231665,0.0,1.76638367231665,-0.5589538483630591,-0.37503898135297536,-0.65937114231787,-0.5557412600230414,-0.37503898135297536,-0.6536194203383963,-0.5605675833428312,train
2002,23,2002-06-06,0.0544776255699792,0.0,0.0544776255699792,-0.5621813183226032,-0.37503898135297536,-0.6651495079033899,-0.5605675833428312,-0.37503898135297536,-0.6622603251106296,-0.5622079936576649,train
2002,24,2002-06-13,0.0261795047736359,0.0,0.0261795047736359,-0.5622346689927264,-0.37503898135297536,-0.6652450253458658,-0.5622079936576649,-0.37503898135297536,-0.6651972666246275,-0.562259347206047,train
2002,25,2002-06-20,0.0,0.0,0.0,-0.5622840254193674,-0.37503898135297536,-0.6653333916143988,-0.562259347206047,-0.37503898135297536,-0.665289208480132,-0.5622840254193674,train
2002,26,2002-06-27,0.0,0.0,0.0,-0.5622840254193674,-0.37503898135297536,-0.6653333916143988,-0.5622840254193674,-0.37503898135297536,-0.6653333916143988,-0.5622840254193674,train
2002,27,2002-07-04,0.0,0.0,0.0,-0.5622840254193674,-0.37503898135297536,-0.6653333916143988,-0.5622840254193674,-0.37503898135297536,-0.6653333916143988,-0.5617294757504663,train
2002,28,2002-07-11,0.588285526008403,0.363005150023871,0.225280375984532,-0.5611749260815649,-0.3736928181295066,-0.6645729805076351,-0.5617294757504663,-0.374365899741241,-0.6649531860610166,-0.560850676872434,train
2002,29,2002-07-18,0.932260335207035,0.596695194813421,0.335565140393614,-0.5605264276633029,-0.37282620523443943,-0.6642007254481477,-0.560850676872434,-0.373259511681973,-0.6643868529778911,-0.5614052265413352,train
2002,30,2002-07-25,0.0,0.0,0.0,-0.5622840254193674,-0.37503898135297536,-0.6653333916143988,-0.5614052265413352,-0.3739325932937074,-0.6647670585312728,-0.5622840254193674,train
2002,31,2002-08-01,0.0,0.0,0.0,-0.5622840254193674,-0.37503898135297536,-0.6653333916143988,-0.5622840254193674,-0.37503898135297536,-0.6653333916143988,-0.5622840254193674,train
2002,32,2002-08-08,0.0,0.0,0.0,-0.5622840254193674,-0.37503898135297536,-0.6653333916143988,-0.5622840254193674,-0.37503898135297536,-0.6653333916143988,-0.5618757791858444,train
2002,33,2002-08-15,0.433081766516778,0.364962172081533,0.0681195944352452,-0.5614675329523214,-0.37368556073626746,-0.6651034608182945,-0.5618757791858444,-0.3743622710446214,-0.6652184262163463,-0.5618757791858444,train
2002,34,2002-08-22,0.0,0.0,0.0,-0.5622840254193674,-0.37503898135297536,-0.6653333916143988,-0.5618757791858444,-0.3743622710446214,-0.6652184262163463,-0.562179463038786,train
2002,35,2002-08-29,0.110923400572879,0.0801425185370035,0.0307808820358756,-0.5620749006582044,-0.37474178195764013,-0.6652294938626582,-0.562179463038786,-0.37489038165530775,-0.6652814427385281,-0.5620866762245967,train
2002,36,2002-09-05,0.098431471251434,0.098431471251434,0.0,-0.5620984517909889,-0.3746739594610769,-0.6653333916143988,-0.5620866762245967,-0.3747078707093585,-0.6652814427385281,-0.5615330345260864,train
2002,37,2002-09-12,0.698245720093259,0.484173454875039,0.21407226521822,-0.5609676172611837,-0.37324347928175206,-0.6646108123510671,-0.5615330345260864,-0.37395871937141445,-0.6649721019827326,-0.5616258213402756,train
2002,38,2002-09-19,0.0,0.0,0.0,-0.5622840254193674,-0.37503898135297536,-0.6653333916143988,-0.5616258213402756,-0.3741412303173637,-0.6649721019827326,-0.5622840254193674,train
2002,39,2002-09-26,0.0,0.0,0.0,-0.5622840254193674,-0.37503898135297536,-0.6653333916143988,-0.5622840254193674,-0.37503898135297536,-0.6653333916143988,-0.5622634309890548,train
2002,40,2002-10-03,0.021847286093158,0.021847286093158,0.0,-0.5622428365587421,-0.3749579631826566,-0.6653333916143988,-0.5622634309890548,-0.374998472267816,-0.6653333916143988,-0.5600172737043962,train
2002,41,2002-10-10,2.38280156639722,1.95006104535612,0.432740521041097,-0.5577917108500504,-0.36780740223459407,-0.6638727197866452,-0.5600172737043962,-0.37138268270862534,-0.6646030557005216,-0.5599900148341077,train
2002,42,2002-10-17,0.0507644413010198,0.0312708692229544,0.0194935720780654,-0.562188318818165,-0.37492301689872154,-0.6652675930349448,-0.5599900148341077,-0.3713652095666578,-0.6645701564107946,-0.5621325914040969,train
2002,43,2002-10-24,0.109882015319492,0.0851593067251327,0.0247227085943597,-0.5620768639900285,-0.3747231777704589,-0.6652499426139153,-0.5621325914040969,-0.3748230973345902,-0.6652587678244297,-0.5536137889075023,train
2002,44,2002-10-31,9.08780564556376,0.334239065889853,8.7535665796739,-0.5451507138249762,-0.373799493873754,-0.6357866136409991,-0.5536137889075023,-0.3742613358221064,-0.6505182781274569,-0.5524465294154527,train
2002,45,2002-11-07,1.34815137652812,0.180009603428376,1.16814177309975,-0.5597423450059291,-0.3743714362561894,-0.6613904472959793,-0.5524465294154527,-0.3740854650649717,-0.6485885304684889,-0.5524632340213463,train
2002,46,2002-11-14,9.07008482015176,0.00567015054772389,9.06441466960403,-0.5451841230367634,-0.3750179542459539,-0.6347373773767834,-0.5524632340213463,-0.3746946952510717,-0.6480639123363809,-0.41174783873976173,train
2002,47,2002-11-21,150.623924085448,17.7811759598806,132.842748125567,-0.27831155444275985,-0.3090995170075124,-0.21693614136025047,-0.41174783873976173,-0.34205873562673317,-0.4258367593685166,-0.24838304573362316,train
2002,48,2002-11-28,182.373124339208,3.61344666658838,178.75967767262,-0.21845453702448636,-0.36163892625125776,-0.061948193282342204,-0.24838304573362316,-0.3353692216293851,-0.139442167321296,-0.2693415838366644,train
2002,49,2002-12-05,128.390379817458,4.64711641327044,123.743263404187,-0.3202286306488423,-0.357805679813558,-0.24765053100792403,-0.2693415838366644,-0.3597223030324079,-0.1547993621451328,0.4471707758515112,train
2002,50,2002-12-12,942.474291193845,162.393796656798,780.080494537044,1.2145701823518649,0.22717990387351084,1.9677493597050668,0.4471707758515112,-0.06531288797002358,0.8600494143485717,2.018296916954947,train
2002,51,2002-12-19,1795.09549241072,1110.22457240828,684.870920002437,2.822023651558029,3.742102301819176,1.646379077762151,2.018296916954947,1.9846411028463433,1.8070642187336092,2.3867498108255645,train
2002,52,2002-12-26,1333.34190258286,403.031200770103,930.310701812767,1.9514759700930997,1.1195562891314732,2.474836218401121,2.3867498108255645,2.4308292954753243,2.0606076480816364,1.4115939103942585,train
2003,1,2003-01-02,760.616285233337,63.2372871368606,697.378998096474,0.8717118506954173,-0.14053070980371715,1.688598829329086,1.4115939103942585,0.489512789663878,2.081717523865104,0.7409958326966246,train
2003,2,2003-01-09,621.948198822777,34.8972188323814,587.050979990398,0.6102798146978319,-0.24562662290460405,1.316197771365477,0.7409958326966246,-0.1930786663541606,1.502398300347282,1.0574999810084154,train
2003,3,2003-01-16,1096.37486524,318.813565040961,777.561300199042,1.5047201473189988,0.8072447861717875,1.9592460742043165,1.0574999810084154,0.28080908163359175,1.6377219227848974,1.309753202742356,train
2003,4,2003-01-23,889.547167061446,109.541609970864,780.00555709058,1.1147862581657133,0.031183593650826444,1.9674964159395272,1.309753202742356,0.419214189911307,1.9633712450719223,1.708731039861946,train
2003,5,2003-01-30,1519.62439533285,599.260674338268,920.363720994578,2.3026758215581786,1.8472509255869953,2.441261191460314,1.708731039861946,0.9392172596189109,2.204378803699921,2.5893726971520845,train
2003,6,2003-02-06,1823.76238643093,992.575366126673,831.187020304272,2.876069572745991,3.305813630002324,2.1402542645449367,2.5893726971520845,2.5765322777946595,2.290757728002626,1.907950007976532,train
2003,7,2003-02-13,796.747568212976,426.690633083235,370.056935129738,0.9398304432070728,1.207294597158213,0.5837563365867057,1.907950007976532,2.2565541135802687,1.3620053005658217,0.4868015476691765,train
2003,8,2003-02-20,316.158800327546,160.865501629317,155.293298698229,0.03377265213128028,0.22151239595945002,-0.14115658029638325,0.4868015476691765,0.7144034965588315,0.22129987814516167,2.1606517299308168,train
2003,9,2003-02-27,2572.42590714717,1591.53521458058,980.89069256658,4.287530807730353,5.526987958438332,2.6455638575978973,2.1606517299308168,2.874250177198891,1.2522036386507573,3.069174520999807,train
2003,10,2003-03-06,1279.95129360164,485.967413195216,793.98388040643,1.8508182342692612,1.427115779825035,2.014678831437782,3.069174520999807,3.4770518691316834,2.33012134451784,1.9080435509265357,train
2003,11,2003-03-13,1340.65789464862,493.538678169499,847.119216479121,1.96526886758381,1.4551929530079688,2.194031780112134,1.9080435509265357,1.4411543664165019,2.1043553057749587,0.9681291550129345,train
2003,12,2003-03-20,282.857496938708,84.4667709940551,198.390725944653,-0.029010557557940807,-0.06180358865984329,0.004314423149423078,0.9681291550129345,0.6966946821740627,1.099173101630779,1.1007479434398313,train
2003,13,2003-03-27,1481.34450593611,579.691793782558,901.652712153555,2.2305064444376037,1.7746819625108023,2.3781040750036047,1.1007479434398313,0.8564391869254795,1.1912092490765145,1.3791108474636946,train
2003,14,2003-04-03,578.154521891166,123.849794880055,454.304727011114,0.5277152504897857,0.08424386653697509,0.8681262307105857,1.3791108474636946,0.9294629145238887,1.6231151528570957,0.42159543488059753,train
2003,15,2003-04-10,465.578940213766,99.1642229926483,366.414717221117,0.3154756192714093,-0.007299763141382043,0.5714623986932471,0.42159543488059753,0.03847205169779652,0.719794314701917,0.061277040850494194,train
2003,16,2003-04-17,195.916270117447,7.13007428505305,188.786195832394,-0.19292153757042094,-0.34859791355405373,-0.02810469609560596,0.061277040850494194,-0.17794883834771788,0.27167885129882124,-0.16216179383412177,train
2003,17,2003-04-24,228.547273323429,6.24193429344152,222.305339029987,-0.13140205009782263,-0.35189147948258315,0.08503577903570525,-0.16216179383412177,-0.35024469651831847,0.028465541470050315,-0.1812369396618041,train
2003,18,2003-05-01,175.68069370973,3.82556392455911,171.855129785171,-0.23107182922578554,-0.36085231357723796,-0.08525379581364344,-0.1812369396618041,-0.3563718965299105,-0.00010900838896842763,-0.2957058949799177,train
2003,19,2003-05-08,107.1146346125,0.156194651292399,106.958439961208,-0.36033996073404984,-0.374459751291753,-0.30430600361768284,-0.2957058949799177,-0.3676560324344955,-0.19477989971566248,-0.40342236142571286,train
2003,20,2003-05-15,61.411329437299,0.790945783309253,60.6203836539896,-0.44650476211737583,-0.372105849067721,-0.46071542244902747,-0.40342236142571286,-0.37328280017973703,-0.3825107130333545,-0.4719137322212066,train
2003,21,2003-05-22,34.456612518108,0.0,34.456612518108,-0.49732270232503734,-0.37503898135297536,-0.549028583680222,-0.4719137322212066,-0.3735724152103482,-0.5048720030646241,-0.5116628125837968,train
2003,22,2003-05-29,19.2441260995195,0.0,19.2441260995195,-0.5260029228425561,-0.37503898135297536,-0.6003767918125622,-0.5116628125837968,-0.37503898135297536,-0.5747026877463914,-0.533134411587846,train
2003,23,2003-06-05,11.6787954483293,0.0,11.6787954483293,-0.5402659003331359,-0.37503898135297536,-0.625912799679929,-0.533134411587846,-0.37503898135297536,-0.6131447957462449,-0.5444381112281078,train
2003,24,2003-06-12,7.25276939762462,0.0365102216174207,7.2162591760072,-0.5486103221230797,-0.37490358735754903,-0.6409756391792838,-0.5444381112281078,-0.37497128435526217,-0.6334442194296057,-0.5524431451710325,train
2003,25,2003-06-19,3.18677774834696,0.0,3.18677774834696,-0.5562759682189855,-0.37503898135297536,-0.6545767458833183,-0.5524431451710325,-0.37497128435526217,-0.6477761925313004,-0.5584679106233387,train
2003,26,2003-06-26,0.861489207683012,0.0,0.861489207683012,-0.5606598530276918,-0.37503898135297536,-0.6624255219918617,-0.5584679106233387,-0.37503898135297536,-0.6585011339375892,-0.5614450343092467,train
2003,27,2003-07-03,0.0285416663983572,0.0,0.0285416663983572,-0.5622302155908017,-0.37503898135297536,-0.6652370521083943,-0.5614450343092467,-0.37503898135297536,-0.6638312870501273,-0.5622571205050846,train
2003,28,2003-07-10,0.0,0.0,0.0,-0.5622840254193674,-0.37503898135297536,-0.6653333916143988,-0.5622571205050846,-0.37503898135297536,-0.6652852218613958,-0.5622840254193674,train
2003,29,2003-07-17,0.0,0.0,0.0,-0.5622840254193674,-0.37503898135297536,-0.6653333916143988,-0.5622840254193674,-0.37503898135297536,-0.6653333916143988,-0.562274271224689,train
2003,30,2003-07-24,0.0103475880863101,0.0103475880863101,0.0,-0.5622645170300106,-0.3750006085019773,-0.6653333916143988,-0.562274271224689,-0.37501979492747634,-0.6653333916143988,-0.562274271224689,train
2003,31,2003-07-31,0.0,0.0,0.0,-0.5622840254193674,-0.37503898135297536,-0.6653333916143988,-0.562274271224689,-0.37501979492747634,-0.6653333916143988,-0.5622840254193674,train
2003,32,2003-08-07,0.0,0.0,0.0,-0.5622840254193674,-0.37503898135297536,-0.6653333916143988,-0.5622840254193674,-0.37503898135297536,-0.6653333916143988,-0.5622840254193674,train
2003,33,2003-08-14,0.0,0.0,0.0,-0.5622840254193674,-0.37503898135297536,-0.6653333916143988,-0.5622840254193674,-0.37503898135297536,-0.6653333916143988,-0.5622840254193674,train
2003,34,2003-08-21,0.0,0.0,0.0,-0.5622840254193674,-0.37503898135297536,-0.6653333916143988,-0.5622840254193674,-0.37503898135297536,-0.6653333916143988,-0.5622840254193674,train
2003,35,2003-08-28,0.0,0.0,0.0,-0.5622840254193674,-0.37503898135297536,-0.6653333916143988,-0.5622840254193674,-0.37503898135297536,-0.6653333916143988,-0.562266467422091,train
2003,36,2003-09-04,0.0186261325949513,0.0153733365530326,0.00325279604191871,-0.5622489094248145,-0.37498197108662423,-0.6653224121306,-0.562266467422091,-0.37501047621979977,-0.6653279018724987,-0.562266467422091,train
2003,37,2003-09-11,0.0,0.0,0.0,-0.5622840254193674,-0.37503898135297536,-0.6653333916143988,-0.562266467422091,-0.37501047621979977,-0.6653279018724987,-0.562269610747395,train
2003,38,2003-09-18,0.0152915840709265,0.0123437003490967,0.00294788372182972,-0.5622551960754226,-0.374993206147168,-0.665323441331274,-0.562269610747395,-0.3750160937500717,-0.6653284164728357,-0.56225922994836,train
2003,39,2003-09-25,0.011012311724589,0.011012311724589,0.0,-0.5622632638212973,-0.3749981434501301,-0.6653333916143988,-0.56225922994836,-0.37499567479864904,-0.6653284164728357,-0.5621636072982936,train
2003,40,2003-10-02,0.116731408395532,0.0826868847630963,0.0340445236324365,-0.5620639507752899,-0.37473234646549797,-0.6652184777707875,-0.5621636072982936,-0.37486524495781404,-0.6652759346925925,-0.5621739880973287,train
2003,41,2003-10-09,0.0,0.0,0.0,-0.5622840254193674,-0.37503898135297536,-0.6653333916143988,-0.5621739880973287,-0.37488566390923667,-0.6652759346925925,-0.5622840254193674,train
2003,42,2003-10-16,0.0,0.0,0.0,-0.5622840254193674,-0.37503898135297536,-0.6653333916143988,-0.5622840254193674,-0.37503898135297536,-0.6653333916143988,-0.5622169060512072,train
2003,43,2003-10-23,0.0712025541044082,0.0401215182566847,0.0310810358477234,-0.5621497866830469,-0.3748901952755786,-0.6652284807238472,-0.5622169060512072,-0.374964588314277,-0.6652809361691223,-0.5536950849487194,train
2003,44,2003-10-30,9.04024344610937,0.0,9.04024344610937,-0.545240383214392,-0.37503898135297536,-0.6348189648951328,-0.5536950849487194,-0.374964588314277,-0.6500237228094894,-0.5092225036749032,train
2003,45,2003-11-06,47.2492595159922,10.7661179451653,36.483141570827,-0.4732046241354144,-0.3351140600774624,-0.5421882399834744,-0.5092225036749032,-0.3550765207152189,-0.5885036024393029,-0.4553906795277757,train
2003,46,2003-11-13,66.1469099186214,0.17663958582307,65.9702703327983,-0.437576734920137,-0.3743839335823635,-0.4426574214681864,-0.4553906795277757,-0.35474899682991295,-0.4924228307258297,-0.487789104060361,train
2003,47,2003-11-20,12.8798868757391,0.661756341550484,12.2181305341886,-0.538001473200585,-0.3725849333874467,-0.6240923286878934,-0.487789104060361,-0.3734844334849051,-0.5333748750780392,-0.5142876920206867,train
2003,48,2003-11-27,38.0362885785941,3.43842122160224,34.5978673569919,-0.4905739108407883,-0.362287988164556,-0.5485517922690659,-0.5142876920206867,-0.36743646077600134,-0.5863220604784789,-0.45246872457542775,train
2003,49,2003-12-04,78.4595920316131,1.3251917913869,77.1344002402262,-0.4143635383100672,-0.37012465864022476,-0.4049740309737426,-0.45246872457542775,-0.36620632340239034,-0.47676291162140355,-0.46331979165748327,train
2003,50,2003-12-11,26.5251001961944,0.432719337583933,26.0923808586104,-0.5122760450048993,-0.3734342910109762,-0.5772612010381701,-0.46331979165748327,-0.3717794748256005,-0.49111761600595566,-0.5372800352121334,train
2003,51,2003-12-18,0.0,0.0,0.0,-0.5622840254193674,-0.37503898135297536,-0.6653333916143988,-0.5372800352121334,-0.3742366361819758,-0.6212972963262837,1.0674626358870944,train
2003,52,2003-12-25,1728.89179396096,820.188686893268,908.703107067681,2.6972092971935564,2.666537278731112,2.4019019694111465,1.0674626358870944,1.1457491486890683,0.8682842888983746,1.8834483025118618,train
2004,1,2004-01-01,865.62590156584,267.660052700045,597.965848865796,1.0696873078301672,0.6175478161423836,1.3530398064759441,1.8834483025118618,1.6420425474367477,1.877470887943546,1.480839159979136,train
2004,2,2004-01-08,1301.79004911646,691.565500320873,610.224548795597,1.8919910121281047,2.189552851822194,1.3944178072909963,1.480839159979136,1.4035503339822888,1.373728806883471,2.1420979087126977,train
2004,3,2004-01-15,1567.11212118103,601.743035219935,965.369085961102,2.3922048052972906,1.8564564779767008,2.59317224556316,2.1420979087126977,2.0230046648994473,1.993795026427079,2.042360628364075,train
2004,4,2004-01-22,1195.98528225258,529.119271522178,666.866010730407,1.6925164514308597,1.5871395279737084,1.5856053289307697,2.042360628364075,1.7217980029752047,2.089388787246966,2.5962284700312432,train
2004,5,2004-01-29,2154.67434120706,1256.50894483038,898.165396376663,3.4999404886316268,4.284581223426465,2.3663329935769526,2.5962284700312432,2.935860375700087,1.975969161253862,3.1559705922744303,train
2004,6,2004-02-05,1789.77914289149,809.268902253693,980.510240637794,2.8120006959172335,2.626042502034339,2.6442796806207673,3.1559705922744303,3.4553118627304027,2.505306337098861,2.567779255073389,train
2004,7,2004-02-12,1530.70056644221,780.722436139773,749.978130302449,2.323557814229544,2.5201811861824015,1.8661418761246855,2.567779255073389,2.5731118441083702,2.255210778372727,2.805494617881572,train
2004,8,2004-02-19,2041.95584606575,1132.92085049772,909.034995568032,3.2874314215336002,3.826268862187852,2.4030222254510747,2.805494617881572,3.1732250241851268,2.134582050787881,2.52386843594501,train
2004,9,2004-02-26,1231.94174307738,493.299879050857,738.64186402653,1.7603054503564195,1.454307393694853,1.827877456741656,2.52386843594501,2.6402881279413526,2.1154498410963662,1.1755489052501085,train
2004,10,2004-03-04,611.611714919,163.358866344349,448.252848574653,0.5907923601437973,0.2307587548109706,0.8476987276058136,1.1755489052501085,0.8425330742529118,1.3377880921737357,0.521694803767548,train
2004,11,2004-03-11,538.310630132063,121.078197130966,417.232433001095,0.4525972473912986,0.07396571219170722,0.7429924546538514,0.521694803767548,0.15236223350133893,0.7953455911298334,0.42510032945109005,train
2004,12,2004-03-18,509.140945717471,102.413682318327,406.727263399144,0.3976034115108815,0.004750486393917054,0.7075333179720675,0.42510032945109005,0.039358099292812136,0.7252628863129604,0.19159323100116227,train
2004,13,2004-03-25,290.598199773048,35.822115026759,254.776084746289,-0.014416949508557013,-0.24219675078759553,0.19463749458534985,0.19159323100116227,-0.11872313219683925,0.4510854062787096,-0.12032030837400767,train
2004,14,2004-04-01,178.252242918254,10.3926137990362,167.859629119218,-0.22622366723945833,-0.33649915763130994,-0.09874020389599122,-0.12032030837400767,-0.2893479542094527,0.0479486453446802,-0.2650967723755684,train
2004,15,2004-04-08,137.014304488163,3.37302537327045,133.641279114893,-0.3039698775116784,-0.36253050121426345,-0.2142407808312884,-0.2650967723755684,-0.34951482942278667,-0.15649049236363893,-0.4211050582301988,train
2004,16,2004-04-15,12.7532413815563,1.16805795210302,11.5851834294533,-0.5382402389487191,-0.37070737157306466,-0.6262287775744473,-0.4211050582301988,-0.36661893639366405,-0.42023477920286695,-0.49307537879873636,train
2004,17,2004-04-22,60.6656917903233,0.00825364356551668,60.6574381467578,-0.44791051864875364,-0.3750083736565645,-0.46059034875926075,-0.49307537879873636,-0.3728578726148145,-0.5434095631668532,-0.471580513304142,train
2004,18,2004-04-29,35.5557403516159,0.382719260978941,35.173021090637,-0.4952505079595304,-0.37361971059604776,-0.5466104190569121,-0.471580513304142,-0.3743140421263061,-0.5036003839080856,-0.5094020417162978,train
2004,19,2004-05-06,20.5433024280288,0.0,20.5433024280288,-0.5235535754730651,-0.37503898135297536,-0.5959915536153803,-0.5094020417162978,-0.3743293459745115,-0.5713009863361453,-0.5272240319584831,train
2004,20,2004-05-13,16.6495548607579,0.0,16.6495548607579,-0.5308944884439011,-0.37503898135297536,-0.6091345044123462,-0.5272240319584831,-0.37503898135297536,-0.6025630290138624,-0.5389671088108723,train
2004,21,2004-05-20,8.0858391375851,0.0,8.0858391375851,-0.5470397291778434,-0.37503898135297536,-0.6380404600359023,-0.5389671088108723,-0.37503898135297536,-0.6235874822241234,-0.5513066459294673,train
2004,22,2004-05-27,3.55934582881312,0.013504602001018,3.5458412268121,-0.5555735626810913,-0.37498890107571164,-0.6533647634553557,-0.5513066459294673,-0.3750139412143435,-0.6457026117456282,-0.5580023631911141,train
2004,23,2004-06-03,0.982789993085607,0.0,0.982789993085607,-0.5604311637011369,-0.37503898135297536,-0.6620160834685274,-0.5580023631911141,-0.3750139412143435,-0.6576904234619406,-0.561330820180141,train
2004,24,2004-06-10,0.028403191220741,0.0,0.028403191220741,-0.5622304766591453,-0.37503898135297536,-0.6652375195173401,-0.561330820180141,-0.37503898135297536,-0.6636268014929328,-0.5622572510392563,train
2004,25,2004-06-17,0.0,0.0,0.0,-0.5622840254193674,-0.37503898135297536,-0.6653333916143988,-0.5622572510392563,-0.37503898135297536,-0.6652854555658685,-0.5622840254193674,train
2004,26,2004-06-24,0.0,0.0,0.0,-0.5622840254193674,-0.37503898135297536,-0.6653333916143988,-0.5622840254193674,-0.37503898135297536,-0.6653333916143988,-0.5622840254193674,train
2004,27,2004-07-01,0.0,0.0,0.0,-0.5622840254193674,-0.37503898135297536,-0.6653333916143988,-0.5622840254193674,-0.37503898135297536,-0.6653333916143988,-0.5622840254193674,train
2004,28,2004-07-08,0.0,0.0,0.0,-0.5622840254193674,-0.37503898135297536,-0.6653333916143988,-0.5622840254193674,-0.37503898135297536,-0.6653333916143988,-0.5622840254193674,train
2004,29,2004-07-15,0.0,0.0,0.0,-0.5622840254193674,-0.37503898135297536,-0.6653333916143988,-0.5622840254193674,-0.37503898135297536,-0.6653333916143988,-0.5622840254193674,train
2004,30,2004-07-22,0.0,0.0,0.0,-0.5622840254193674,-0.37503898135297536,-0.6653333916143988,-0.5622840254193674,-0.37503898135297536,-0.6653333916143988,-0.5622840254193674,train
2004,31,2004-07-29,0.0,0.0,0.0,-0.5622840254193674,-0.37503898135297536,-0.6653333916143988,-0.5622840254193674,-0.37503898135297536,-0.6653333916143988,-0.5622840254193674,train
2004,32,2004-08-05,0.0,0.0,0.0,-0.5622840254193674,-0.37503898135297536,-0.6653333916143988,-0.5622840254193674,-0.37503898135297536,-0.6653333916143988,-0.562128299412864,train
2004,33,2004-08-12,0.165199549808684,0.0868274113238782,0.0783721384848064,-0.5619725734063606,-0.3747169917946853,-0.6650688543935946,-0.562128299412864,-0.3748779865738303,-0.6652011230039958,-0.562116075416038,train
2004,34,2004-08-19,0.0129676398814591,0.0129676398814591,0.0,-0.5622595774257154,-0.374990892338529,-0.6653333916143988,-0.562116075416038,-0.37485394206660716,-0.6652011230039958,-0.5622718014225414,train
2004,35,2004-08-26,0.0,0.0,0.0,-0.5622840254193674,-0.37503898135297536,-0.6653333916143988,-0.5622718014225414,-0.37501493684575216,-0.6653333916143988,-0.5622363732000524,train
2004,36,2004-09-02,0.0505511272970442,0.0475964879948196,0.00295463930222461,-0.5621887209807375,-0.37486247520230315,-0.665323418528496,-0.5622363732000524,-0.3749507282776392,-0.6653284050714465,-0.5622363732000524,train
2004,37,2004-09-09,0.0,0.0,0.0,-0.5622840254193674,-0.37503898135297536,-0.6653333916143988,-0.5622363732000524,-0.3749507282776392,-0.6653284050714465,-0.5622840254193674,train
2004,38,2004-09-16,0.0,0.0,0.0,-0.5622840254193674,-0.37503898135297536,-0.6653333916143988,-0.5622840254193674,-0.37503898135297536,-0.6653333916143988,-0.5622840254193674,train
2004,39,2004-09-23,0.0,0.0,0.0,-0.5622840254193674,-0.37503898135297536,-0.6653333916143988,-0.5622840254193674,-0.37503898135297536,-0.6653333916143988,-0.5622840254193674,train
2004,40,2004-09-30,0.0,0.0,0.0,-0.5622840254193674,-0.37503898135297536,-0.6653333916143988,-0.5622840254193674,-0.37503898135297536,-0.6653333916143988,-0.5622742893531475,train
2004,41,2004-10-07,0.0103283567886657,0.0103283567886657,0.0,-0.5622645532869276,-0.37500067981905266,-0.6653333916143988,-0.5622742893531475,-0.37501983058601396,-0.6653333916143988,-0.5616559159827986,train
2004,42,2004-10-14,0.655991922537926,0.0,0.655991922537926,-0.5610472786786697,-0.37503898135297536,-0.6631191572778966,-0.5616559159827986,-0.37501983058601396,-0.6642262744461468,-0.55875334420052,train
2004,43,2004-10-21,3.08947719317363,0.86164680872331,2.22783038445032,-0.5564594097223704,-0.37184366237348904,-0.6578135756476594,-0.55875334420052,-0.3734413218632322,-0.6604663664627771,-0.5570514600767988,train
2004,44,2004-10-28,2.46140963906521,1.01953605016728,1.44187358889793,-0.5576435104312274,-0.3712581481178393,-0.6604664932582703,-0.5570514600767988,-0.37155090524566414,-0.659140034452964,-0.5573479700320094,train
2004,45,2004-11-04,2.77492914680412,0.0242505660331412,2.75067858077098,-0.5570524296327913,-0.37494905089292546,-0.6560487544824957,-0.5573479700320094,-0.37310359950538236,-0.6582576238703821,-0.5330887039972116,train
2004,46,2004-11-11,28.1964805987786,14.7660621199123,13.4304184788662,-0.5091249783616318,-0.32028072301979665,-0.6200003734356889,-0.5330887039972116,-0.347614886956361,-0.6380245639590914,0.1453048750035439,train
2004,47,2004-11-18,722.438371113913,277.052377711771,445.385993402141,0.7997347283687196,0.6523781829094117,0.8380219481476217,0.1453048750035439,0.1660487299448076,0.10901078735596725,1.9066365215030583,train
2004,48,2004-11-25,1896.6781915143,977.851826680922,918.826364833384,3.013538314637397,3.2512130621595303,2.4360720013459316,1.9066365215030583,1.951795622534471,1.6370469747467775,2.413123976503416,train
2004,49,2004-12-02,1259.73783334587,414.642709268733,845.095124077143,1.812709638369435,1.162616244916737,2.187199661083331,2.413123976503416,2.2069146535381337,2.311635831214632,1.641579696239888,train
2004,50,2004-12-09,1078.19725426494,217.931736378817,860.265517886127,1.4704497541103414,0.4331360231078842,2.2384057898724703,1.641579696239888,0.7978761340123106,2.2128027254779017,1.3017543593463152,train
2004,51,2004-12-16,899.239327483407,127.511003693495,771.728323789908,1.1330589645822888,0.09782104211635351,1.9395574527360164,1.3017543593463152,0.26547853261211884,2.088981621304244,1.169163114657863,train
2004,52,2004-12-23,937.53986233068,143.36906149037,794.17080084031,1.2052672647334368,0.1566288419516773,2.0153097624426786,1.169163114657863,0.1272249420340154,1.9774336075893484,0.9000980003450305,train
2004,53,2004-12-30,613.805720395226,36.8032740010086,577.002446394218,0.5949287359566242,-0.23855823456427389,1.2822799633015054,0.9000980003450305,-0.04096469630629829,1.648794862872093,1.2614809252273762,train
2005,1,2005-01-06,1320.90740536086,418.422968216855,902.484437144013,1.928033114498128,1.1766349043512272,2.380911478523566,1.2614809252273762,0.4690383348934767,1.8315957209125366,1.6325281572924677,train
2005,2,2005-01-13,1007.42549573811,196.265599584179,811.159896153933,1.3370232000868074,0.3527896243152844,2.072654734075858,1.6325281572924677,0.7647122643332558,2.2267831062997128,1.8544546303622853,train
2005,3,2005-01-20,1556.33470658664,646.431800347634,909.902906239025,2.371886060637763,2.0221796698189833,2.405951770073049,1.8544546303622853,1.1874846470671339,2.2393032520744542,2.0534427937914232,train
2005,4,2005-01-27,1218.51904237082,359.585969100759,858.933073270059,1.7349995269450833,0.9584445993813244,2.233908257937975,2.0534427937914232,1.490312134600154,2.3199300140055126,1.9139654249034146,train
2005,5,2005-02-03,1408.37227522296,735.189862479031,673.182412743941,2.092931322861746,2.3513288265727836,1.606925704595471,1.9139654249034146,1.654886712977054,1.9204169812667238,3.276363652023539,train
2005,6,2005-02-10,2663.79834307314,1696.69052006875,967.107823004367,4.459795981185333,5.916944423219867,2.5990411764616543,3.276363652023539,4.134136624896325,2.102983440528564,3.677650382928583,train
2005,7,2005-02-17,1834.07115993857,927.937626450115,906.133533488456,2.8955047846718327,3.0661119398334398,2.3932286338809217,3.677650382928583,4.491528181526654,2.4961349051712887,2.0033186803383707,train
2005,8,2005-02-24,887.609190670534,229.798288039277,657.81090263126,1.1111325760049073,0.47714177738892727,1.5550407280797418,2.0033186803383707,1.7716268586111834,1.9741346809803328,0.5644533382415216,train
2005,9,2005-03-03,307.672891037138,28.0555897690776,279.617301268061,0.01777410047813483,-0.27099802447570875,0.2784865065826161,0.5644533382415216,0.10307187645660926,0.9167636173311801,0.47685113949599917,train
2005,10,2005-03-10,794.677739335233,236.104785689771,558.572953645462,0.9359281785138626,0.5005287051100051,1.2200730759198184,0.47685113949599917,0.11476534031714819,0.7492797912512184,0.5652977300078184,train
2005,11,2005-03-17,401.50010244994,35.1322273095719,366.367875140368,0.19466728150177334,-0.24475512075325315,0.5713042879909289,0.5652977300078184,0.127886792178376,0.8956886819553748,0.04949963344736929,train
2005,12,2005-03-24,247.501225551687,7.98473118283558,239.516494368852,-0.09566801460703565,-0.34542851586258,0.14313029180767312,0.04949963344736929,-0.2950918183079166,0.3572172898993021,0.19307393588544625,train
2005,13,2005-03-31,553.808703045492,123.181377156736,430.627325888756,0.48181588637792727,0.08176511559642344,0.7882055597952685,0.19307393588544625,-0.13183170013307832,0.4656679258014719,0.1487857999032039,train
2005,14,2005-04-07,200.518834553478,6.10404818160494,194.414786371872,-0.18424428657152034,-0.35240281441204435,-0.009105958442852502,0.1487857999032039,-0.13531884940781047,0.38954980067620915,-0.2811840214670004,train
2005,15,2005-04-14,97.6818009526885,0.0156457365185738,97.6661552161699,-0.3781237563624813,-0.3749809609224002,-0.3356711702304303,-0.2811840214670004,-0.36369188766722227,-0.1723885643366403,-0.42379959800009315,train
2005,16,2005-04-21,49.2272836559792,0.0,49.2272836559792,-0.4694754396377059,-0.37503898135297536,-0.49917167830839565,-0.42379959800009315,-0.37500997113768775,-0.41742142426941187,-0.47086923089590405,train
2005,17,2005-04-28,47.7487015388897,0.0,47.7487015388897,-0.47226302215410304,-0.37503898135297536,-0.5041624825858803,-0.47086923089590405,-0.37503898135297536,-0.5016670804471368,-0.46962110548329394,train
2005,18,2005-05-05,50.5513383909439,0.504804214332329,50.0465341766115,-0.4669791888124857,-0.37316697246180247,-0.49640638109869345,-0.46962110548329394,-0.3741029769073889,-0.5002844318422858,-0.4951490829560984,train
2005,19,2005-05-12,20.6677374743451,0.0,20.6677374743451,-0.523318977099712,-0.37503898135297536,-0.5955715357115746,-0.4951490829560984,-0.3741029769073889,-0.545988958405133,-0.5334616722106784,train
2005,20,2005-05-19,9.90801465218474,0.0,9.90801465218474,-0.5436043673216459,-0.37503898135297536,-0.631889891022872,-0.5334616722106784,-0.37503898135297536,-0.6137307133672223,-0.5476219165382505,train
2005,21,2005-05-26,5.6460590750801,0.0507705657305254,5.59528850934957,-0.551639465754856,-0.37485070449680225,-0.6464470615935874,-0.5476219165382505,-0.37494484292488883,-0.6391684763082286,-0.5534110626829813,train
2005,22,2005-06-02,3.76668759731443,0.580017508337339,3.1866700889771,-0.5551826596111076,-0.3728880525338102,-0.6545771092766242,-0.5534110626829813,-0.3738693785153062,-0.6505120854351047,-0.5585050868004209,train
2005,23,2005-06-09,0.242141580430701,0.0,0.242141580430701,-0.5618275139897351,-0.37503898135297536,-0.6645160672186802,-0.5585050868004209,-0.3739635169433928,-0.659546588247651,-0.5620557697045507,train
2005,24,2005-06-16,0.0,0.0,0.0,-0.5622840254193674,-0.37503898135297536,-0.6653333916143988,-0.5620557697045507,-0.37503898135297536,-0.6649247294165384,-0.5622840254193674,train
2005,25,2005-06-23,0.0,0.0,0.0,-0.5622840254193674,-0.37503898135297536,-0.6653333916143988,-0.5622840254193674,-0.37503898135297536,-0.6653333916143988,-0.5622840254193674,train
2005,26,2005-06-30,0.0,0.0,0.0,-0.5622840254193674,-0.37503898135297536,-0.6653333916143988,-0.5622840254193674,-0.37503898135297536,-0.6653333916143988,-0.5622304165814118,train
2005,27,2005-07-07,0.0568701149846264,0.0568701149846264,0.0,-0.5621768077434572,-0.3748280850136212,-0.6653333916143988,-0.5622304165814118,-0.37493353318329825,-0.6653333916143988,-0.5622304165814118,train
2005,28,2005-07-14,0.0,0.0,0.0,-0.5622840254193674,-0.37503898135297536,-0.6653333916143988,-0.5622304165814118,-0.37493353318329825,-0.6653333916143988,-0.5622840254193674,train
2005,29,2005-07-21,0.0,0.0,0.0,-0.5622840254193674,-0.37503898135297536,-0.6653333916143988,-0.5622840254193674,-0.37503898135297536,-0.6653333916143988,-0.5621046112647546,train
2005,30,2005-07-28,0.190328759060666,0.0601537430916407,0.130175015969025,-0.5619251971101428,-0.37481590805305487,-0.6648939990240171,-0.5621046112647546,-0.3749274447030151,-0.6651136953192068,-0.5620962685275783,train
2005,31,2005-08-04,0.00885026500481185,0.00885026500481185,0.0,-0.5622673399450149,-0.3750061611539599,-0.6653333916143988,-0.5620962685275783,-0.3749110346035074,-0.6651136953192068,-0.5622756826821906,train
2005,32,2005-08-11,0.0,0.0,0.0,-0.5622840254193674,-0.37503898135297536,-0.6653333916143988,-0.5622756826821906,-0.3750225712534676,-0.6653333916143988,-0.5622840254193674,train
2005,33,2005-08-18,0.0,0.0,0.0,-0.5622840254193674,-0.37503898135297536,-0.6653333916143988,-0.5622840254193674,-0.37503898135297536,-0.6653333916143988,-0.5622840254193674,train
2005,34,2005-08-25,0.0,0.0,0.0,-0.5622840254193674,-0.37503898135297536,-0.6653333916143988,-0.5622840254193674,-0.37503898135297536,-0.6653333916143988,-0.5621051312811804,train
2005,35,2005-09-01,0.189777107596907,0.160616461323636,0.0291606462732703,-0.5619262371429943,-0.37444335351325087,-0.6652349628044782,-0.5621051312811804,-0.37474116743311314,-0.6652841772094373,-0.5621051312811804,train
2005,36,2005-09-08,0.0,0.0,0.0,-0.5622840254193674,-0.37503898135297536,-0.6653333916143988,-0.5621051312811804,-0.37474116743311314,-0.6652841772094373,-0.5621468305810207,train
2005,37,2005-09-15,0.145541043784343,0.138744346004695,0.0067966977796489,-0.5620096357426749,-0.3745244637599234,-0.6653104500489899,-0.5621468305810207,-0.37478172255644937,-0.6653219208316932,-0.5620078827530348,train
2005,38,2005-09-22,0.147400676005051,0.133126489045669,0.0142741869593824,-0.5620061297633956,-0.37454529694213157,-0.6652852105411184,-0.5620078827530348,-0.37453488035102744,-0.6652978302950531,-0.5410872772690799,train
2005,39,2005-09-29,22.3388450735712,11.106297344935,11.2325477286362,-0.5201684247747651,-0.33385254354712796,-0.6274190636895641,-0.5410872772690799,-0.35419892024462973,-0.6463521371153402,-0.5412262250970659,train
2005,40,2005-10-06,0.0,0.0,0.0,-0.5622840254193674,-0.37503898135297536,-0.6653333916143988,-0.5412262250970659,-0.35444576245005166,-0.6463762276519803,-0.5552924253968063,train
2005,41,2005-10-13,7.41693184140192,1.45763495453626,5.95929688686565,-0.5483008253742461,-0.3696335082655818,-0.6452183881593898,-0.5552924253968063,-0.37233624480927857,-0.6552758898868931,-0.5224638988268256,train
2005,42,2005-10-20,34.825639801692,0.184645090070421,34.6409947116215,-0.49662697227940605,-0.37435424608233103,-0.5484062202487675,-0.5224638988268256,-0.3719938771739564,-0.5968123042040776,-0.4910982195429331,train
2005,43,2005-10-27,40.6907324960768,7.75824717942584,32.932485316651,-0.48556946680646096,-0.346268405974536,-0.5541731207800182,-0.4910982195429331,-0.3603113260284335,-0.5512896705143917,-0.28562119088963694,train
2005,44,2005-11-03,252.80279976187,5.23010350378306,247.572696258087,-0.0856729149728138,-0.3556437386373693,0.17032318585417933,-0.28562119088963694,-0.35095607230595266,-0.19192496746291834,-0.16414188396269216,train
2005,45,2005-11-10,169.560195381613,0.464471095232509,169.09572428638,-0.24261085295257143,-0.3733165432368077,-0.09456788977400407,-0.16414188396269216,-0.36448014093708847,0.03787764804008874,-0.12904285043369065,train
2005,46,2005-11-17,290.037072109209,20.509342472112,269.527729637097,-0.015474847914810812,-0.2989824224538305,0.24443017878600834,-0.12904285043369065,-0.3361494828453191,0.07493114450600324,-0.10580314708493298,train
2005,47,2005-11-24,194.213678875511,2.4610403755133,191.752638499998,-0.19613144625505602,-0.36591249363022554,-0.018091769127752757,-0.10580314708493298,-0.332447458042028,0.1131692048291289,-0.316759976037143,train
2005,48,2005-12-01,66.2467498985605,0.0502064423925514,66.1965434561679,-0.4373885058192309,-0.37485279648390224,-0.4418936594431081,-0.316759976037143,-0.37038264505706386,-0.22999271428542933,-0.4590056024799631,train
2005,49,2005-12-08,43.314583867282,0.0945123050096655,43.2200715622724,-0.48062269914069616,-0.37468849324237713,-0.5194484146942275,-0.4590056024799631,-0.3747706448631397,-0.48067103706866676,-0.33855400312161277,train
2005,50,2005-12-15,194.025984944323,4.62063664722244,189.405348297101,-0.19648530710253023,-0.3579038770077783,-0.026014809620205113,-0.33855400312161277,-0.3662961851250777,-0.27273161215721525,1.2893976031979373,train
2005,51,2005-12-22,1770.30212122796,1030.91282370921,739.389297518738,2.7752805134984038,3.4479837217365925,1.8304003428410691,1.2893976031979373,1.5450399223644071,0.902192766610433,2.071009114341388,train
2005,52,2005-12-29,1023.18658994171,431.109447055156,592.077142886553,1.3667377151843714,1.223681265115841,1.3331630754845627,2.071009114341388,2.3358324934262167,1.581781709162817,1.0284325994483052,train
2006,1,2006-01-05,664.300787419355,187.246116882723,477.054670536636,0.6901274837122382,0.31934190075925634,0.9449163623829517,1.0284325994483052,0.7715115829375487,1.1390397189337582,0.9888927483159418,train
2006,2,2006-01-12,981.241344229483,315.596236896276,665.645107333204,1.2876580129196444,0.7953136914588856,1.5814842930906026,0.9888927483159418,0.557327796109071,1.2632003277367783,1.701314623207399,train
2006,3,2006-01-19,1420.06262610338,554.270274940869,865.792351162516,2.1149712334951527,1.6804091574358604,2.2570610561833075,1.701314623207399,1.237861424447373,1.9192726746369562,1.9939165880466574,train
2006,4,2006-01-26,1291.64365884562,550.841519278522,740.802139567115,1.8728619425981612,1.667694007872257,1.8351692481706767,1.9939165880466574,1.6740515826540587,2.046115152176993,1.39330075821636,train
2006,5,2006-02-02,782.908518553783,174.887611971204,608.020906582581,0.9137395738345578,0.2735117939195843,1.3869796360486613,1.39330075821636,0.9706029008959207,1.61107444210967,2.159718728513881,train
2006,6,2006-02-09,2104.68642865218,1273.80545242575,830.880976226426,3.405697883193204,4.348723350384731,2.13922124373726,2.159718728513881,2.3111175721521575,1.7631004398929617,2.988954801724474,train
2006,7,2006-02-16,1662.59091108032,872.814311110322,789.776599970008,2.5722117202557437,2.8616934078615874,2.0004775821760874,2.988954801724474,3.605208379123159,2.069849412956675,1.6685267029147497,train
2006,8,2006-02-23,703.930495998469,182.09104496297,521.839451035499,0.7648416855737546,0.3002249041209118,1.0960828559422708,1.6685267029147497,1.5809591559912497,1.5482802190591802,0.44037515683173084,train
2006,9,2006-03-02,359.72514661773,47.7266435446365,311.998503073094,0.11590862808970612,-0.19805016365942896,0.3877859757232052,0.44037515683173084,0.05108737023074142,0.7419344158327391,0.8061055704505702,train
2006,10,2006-03-09,1091.910005894,498.989498174069,592.920507719946,1.4963025128114333,1.4754066977094353,1.3360097681161924,0.8061055704505702,0.6386782670250032,0.8618978719196999,0.8194514321272136,train
2006,11,2006-03-16,373.882899650088,37.1658882951877,336.717011354901,0.14260035144299302,-0.23721352078515565,0.47122079847672116,0.8194514321272136,0.6190965884621399,0.9036152832964579,-0.08281785925565865,train
2006,12,2006-03-23,134.751442019829,6.63144351293363,128.119998506895,-0.3082360699543112,-0.35044702893843016,-0.23287730467200057,-0.08281785925565865,-0.2938302748617929,0.1191717469023614,-0.3310545500483355,train
2006,13,2006-03-30,110.544806766718,1.12538833822995,109.419418428488,-0.3538730301423607,-0.3708656069726224,-0.2959992198960757,-0.3310545500483355,-0.3606563179555263,-0.264438262284037,-0.2558474859941462,train
2006,14,2006-04-06,214.533704489354,0.77823675457628,213.755467734778,-0.15782194184593254,-0.37215297905219974,0.05617655387743895,-0.2558474859941462,-0.3715092930124111,-0.11991133300931726,-0.30414070260733195,train
2006,15,2006-04-13,59.3136872996074,0.0724097595793454,59.241277540028,-0.45045946336873227,-0.3747704580128533,-0.46537045554669076,-0.30414070260733195,-0.3734617185325265,-0.2045969508346248,-0.46311005402949856,train
2006,16,2006-04-20,45.89350187973,1.48231511290882,44.4111867668211,-0.47576064469026585,-0.3695419847113062,-0.5154279258832711,-0.46311005402949856,-0.37215622136207976,-0.49039919071497984,-0.4791609777731124,train
2006,17,2006-04-27,42.2863105884434,0.0689110262683656,42.217399562175,-0.48256131085595977,-0.37478343266655073,-0.5228328325423554,-0.4791609777731124,-0.3721627086889285,-0.5191303792128121,-0.5124393641101502,train
2006,18,2006-05-04,10.5906352315815,1.57028157875267,9.02035365282887,-0.5423174173643416,-0.3692157710991585,-0.634886100879151,-0.5124393641101502,-0.37199960188285464,-0.5788594667107521,-0.5495659656677194,train
2006,19,2006-05-11,2.90112374039407,0.0,2.90112374039407,-0.556814513971098,-0.37503898135297536,-0.655540942073908,-0.5495659656677194,-0.37212737622606695,-0.6452135214765284,-0.5585361619091569,train
2006,20,2006-05-18,1.07473988401343,0.0,1.07473988401343,-0.5602578098472166,-0.37503898135297536,-0.6617057159186613,-0.5585361619091569,-0.37503898135297536,-0.6586233289962836,-0.5612595402987093,train
2006,21,2006-05-25,0.0120694712027097,0.0,0.0120694712027097,-0.5622612707502029,-0.37503898135297536,-0.6652926523359987,-0.5612595402987093,-0.37503898135297536,-0.663499184127329,-0.5622626492615836,train
2006,22,2006-06-01,0.0106070985092326,0.0106070985092326,0.0,-0.5622640277729652,-0.374999646137153,-0.6653333916143988,-0.5622626492615836,-0.37501931374506414,-0.6653130219751977,-0.5622740265961659,train
2006,23,2006-06-08,0.0,0.0,0.0,-0.5622840254193674,-0.37503898135297536,-0.6653333916143988,-0.5622740265961659,-0.37501931374506414,-0.6653333916143988,-0.5622840254193674,train
2006,24,2006-06-15,0.0,0.0,0.0,-0.5622840254193674,-0.37503898135297536,-0.6653333916143988,-0.5622840254193674,-0.37503898135297536,-0.6653333916143988,-0.5622804114262843,train
2006,25,2006-06-22,0.00383384923088713,0.00383384923088713,0.0,-0.5622767974332021,-0.3750247639600855,-0.6653333916143988,-0.5622804114262843,-0.37503187265653043,-0.6653333916143988,-0.5620737139601114,train
2006,26,2006-06-29,0.219271842417765,0.118011547133535,0.10126029528423,-0.5618706304870216,-0.37460134898140884,-0.6649915977370059,-0.5620737139601114,-0.37481305647074714,-0.6651624946757013,-0.5618441499326836,train
2006,27,2006-07-06,0.247363333065172,0.15175523743868,0.095608095626492,-0.5618176693783465,-0.37447621435202433,-0.6650106761648477,-0.5618441499326836,-0.3745387816667166,-0.6650011369509257,-0.5620508473988566,train
2006,28,2006-07-13,0.0,0.0,0.0,-0.5622840254193674,-0.37503898135297536,-0.6653333916143988,-0.5620508473988566,-0.37475759785249985,-0.6651720338896221,-0.5622840254193674,train
2006,29,2006-07-20,0.0,0.0,0.0,-0.5622840254193674,-0.37503898135297536,-0.6653333916143988,-0.5622840254193674,-0.37503898135297536,-0.6653333916143988,-0.5622840254193674,train
2006,30,2006-07-27,0.0,0.0,0.0,-0.5622840254193674,-0.37503898135297536,-0.6653333916143988,-0.5622840254193674,-0.37503898135297536,-0.6653333916143988,-0.5622840254193674,train
2006,31,2006-08-03,0.0,0.0,0.0,-0.5622840254193674,-0.37503898135297536,-0.6653333916143988,-0.5622840254193674,-0.37503898135297536,-0.6653333916143988,-0.5622840254193674,train
2006,32,2006-08-10,0.0,0.0,0.0,-0.5622840254193674,-0.37503898135297536,-0.6653333916143988,-0.5622840254193674,-0.37503898135297536,-0.6653333916143988,-0.5608538572143793,train
2006,33,2006-08-17,1.51717204415367,1.082725346564,0.434446697589672,-0.5594236890093922,-0.3710238178144798,-0.6638669607604009,-0.5608538572143793,-0.37303139958372755,-0.6646001761873988,-0.5608538572143793,train
2006,34,2006-08-24,0.0,0.0,0.0,-0.5622840254193674,-0.37503898135297536,-0.6653333916143988,-0.5608538572143793,-0.37303139958372755,-0.6646001761873988,-0.5622840254193674,train
2006,35,2006-08-31,0.0,0.0,0.0,-0.5622840254193674,-0.37503898135297536,-0.6653333916143988,-0.5622840254193674,-0.37503898135297536,-0.6653333916143988,-0.5622840254193674,train
2006,36,2006-09-07,0.0,0.0,0.0,-0.5622840254193674,-0.37503898135297536,-0.6653333916143988,-0.5622840254193674,-0.37503898135297536,-0.6653333916143988,-0.5622840254193674,train
2006,37,2006-09-14,0.0,0.0,0.0,-0.5622840254193674,-0.37503898135297536,-0.6653333916143988,-0.5622840254193674,-0.37503898135297536,-0.6653333916143988,-0.5619846622395537,train
2006,38,2006-09-21,0.317574846006075,0.270223909240675,0.0473509367653993,-0.5616852990597407,-0.37403688678572794,-0.6651735633201022,-0.5619846622395537,-0.37453793406935165,-0.6652534774672494,-0.5619846622395537,train
2006,39,2006-09-28,0.0,0.0,0.0,-0.5622840254193674,-0.37503898135297536,-0.6653333916143988,-0.5619846622395537,-0.37453793406935165,-0.6652534774672494,-0.5622126098187552,train
2006,40,2006-10-05,0.0757601465245418,0.0371848706723736,0.0385752758521681,-0.5621411942181439,-0.3749010854984254,-0.6652031846752623,-0.5622126098187552,-0.37497003342570034,-0.6652682881448295,-0.5578074645270992,train
2006,41,2006-10-12,4.67313093916371,0.999236375142643,3.67389456402106,-0.5534737348360552,-0.3713334271489074,-0.6529325323768771,-0.5578074645270992,-0.3731172563236664,-0.6590678585260686,-0.5534617479601018,train
2006,42,2006-10-19,4.68584703299726,1.44947428411476,3.23637274888249,-0.5534497610841494,-0.3696637711816852,-0.6544093429789047,-0.5534617479601018,-0.37049859916529626,-0.6536709376778899,-0.5063471831301488,train
2006,43,2006-10-26,54.6538957073821,12.2161461090425,42.4377495983395,-0.459244605176149,-0.3297367959062046,-0.5220890632986163,-0.5063471831301488,-0.3497002835439449,-0.5882492031387594,-0.44686056946225705,train
2006,44,2006-11-02,67.7913103928664,14.7605694395436,53.0307409533229,-0.434476533748366,-0.3203010919988873,-0.48633349317859137,-0.44686056946225705,-0.32501894395254594,-0.5042112782386028,-0.4633847807068863,train
2006,45,2006-11-09,37.1244391968743,1.18770812896963,35.9367310679046,-0.49229302766540756,-0.3706345011318857,-0.5440325933296488,-0.4633847807068863,-0.3454677965653865,-0.5151830432541191,-0.4986033882111255,train
2006,46,2006-11-16,30.4301898245935,0.0669998304434837,30.36318999415,-0.5049137487568442,-0.3747905201184289,-0.5628455170828358,-0.4986033882111255,-0.3727125106251573,-0.5534390552062413,-0.5174856142247113,train
2006,47,2006-11-23,17.0935188203078,0.0414047033129178,17.0521141169949,-0.5300574796925793,-0.3748854367300552,-0.6077757063890591,-0.5174856142247113,-0.37483797842424205,-0.5853106117359463,-0.5314479621549582,train
2006,48,2006-11-30,15.618446788605,0.0615317052814507,15.5569150833235,-0.5328384446173379,-0.37481079803733436,-0.612822599386539,-0.5314479621549582,-0.3748481173836948,-0.610299152887798,-0.5350420158671934,train
2006,49,2006-12-07,13.2808219652289,0.428728932779236,12.8520930324497,-0.5372455871170498,-0.37344908897236734,-0.621952452443269,-0.5350420158671934,-0.37412994350485085,-0.617387525914903,-0.5389690696005583,train
2006,50,2006-12-14,11.4524919593951,0.354921438510401,11.0975705208847,-0.5406925520840677,-0.37372279565227134,-0.6278746655922405,-0.5389690696005583,-0.37358594231231934,-0.6249135590177537,-0.3352968991409408,train
2006,51,2006-12-21,229.343325743315,42.8403446057129,186.502981137602,-0.12990124619781473,-0.21617044633316218,-0.03581145619602841,-0.3352968991409408,-0.29494662099271673,-0.3318430608941334,0.9435571849655917,train
2006,52,2006-12-28,1368.10526762014,541.70822217877,826.397045441383,2.0170156161289974,1.6338242165927348,2.1240861892257206,0.9435571849655917,0.7088268851297863,1.044137366514847,2.0489248377446776,train
2007,1,2007-01-04,1401.95567683577,542.801540288469,859.154136547297,2.080834059360357,1.6378786621859514,2.2346544346547645,2.0489248377446776,1.635851439389343,2.1793703119402434,1.855107515242272,train
2007,2,2007-01-11,1162.49712841814,330.424030643988,832.073097774162,1.6293809711241862,0.8503008744975769,2.143245129357785,1.855107515242272,1.2440897683417642,2.1889497820062758,1.6586726172603306,train
2007,3,2007-01-18,1193.57072276181,363.208865757373,830.361857004445,1.6879642633964742,0.9718796986939409,2.1374690093475412,1.6586726172603306,0.9110902865957589,2.140357069352664,1.4338716575539707,train
2007,4,2007-01-25,924.020472052841,238.819880149142,685.200591903696,1.1797790517114661,0.5105973234456093,1.6474918518962038,1.4338716575539707,0.741238511069775,1.8924804306218734,1.655545205905573,train
2007,5,2007-02-01,1428.72971267259,720.47835412715,708.251358545452,2.1313113600996796,2.2967728746703004,1.7252973815487795,1.655545205905573,1.4036850990579548,1.6863946167224926,2.4895280987702,train
2007,6,2007-02-08,1808.73845553478,926.638619123812,882.099836410975,2.84774483744072,3.0612947192249425,2.3121053220325605,2.4895280987702,2.6790337969476212,2.018701351790671,2.143438419642019,train
2007,7,2007-02-15,1061.58577525864,270.49850651835,791.087268740296,1.4391320018433178,0.6280738986000717,2.004901611947255,2.143438419642019,1.8446843089125071,2.1585034669899086,1.277545735092303,train
2007,8,2007-02-22,890.169458087806,160.222418255836,729.947039831969,1.115959468341288,0.21912759456765865,1.7985289577434327,1.277545735092303,0.42360074658386515,1.9017152848453447,0.9201902234739514,train
2007,9,2007-03-01,682.490651929217,74.8418686097367,607.648783319478,0.7244209786066145,-0.09749644210391811,1.3857235716395353,0.9201902234739514,0.06081557623187027,1.5921262646914849,0.5576157488165043,train
2007,10,2007-03-08,505.53787772153,42.6625013660184,462.875376355511,0.39081051902639363,-0.2168299577169636,0.8970555900707787,0.5576157488165043,-0.15716319991044087,1.141389580855158,0.5897004771880807,train
2007,11,2007-03-15,716.527244799803,165.650362397627,550.876882402174,0.7885904353497674,0.23925650673940427,1.1940957664170937,0.5897004771880807,0.01121327451122034,1.0455756782439372,0.4373176985903901,train
2007,12,2007-03-22,343.884940051252,18.0291698253308,325.855770225922,0.08604496183101236,-0.3081798600238774,0.43455977839621196,0.4373176985903901,-0.03446167664223658,0.8143277724066538,0.02909354141764451,train
2007,13,2007-03-29,283.468897641224,9.39192831437889,274.076969326845,-0.02785787899572378,-0.3402100856928433,0.2597856768949596,0.02909354141764451,-0.32419497285836035,0.3471727276455867,-0.17681463222915195,train
2007,14,2007-04-05,125.450406525619,20.3027418227392,105.14766470288,-0.32577138546258055,-0.29974857741364896,-0.3104180922195766,-0.17681463222915195,-0.3199793315532461,-0.025316207662307605,-0.3440072545938442,train
2007,15,2007-04-12,106.105163951835,1.7396326967686,104.365531255067,-0.3622431237251083,-0.36858775178066844,-0.31305810450688376,-0.3440072545938442,-0.3341681645971587,-0.3117380983632293,-0.3503174335508791,train
2007,16,2007-04-19,118.756349788913,0.207445585250725,118.548904203662,-0.33839174337665023,-0.3742696930447596,-0.2651835647279595,-0.3503174335508791,-0.371428722412714,-0.2891208346174208,-0.4081933783157726,train
2007,17,2007-04-26,44.7083540381091,0.0,44.7083540381091,-0.47799501325489546,-0.37503898135297536,-0.5144248678376403,-0.4081933783157726,-0.3746543371988675,-0.389804216282799,-0.5020791060997996,train
2007,18,2007-05-03,19.1591128749643,0.0641550329729793,19.0949578419914,-0.526163198944704,-0.37480106972559774,-0.6008802941673733,-0.5020791060997996,-0.37492002553928655,-0.5576525810025059,-0.5411269755155359,train
2007,19,2007-05-10,3.28501959764595,0.347063617786132,2.93795597985981,-0.5560907520863683,-0.3737519354847914,-0.6554166185776678,-0.5411269755155359,-0.37427650260519457,-0.6281484563725197,-0.558998577803491,train
2007,20,2007-05-17,0.200297204919808,0.0,0.200297204919808,-0.5619064035206143,-0.37503898135297536,-0.6646573086728238,-0.558998577803491,-0.3743954584188834,-0.6600369636252449,-0.5617729643636438,train
2007,21,2007-05-24,0.341854091616666,0.181727549524221,0.160126542092444,-0.5616395252066736,-0.3743650654489048,-0.6647929006792135,-0.5617729643636438,-0.37470202340094005,-0.6647251046760178,-0.5619617753130203,train
2007,22,2007-05-31,0.0,0.0,0.0,-0.5622840254193674,-0.37503898135297536,-0.6653333916143988,-0.5619617753130203,-0.37470202340094005,-0.6650631461468053,-0.5622840254193674,train
2007,23,2007-06-07,0.0,0.0,0.0,-0.5622840254193674,-0.37503898135297536,-0.6653333916143988,-0.5622840254193674,-0.37503898135297536,-0.6653333916143988,-0.5622840254193674,train
2007,24,2007-06-14,0.0,0.0,0.0,-0.5622840254193674,-0.37503898135297536,-0.6653333916143988,-0.5622840254193674,-0.37503898135297536,-0.6653333916143988,-0.5622840254193674,train
2007,25,2007-06-21,0.0,0.0,0.0,-0.5622840254193674,-0.37503898135297536,-0.6653333916143988,-0.5622840254193674,-0.37503898135297536,-0.6653333916143988,-0.5622784294564827,train
2007,26,2007-06-28,0.00593639155102931,0.00593639155102931,0.0,-0.5622728334935982,-0.37501696692153935,-0.6653333916143988,-0.5622784294564827,-0.37502797413725736,-0.6653333916143988,-0.5622784294564827,train
2007,27,2007-07-05,0.0,0.0,0.0,-0.5622840254193674,-0.37503898135297536,-0.6653333916143988,-0.5622784294564827,-0.37502797413725736,-0.6653333916143988,-0.5622772955638465,train
2007,28,2007-07-12,0.00713926419389474,0.00713926419389474,0.0,-0.5622705657083261,-0.37501250620544696,-0.6653333916143988,-0.5622772955638465,-0.37502574377921116,-0.6653333916143988,-0.5622050248056399,train
2007,29,2007-07-19,0.0766673273663805,0.0578637440373545,0.018803583329026,-0.5621394839029542,-0.3748244002535332,-0.665269922022128,-0.5622050248056399,-0.3749184532294901,-0.6653016568182625,-0.5621605497632235,train
2007,30,2007-07-26,0.0543199320212467,0.0484253962740227,0.00589453574722399,-0.5621816156234932,-0.37485940129042883,-0.6653134952056157,-0.5621605497632235,-0.374841900771981,-0.665291708613871,-0.5622328205214301,train
2007,31,2007-08-02,0.0,0.0,0.0,-0.5622840254193674,-0.37503898135297536,-0.6653333916143988,-0.5622328205214301,-0.3749491913217021,-0.6653234434100064,-0.5622840254193674,train
2007,32,2007-08-09,0.0,0.0,0.0,-0.5622840254193674,-0.37503898135297536,-0.6653333916143988,-0.5622840254193674,-0.37503898135297536,-0.6653333916143988,-0.5622840254193674,train
2007,33,2007-08-16,0.0,0.0,0.0,-0.5622840254193674,-0.37503898135297536,-0.6653333916143988,-0.5622840254193674,-0.37503898135297536,-0.6653333916143988,-0.5622804119916875,train
2007,34,2007-08-23,0.00383324943176761,0.00383324943176761,0.0,-0.5622767985640083,-0.37502476618437214,-0.6653333916143988,-0.5622804119916875,-0.37503187376867375,-0.6653333916143988,-0.5622743129603214,train
2007,35,2007-08-30,0.00647006404771405,0.0,0.00647006404771405,-0.562271827356635,-0.37503898135297536,-0.665311552568091,-0.5622743129603214,-0.37503187376867375,-0.6653224720912441,-0.5621818962188689,train
2007,36,2007-09-06,0.101872134686178,0.0901334586190989,0.0117386760670791,-0.5620919650811035,-0.37470473169511487,-0.6652937689014967,-0.5621818962188689,-0.3748718565240451,-0.6653026607347929,-0.5621879952502352,train
2007,37,2007-09-13,0.0,0.0,0.0,-0.5622840254193674,-0.37503898135297536,-0.6653333916143988,-0.5621879952502352,-0.3748718565240451,-0.6653135802579468,-0.5622840254193674,train
2007,38,2007-09-20,0.0,0.0,0.0,-0.5622840254193674,-0.37503898135297536,-0.6653333916143988,-0.5622840254193674,-0.37503898135297536,-0.6653333916143988,-0.5569823244566301,train
2007,39,2007-09-27,5.62422829641709,3.22233419586381,2.40189410055327,-0.5516806234938932,-0.36308932226986745,-0.6572260411922911,-0.5569823244566301,-0.3690641518114214,-0.661279716403344,-0.5569823244566301,train
2007,40,2007-10-04,0.0,0.0,0.0,-0.5622840254193674,-0.37503898135297536,-0.6653333916143988,-0.5569823244566301,-0.3690641518114214,-0.661279716403344,-0.5622645681000542,train
2007,41,2007-10-11,0.0206409992984089,0.0206409992984089,0.0,-0.5622451107807416,-0.37496243655974215,-0.6653333916143988,-0.5622645681000542,-0.37500070895635873,-0.6653333916143988,-0.5622645681000542,train
2007,42,2007-10-18,0.0,0.0,0.0,-0.5622840254193674,-0.37503898135297536,-0.6653333916143988,-0.5622645681000542,-0.37500070895635873,-0.6653333916143988,-0.5622695033323171,train
2007,43,2007-10-25,0.0154055337116128,0.0154055337116128,0.0,-0.5622549812452672,-0.37498185168713144,-0.6653333916143988,-0.5622695033323171,-0.3750104165200534,-0.6653333916143988,-0.5621141447371115,train
2007,44,2007-11-01,0.164809787158509,0.140868360495714,0.023941426662795,-0.5619733082289563,-0.37451658709427904,-0.6652525797519958,-0.5621141447371115,-0.37474921939070527,-0.6652929856831964,-0.5589988946300886,train
2007,45,2007-11-08,3.32017091476203,3.22501119533532,0.0951597194267079,-0.5560244810312212,-0.3630793949224522,-0.6650121896133263,-0.5589988946300886,-0.36879799100836563,-0.6651323846826602,-0.5445514113935248,train
2007,46,2007-11-15,15.491201185353,0.482501021869416,15.0087001634836,-0.5330783417558288,-0.37324968130892916,-0.6146730433593794,-0.5445514113935248,-0.3681645381156907,-0.639842616486352,0.016298103954581866,train
2007,47,2007-11-22,598.288792574658,5.9230496095016,592.365742965157,0.5656745496649921,-0.3530740269864385,1.3341372158384406,0.016298103954581866,-0.36316185414768387,0.35973208623953146,0.26160526741468754,train
2007,48,2007-11-29,275.721549849504,0.705810482844078,275.01573936666,-0.042464014835617424,-0.3724215636257587,0.2629544001441665,0.26160526741468754,-0.3627477953060986,0.7985458079913044,0.4108972882969967,train
2007,49,2007-12-06,756.662947242576,73.326438176431,683.336509066143,0.8642585914296104,-0.10311624313678867,1.641199828956309,0.4108972882969967,-0.23776890338127368,0.9520771145502387,0.6407754491013379,train
2007,50,2007-12-13,519.584277266823,31.0379289843719,488.546348282453,0.41729230677306495,-0.2599383594233702,0.9837053574522234,0.6407754491013379,-0.18152730128007943,1.3124525932042672,0.3599592361957182,train
2007,51,2007-12-20,458.763367123464,3.84724235398765,454.916124769476,0.30262616561837097,-0.3607719215926136,0.870189941959633,0.3599592361957182,-0.3103551405079919,0.926947649705929,0.2514899736189007,train
2007,52,2007-12-27,404.516320744228,3.08556004396209,401.430760700266,0.20035378161942996,-0.3635965336226516,0.6896555092120762,0.2514899736189007,-0.3621842276076326,0.7799227255858554,0.7176044333222473,train
2008,1,2008-01-03,953.2337554117,163.488054337073,789.745701074627,1.2348550850250641,0.2312378337571161,2.0003732860822456,0.7176044333222473,-0.06617934993276775,1.3450143976471618,1.1229883553153597,train
2008,2,2008-01-10,834.561647896955,124.033469829653,710.5281780673,1.011121625605655,0.08492500415225424,1.7329825553902347,1.1229883553153597,0.15808141895468517,1.8666779207362412,0.9274558781194218,train
2008,3,2008-01-17,745.806120612363,93.2447869210527,652.561333691311,0.8437901306331884,-0.029251317114466234,1.537321339472486,0.9274558781194218,0.027836843518894,1.6351519474313614,1.2218987241470272,train
2008,4,2008-01-24,1146.91683313756,384.091619434493,762.825213703067,1.6000073176608656,1.0493210104853787,1.909505905790631,1.2218987241470272,0.5100348466854563,1.7234136226315595,2.9531657253342676,train
2008,5,2008-01-31,2582.39421284296,1635.79690982529,946.597303017661,4.306324133007669,5.691127410297055,2.5298099922751565,2.9531657253342676,3.370224210391217,2.2196579490328947,3.633052644090074,train
2008,6,2008-02-07,1868.16446172054,966.342007865114,901.822453855437,2.9597811551724775,3.208530210972403,2.3786770209374346,3.633052644090074,4.449828810634729,2.4542435066062964,1.7791825281708487,train
2008,7,2008-02-14,615.74448342253,169.611695609041,446.132787813492,0.5985839011692188,0.2539466594404344,0.8405426770942888,1.7791825281708487,1.7312384352064187,1.6096098490158626,1.828623880637563,train
2008,8,2008-02-21,1920.61356352972,1072.4759631837,848.137600346016,3.058663860105906,3.6021158871033454,2.1974692317763176,1.828623880637563,1.9280312732718898,1.519005954435304,2.3068132188749386,train
2008,9,2008-02-28,1123.02432173524,363.659764701493,759.364557033743,1.5549625776439702,0.9735518060346636,1.8978248094832,2.3068132188749386,2.2878338465690047,2.0476470206297597,1.0371623572358972,train
2008,10,2008-03-06,573.723885520783,100.472429467155,473.251456053629,0.5193621368278236,-0.0024484285402920866,0.9320789968483638,1.0371623572358972,0.4855516887471858,1.414951903165783,0.46636863440574416,train
2008,11,2008-03-13,517.506539815446,49.3071727650816,468.199367050364,0.4133751319836639,-0.1921889511944238,0.9150261817789106,0.46636863440574416,-0.09731868986735795,0.923552589313638,0.08873916980226935,train
2008,12,2008-03-20,173.121449564604,2.98373895422913,170.137710610375,-0.23589679237912606,-0.36397412552833946,-0.09105077040486736,0.08873916980226935,-0.2780815383613816,0.4119877056870225,-0.30171283956671174,train
2008,13,2008-03-27,103.301503560022,0.227985924072252,103.07351763595,-0.3675288867542983,-0.3741935215394316,-0.31741916570350526,-0.30171283956671174,-0.3690838235338855,-0.20423496805418542,-0.3954555680084444,train
2008,14,2008-04-03,73.675911313585,0.0425831922941978,73.6333281212908,-0.4233822492625913,-0.3748810664379925,-0.41679154554057624,-0.3954555680084444,-0.37453729398871205,-0.36710535562203983,-0.4512965580502638,train
2008,15,2008-04-10,44.0634442087821,0.0,44.0634442087821,-0.4792108668379371,-0.37503898135297536,-0.5166016956902134,-0.4512965580502638,-0.37496002389548394,-0.46669662061539396,-0.49948444973144623,train
2008,16,2008-04-17,22.5565241880483,0.0,22.5565241880483,-0.5197580326249563,-0.37503898135297536,-0.5891961273382058,-0.49948444973144623,-0.37503898135297536,-0.5528989115142088,-0.5306558496661948,train
2008,17,2008-04-24,10.9957418271982,1.01059236828815,9.98514945891005,-0.5415536667074344,-0.3712913147426855,-0.631629530290182,-0.5306558496661948,-0.3731651480478304,-0.610412828814193,-0.5471836403186234,train
2008,18,2008-05-01,5.02327051757785,0.0607299616956899,4.96254055588216,-0.5528136139298135,-0.3748137712120393,-0.6485828382651943,-0.5471836403186234,-0.3730525429773624,-0.6401061842776872,-0.5489459636154874,train
2008,19,2008-05-08,9.12620813917594,0.0140172111813495,9.11219092799459,-0.5450783133011622,-0.37498700012299363,-0.6345761134523912,-0.5489459636154874,-0.3749003856675165,-0.6415794758587918,-0.553046267019977,train
2008,20,2008-05-15,0.673526427235878,0.0,0.673526427235878,-0.5610142207387928,-0.37503898135297536,-0.6630599713320917,-0.553046267019977,-0.3750129907379845,-0.6488180423922405,-0.5616449144656566,train
2008,21,2008-05-22,0.0044646431152187,0.0,0.0044646431152187,-0.5622756081925214,-0.37503898135297536,-0.6653183216634644,-0.5616449144656566,-0.37503898135297536,-0.6641891464977772,-0.562279816805944,train
2008,22,2008-05-29,0.0,0.0,0.0,-0.5622840254193674,-0.37503898135297536,-0.6653333916143988,-0.562279816805944,-0.37503898135297536,-0.6653258566389306,-0.5622840254193674,train
2008,23,2008-06-05,0.0,0.0,0.0,-0.5622840254193674,-0.37503898135297536,-0.6653333916143988,-0.5622840254193674,-0.37503898135297536,-0.6653333916143988,-0.5622840254193674,train
2008,24,2008-06-12,0.0,0.0,0.0,-0.5622840254193674,-0.37503898135297536,-0.6653333916143988,-0.5622840254193674,-0.37503898135297536,-0.6653333916143988,-0.5622840254193674,train
2008,25,2008-06-19,0.0,0.0,0.0,-0.5622840254193674,-0.37503898135297536,-0.6653333916143988,-0.5622840254193674,-0.37503898135297536,-0.6653333916143988,-0.5622748735039499,train
2008,26,2008-06-26,0.00970866935286222,0.00970866935286222,0.0,-0.5622657215885334,-0.3750029778592762,-0.6653333916143988,-0.5622748735039499,-0.3750209796061258,-0.6653333916143988,-0.5622748735039499,train
2008,27,2008-07-03,0.0,0.0,0.0,-0.5622840254193674,-0.37503898135297536,-0.6653333916143988,-0.5622748735039499,-0.3750209796061258,-0.6653333916143988,-0.5622840254193674,train
2008,28,2008-07-10,0.0,0.0,0.0,-0.5622840254193674,-0.37503898135297536,-0.6653333916143988,-0.5622840254193674,-0.37503898135297536,-0.6653333916143988,-0.5622840254193674,train
2008,29,2008-07-17,0.0,0.0,0.0,-0.5622840254193674,-0.37503898135297536,-0.6653333916143988,-0.5622840254193674,-0.37503898135297536,-0.6653333916143988,-0.5622840254193674,train
2008,30,2008-07-24,0.0,0.0,0.0,-0.5622840254193674,-0.37503898135297536,-0.6653333916143988,-0.5622840254193674,-0.37503898135297536,-0.6653333916143988,-0.5622840254193674,train
2008,31,2008-07-31,0.0,0.0,0.0,-0.5622840254193674,-0.37503898135297536,-0.6653333916143988,-0.5622840254193674,-0.37503898135297536,-0.6653333916143988,-0.5622840254193674,train
2008,32,2008-08-07,0.0,0.0,0.0,-0.5622840254193674,-0.37503898135297536,-0.6653333916143988,-0.5622840254193674,-0.37503898135297536,-0.6653333916143988,-0.5621890208888969,train
2008,33,2008-08-14,0.100784101614267,0.00969947428579206,0.0910846273284753,-0.5620940163584275,-0.3750030119581344,-0.6650259446742323,-0.5621890208888969,-0.3750209966555549,-0.6651796681443146,-0.5615710156389776,train
2008,34,2008-08-21,0.655601407616264,0.390667102697069,0.264934304919195,-0.5610480149195287,-0.3735902369309326,-0.6644391326841975,-0.5615710156389776,-0.3742966244445335,-0.664732538679214,-0.5616660201694476,train
2008,35,2008-08-28,0.0,0.0,0.0,-0.5622840254193674,-0.37503898135297536,-0.6653333916143988,-0.5616660201694476,-0.37431460914195397,-0.6648862621492972,-0.5622840254193674,train
2008,36,2008-09-04,0.0,0.0,0.0,-0.5622840254193674,-0.37503898135297536,-0.6653333916143988,-0.5622840254193674,-0.37503898135297536,-0.6653333916143988,-0.5622784341739603,train
2008,37,2008-09-11,0.00593138708671563,0.00593138708671563,0.0,-0.5622728429285542,-0.3750169854800249,-0.6653333916143988,-0.5622784341739603,-0.3750279834165001,-0.6653333916143988,-0.5615575007653345,train
2008,38,2008-09-18,0.764791168933152,0.730512769548171,0.0342783993849818,-0.5608421586021158,-0.37232995801108776,-0.6652176883468571,-0.5615575007653345,-0.3736734717455563,-0.665275539980627,-0.5612584132643255,train
2008,39,2008-09-25,0.323213783454026,0.172719392174084,0.150494391279941,-0.561674667926536,-0.3743984711736863,-0.6648254130293365,-0.5612584132643255,-0.373364214592387,-0.6650215506880959,-0.5619793466729512,train
2008,40,2008-10-02,0.0,0.0,0.0,-0.5622840254193674,-0.37503898135297536,-0.6653333916143988,-0.5619793466729512,-0.3747187262633308,-0.6650794023218667,-0.5620011304095642,train
2008,41,2008-10-09,0.300104839980639,0.268713656690974,0.0313911832896651,-0.5617182353997621,-0.3740424873851696,-0.6652274338525493,-0.5620011304095642,-0.3745407343690725,-0.6652804127334732,-0.5618309261095373,train
2008,42,2008-10-16,0.18055862582817,0.0770031771503201,0.10355544867785,-0.5619436168193135,-0.3747534238473499,-0.664983850679036,-0.5618309261095373,-0.37439795561625977,-0.6651056422657917,-0.5602396272864019,train
2008,43,2008-10-23,1.98820983346045,1.42303689812281,0.565172935337635,-0.5585356377534912,-0.36976181121429813,-0.6634257075766978,-0.5602396272864019,-0.372257617530824,-0.664204779127866,-0.5592119851466817,train
2008,44,2008-10-30,1.27071705638222,0.102691381478252,1.16802567490397,-0.5598883325398732,-0.3746581620695461,-0.661390839173688,-0.5592119851466817,-0.3722099866419221,-0.662408273375192,-0.5606266740843415,train
2008,45,2008-11-06,0.487458733061396,0.321439667185715,0.16601906587568,-0.5613650156288109,-0.3738469589849704,-0.6647730110616112,-0.5606266740843415,-0.37425256052725825,-0.6630819251176487,-0.520962343387872,train
2008,46,2008-11-13,43.3480150083889,0.231089518677479,43.1169254897114,-0.48055967114693404,-0.3741820122125864,-0.5197965738219441,-0.520962343387872,-0.37401448559877837,-0.5922847924417768,-0.43644485190246785,train
2008,47,2008-11-20,90.1465455988349,16.4494461536467,73.6970994451882,-0.3923300326580027,-0.314038085203119,-0.4165762918915503,-0.43644485190246785,-0.34411004870785267,-0.4681864328567463,-0.3614410742659511,train
2008,48,2008-11-27,122.914624194074,11.6592904090393,111.255333785034,-0.33055211587390054,-0.3318018317991498,-0.2898022734372712,-0.3614410742659511,-0.3229199585011344,-0.35318928266440985,-0.3446708575082639,train
2008,49,2008-12-04,107.936973291486,1.49143348789905,106.445539803587,-0.35878959914262815,-0.369508170256969,-0.30603724618513406,-0.3446708575082639,-0.3506550010280594,-0.2979197598112018,-0.3723264116483269,train
2008,50,2008-12-11,93.5766529956123,1.1697955618606,92.4068574337517,-0.3858632241540267,-0.3707009278453318,-0.35342339756070934,-0.3723264116483269,-0.3701045490511504,-0.32973032187292084,-0.3697662545103645,train
2008,51,2008-12-18,110.652876794872,32.4965874475333,78.1562893473394,-0.35366928486670324,-0.25452909077089997,-0.4015247477259954,-0.3697662545103645,-0.3126150093081159,-0.3774740726433515,0.596119080562327,train
2008,52,2008-12-25,1118.22132284617,303.489801029536,814.731521816641,1.5459074459913562,0.7504183539408997,2.0847103949884254,0.596119080562327,0.24794463158499985,0.8415928236312159,1.5282371361627263,train
2009,1,2009-01-01,1099.47604519978,281.85091377934,817.625131420444,1.5105668263340952,0.6701730069779548,2.0944774813214164,1.5282371361627263,0.7102956804594273,2.0895939381549216,1.2429268661514072,train
2009,2,2009-01-08,815.554291051221,127.24312079199,688.31117025923,0.9752869059687184,0.09682762890946531,1.6579912942895751,1.2429268661514072,0.38350031794371003,1.8762343878054968,0.8315661170678295,train
2009,3,2009-01-15,663.090292534326,69.5594492256807,593.530843308645,0.6878453281669397,-0.11708569229854257,1.3380698941190523,0.8315661170678295,-0.010129031694538632,1.4980305942043146,0.5134339843042357,train
2009,4,2009-01-22,478.068688663569,28.6708636683492,449.39782499522,0.33902264044153085,-0.2687163513492939,0.8515634796215035,0.5134339843042357,-0.19290102182391822,1.0948166868702787,0.7847843255418889,train
2009,5,2009-01-29,950.948147618508,255.160778045811,695.787369572698,1.2305460106422461,0.5711956807568145,1.6832264483481338,0.7847843255418889,0.15123966470376027,1.2673949639848194,1.2007145341493384,train
2009,6,2009-02-05,919.301882505755,244.252849479756,675.049033025998,1.1708830576564297,0.5307448709573331,1.6132262924224547,1.2007145341493384,0.5509702758570738,1.648226370385295,1.148000515288677,train
2009,7,2009-02-12,895.027287770363,165.523127015806,729.504160754559,1.1251179729209233,0.2387846688282337,1.7970340642448577,1.148000515288677,0.38476476989278335,1.7051301783336572,0.7299740065806819,train
2009,8,2009-02-19,475.8448607966,187.637268130518,288.20759266608,0.3348300402404395,0.32079244057821193,0.3074821657066858,0.7299740065806819,0.2797885547032228,1.0522581149757726,1.4293313359718791,train
2009,9,2009-02-26,1636.92980338075,769.785750209361,867.144053171383,2.5238326317033177,2.4796237329749724,2.2616235894980057,1.4293313359718791,1.4002080867765923,1.2845528776023465,2.1412155477825388,train
2009,10,2009-03-05,1231.03632783307,397.653437100893,833.382890732184,1.758598463861759,1.0996134655227146,2.147666202913296,2.1412155477825388,1.7896185992488434,2.204644896205652,1.1886866114236891,train
2009,11,2009-03-12,626.454064617138,95.5665706608688,530.88749395627,0.6187747589856183,-0.020641246752702142,1.1266236089988118,1.1886866114236891,0.5394861093850062,1.6371449059560548,0.7844171473416978,train
2009,12,2009-03-19,802.173256292824,159.214379817982,642.958876474839,0.9500595356977763,0.21538939891728637,1.5049092170773724,0.7844171473416978,0.09737407608229211,1.315766413038093,0.9784396333732497,train
2009,13,2009-03-26,832.279848407946,186.344240940717,645.935607467227,1.0068197310487221,0.31599739662431525,1.5149568712441728,0.9784396333732497,0.2656933977708008,1.5099330441607735,0.5642332720626,train
2009,14,2009-04-02,362.768779463066,27.1422319283554,335.626547534711,0.12164681307647693,-0.2743851079233299,0.4675400482259611,0.5642332720626,0.02080614435049269,0.9912484597350678,0.007462025509962451,train
2009,15,2009-04-09,241.637595760766,7.06884242971835,234.568753331048,-0.10672276205655291,-0.34882498491034425,0.1264296927337675,0.007462025509962451,-0.31160504641683706,0.2969848704798652,-0.06226117835692907,train
2009,16,2009-04-16,288.803986114446,3.27552160583638,285.52846450861,-0.01779959465730612,-0.36289208282229507,0.2984390397864624,-0.06226117835692907,-0.35585853386631966,0.21243436626011583,-0.18617111857856602,train
2009,17,2009-04-23,110.189632757946,0.477257345093665,109.712375412853,-0.3545426424998268,-0.37326912688657676,-0.2950103732477976,-0.18617111857856602,-0.36808060485443594,0.0017143332693332625,-0.38631795705790306,train
2009,18,2009-04-30,76.4812767942355,0.0,76.4812767942355,-0.41809327161598014,-0.37503898135297536,-0.40717858305800037,-0.38631795705790306,-0.3741540541197761,-0.35109447815289807,-0.4452818335610854,train
2009,19,2009-05-07,47.638707116068,0.827066573725005,46.8116405423431,-0.4724703955061915,-0.3719718992335186,-0.5073254371325202,-0.4452818335610854,-0.37350544029324695,-0.4572520100952594,-0.4896701831939122,train
2009,20,2009-05-14,29.3925756790911,0.00514284695163439,29.3874328321395,-0.5068699708816339,-0.3750199096912379,-0.5661390866192605,-0.4896701831939122,-0.37349590446237824,-0.5367322618758894,-0.5238346137028764,train
2009,21,2009-05-21,11.3958940736116,0.00891520831388368,11.3869788652977,-0.5407992565241199,-0.37500592031910046,-0.6268977970189351,-0.5238346137028764,-0.3750129150051692,-0.596518441819097,-0.5450382554206281,train
2009,22,2009-05-28,6.89901699401164,0.0,6.89901699401164,-0.5492772543171375,-0.37503898135297536,-0.6420464580540708,-0.5450382554206281,-0.3750224508360379,-0.6344721275365021,-0.55382327158189,train
2009,23,2009-06-04,2.07644417896069,0.0,2.07644417896069,-0.5583692888466437,-0.37503898135297536,-0.658324564461319,-0.55382327158189,-0.37503898135297536,-0.650185511257694,-0.5601617890552939,train
2009,24,2009-06-11,0.174897776082791,0.0,0.174897776082791,-0.5619542892639452,-0.37503898135297536,-0.6647430418739902,-0.5601617890552939,-0.37503898135297536,-0.6615338031676538,-0.5621191573416557,train
2009,25,2009-06-18,0.0,0.0,0.0,-0.5622840254193674,-0.37503898135297536,-0.6653333916143988,-0.5621191573416557,-0.37503898135297536,-0.6650382167441936,-0.5620625896029885,train
2009,26,2009-06-25,0.234906795586781,0.148124442022242,0.0867823535645386,-0.5618411537866106,-0.37448967874298744,-0.6650404665638561,-0.5620625896029885,-0.3747643300479814,-0.6651869290891266,-0.5618351786903202,train
2009,27,2009-07-02,0.241245385006244,0.169270853043353,0.0719745319628908,-0.5618292035940307,-0.3744112596879875,-0.665090448866858,-0.5618351786903202,-0.37445046921548747,-0.6650654577153561,-0.562026625534894,train
2009,28,2009-07-09,0.0318133416027742,0.0239121821036778,0.00790115949909645,-0.5622240474757584,-0.3749503057511589,-0.6653067220502472,-0.562026625534894,-0.37468078271957317,-0.6651985854585517,-0.5622540364475623,train
2009,29,2009-07-16,0.0,0.0,0.0,-0.5622840254193674,-0.37503898135297536,-0.6653333916143988,-0.5622540364475623,-0.37499464355206713,-0.6653200568323221,-0.5622338991535853,train
2009,30,2009-07-23,0.0531756816130728,0.0129268649443492,0.0402488166687235,-0.5621837728878043,-0.3749910435477357,-0.665197535807628,-0.5622338991535853,-0.3750150124503555,-0.6652654637110125,-0.5622338991535853,train
2009,31,2009-07-30,0.0,0.0,0.0,-0.5622840254193674,-0.37503898135297536,-0.6653333916143988,-0.5622338991535853,-0.3750150124503555,-0.6652654637110125,-0.5622012966565457,train
2009,32,2009-08-06,0.0877615414479874,0.0582630158298517,0.0294985256181356,-0.5621185678937252,-0.3748229195995998,-0.665233822326949,-0.5622012966565457,-0.37493095047628755,-0.665283606970673,-0.5622012966565457,train
2009,33,2009-08-13,0.0,0.0,0.0,-0.5622840254193674,-0.37503898135297536,-0.6653333916143988,-0.5622012966565457,-0.37493095047628755,-0.665283606970673,-0.5622840254193674,train
2009,34,2009-08-20,0.0,0.0,0.0,-0.5622840254193674,-0.37503898135297536,-0.6653333916143988,-0.5622840254193674,-0.37503898135297536,-0.6653333916143988,-0.5621896233273651,train
2009,35,2009-08-27,0.100145013988735,0.0165487018951408,0.0835963120935944,-0.5620952212353639,-0.37497761237822136,-0.6650512207243572,-0.5621896233273651,-0.37500829686559833,-0.6651923061693771,-0.5617973237361991,train
2009,36,2009-09-03,0.41616501511805,0.0,0.41616501511805,-0.5614994262370353,-0.37503898135297536,-0.6639286687291531,-0.5617973237361991,-0.37500829686559833,-0.6644899447267543,-0.5617659271228025,train
2009,37,2009-09-10,0.133451630623274,0.114943402312023,0.0185082283112508,-0.5620324280085707,-0.37461272684677166,-0.6652709189630953,-0.5617659271228025,-0.3748258540998735,-0.6645997938461233,-0.5581100762695819,train
2009,38,2009-09-17,4.29441842108701,3.57022711618267,0.724191304904333,-0.5541877245305941,-0.3617992010277649,-0.6628889571657066,-0.5581100762695819,-0.3682059639372683,-0.6640799380644,-0.5581156847809656,train
2009,39,2009-09-24,0.127501927189066,0.127501927189066,0.0,-0.5620436450313381,-0.3745661549886881,-0.6653333916143988,-0.5581156847809656,-0.3681826780082265,-0.6641111743900519,-0.5611877063683889,train
2009,40,2009-10-01,1.03551135321827,1.03551135321827,0.0,-0.5603317677054407,-0.3711989055273427,-0.6653333916143988,-0.5611877063683889,-0.37288253025801543,-0.6653333916143988,-0.5610461412222003,train
2009,41,2009-10-08,0.277679145137813,0.25743967819465,0.0202394669431631,-0.5617605147389609,-0.3740842956494131,-0.6652650753423254,-0.5610461412222003,-0.3726416005883779,-0.6652992334783612,-0.5617690861274831,train
2009,42,2009-10-15,0.268586318852972,0.163482033977185,0.105104284875787,-0.5617776575160063,-0.3744327268636837,-0.6649786227392195,-0.5617690861274831,-0.3742585112565484,-0.6651218490407715,-0.5605504191316026,train
2009,43,2009-10-22,1.57048336972797,0.752178807404833,0.818304562323142,-0.5593231807472001,-0.37224961197919537,-0.6625712873912214,-0.5605504191316026,-0.3733411694214395,-0.6637749550652196,-0.3503857129093074,train
2009,44,2009-10-29,223.218597258999,22.7603932878814,200.458203971117,-0.1414482450714157,-0.29063465707874175,0.01129298596228395,-0.3503857129093074,-0.33144213452896854,-0.32563915071446786,-0.23190345068451962,train
2009,45,2009-11-05,127.260577268222,0.0954817254891108,127.165095542733,-0.3223586562976245,-0.3746848982570239,-0.23610048297440256,-0.23190345068451962,-0.3326597776678828,-0.11240374850605842,-0.33271506615103996,train
2009,46,2009-11-12,116.274138433542,8.22675424865246,108.047384184889,-0.3430714760044565,-0.34453100090883226,-0.30063038261112884,-0.33271506615103996,-0.3596079495829281,-0.2683654327927648,-0.3500368866996275,train
2009,47,2009-11-19,108.884989139138,0.306231064692574,108.578758074445,-0.35700229739479955,-0.37390335835383687,-0.2988367838314006,-0.3500368866996275,-0.3592171796313346,-0.29973358322126387,-0.39676218438929634,train
2009,48,2009-11-26,66.7063217513511,0.390508095800752,66.3158136555504,-0.4365220713837941,-0.3735908265898839,-0.4414910749573533,-0.39676218438929634,-0.3737470924718604,-0.37016392939437603,-0.43034851076603226,train
2009,49,2009-12-03,73.2554490144878,2.67292904582972,70.5825199686581,-0.4241749501482714,-0.3651267286474673,-0.4270892396638594,-0.43034851076603226,-0.36935877761867564,-0.4342901573106055,-0.30528304025938025,train
2009,50,2009-12-10,199.380111365673,9.44529661669433,189.934814748979,-0.18639113037049015,-0.3400121754266355,-0.024227649203292446,-0.30528304025938025,-0.35256945203705137,-0.22565844443357505,0.10895101560129461,train
2009,51,2009-12-17,512.689305183632,21.6724112863305,491.016893897301,0.4042931615730784,-0.29466931432310167,0.9920444341120812,0.10895101560129461,-0.3173407448748686,0.48390839245439526,0.2022217730755605,train
2009,52,2009-12-24,298.324966441807,0.752226742918642,297.572739698889,0.00015038457804159217,-0.37224943421580614,0.3390932715968472,0.2022217730755605,-0.33345937426945393,0.6655688528544651,-0.0789008688233246,train
2009,53,2009-12-31,214.464654558492,1.76327761627631,212.701376942216,-0.1579521222246918,-0.3685000672917264,0.05261857709984136,-0.0789008688233246,-0.37037475075376625,0.19585592434834517,-0.2277571067247013,train
2010,1,2010-01-07,140.413105477303,0.697783785440138,139.715321691863,-0.29756209122471183,-0.3724513297181967,-0.19373846491363242,-0.2277571067247013,-0.37047569850496154,-0.07055994390689464,-0.2639222445921413,train
2010,2,2010-01-14,176.099421745951,9.74965796736118,166.34976377859,-0.2302823979595718,-0.33888348604885105,-0.10383660152811265,-0.2639222445921413,-0.3556674078835239,-0.14878753322087165,1.1337967761309637,train
2010,3,2010-01-21,1623.16192930626,764.556362131921,858.60556717436,2.4978759502214984,2.460231143336415,2.2328027942613717,1.1337967761309637,1.060673828643782,1.0644830963666305,1.7203861896301293,train
2010,4,2010-01-28,798.373820277378,170.802704050884,627.571116226495,0.9428964290387594,0.25836337849564467,1.4529693898735145,1.7203861896301293,1.3592972609160299,1.842886092067444,1.9754747167498994,train
2010,5,2010-02-04,1893.7686878545,1052.23542167603,841.533266178464,3.0080530044610385,3.5270561459428493,2.1751769702695727,1.9754747167498994,1.892709762219247,1.8140731800715444,1.8251951386652223,train
2010,6,2010-02-11,638.952030670989,76.0948540512961,562.857176619693,0.6423372728694051,-0.09284988840940953,1.2345340369299367,1.8251951386652223,1.71710312876672,1.7048555035997555,0.23340628355099208,train
2010,7,2010-02-18,205.143851452393,2.8859250930123,202.257926359381,-0.17552470576742188,-0.3643368570838199,0.01736776672002328,0.23340628355099208,-0.22859337274661473,0.6259509018249809,0.37586122272710143,train
2010,8,2010-02-25,790.073171887716,77.303775448342,712.769396439373,0.9272471512216238,-0.08836674120155126,1.7405475611540924,0.37586122272710143,-0.22635179914268558,0.8789576639370588,0.42144229715732284,train
2010,9,2010-03-04,253.497836408043,0.779267053324033,252.718569354719,-0.08436255690697908,-0.37214915830672735,0.18769255963817816,0.42144229715732284,-0.2302579497541393,0.9641200603961362,-0.2561703973192383,train
2010,10,2010-03-11,71.2381193126298,0.0088524027884262,71.2292669098413,-0.42797823773149846,-0.37500615322623304,-0.424906210826164,-0.2561703973192383,-0.37357765576648017,-0.11860682559399202,-0.38536344760903474,train
2010,11,2010-03-18,116.445366974689,1.47532394146899,114.97004303322,-0.3427486574865719,-0.3695679106737358,-0.27726364836452116,-0.38536344760903474,-0.3722870319499844,-0.35108492959534165,-0.40744802137537994,train
2010,12,2010-03-25,47.8100373510126,0.027419834763389,47.7826175162492,-0.4721473852641889,-0.37493729802107323,-0.504048002637202,-0.40744802137537994,-0.3722526043474045,-0.3906558255008607,-0.4821683980378454,train
2010,13,2010-04-01,37.1793993734113,0.0,37.1793993734113,-0.4921894108115028,-0.37503898135297536,-0.5398380922444974,-0.4821683980378454,-0.37498813968702427,-0.5219430474408489,-0.5068575058847801,train
2010,14,2010-04-08,21.6189752858418,0.00720491956192476,21.6117703662799,-0.5215256009580582,-0.37501226272999805,-0.5923850482377314,-0.5068575058847801,-0.3750256220414867,-0.5661115702411135,-0.5250476118187093,train
2010,15,2010-04-15,17.8827039868777,0.0604466793881944,17.8222573074895,-0.5285696226793614,-0.37481482173218805,-0.6051761660017034,-0.5250476118187093,-0.3749135422310931,-0.5987806071197166,-0.5355142075784362,train
2010,16,2010-04-22,10.5156474194161,0.0675486674334241,10.4480987519827,-0.5424587924775118,-0.3747884848190082,-0.6300668918100998,-0.5355142075784362,-0.3748016532755981,-0.6176215289059007,-0.5454053120337832,train
2010,17,2010-04-29,7.38987725983796,0.0185541928665314,7.37132306697143,-0.5483518315900554,-0.3749701752435402,-0.6404522367105517,-0.5454053120337832,-0.3748793300312742,-0.6352595642603249,-0.5522703980378176,train
2010,18,2010-05-06,3.23292603761754,0.0124962439107442,3.2204297937068,-0.5561889644855808,-0.37499264045675657,-0.6544631568103902,-0.5522703980378176,-0.3749814078501484,-0.6474576967604702,-0.5581158717582275,train
2010,19,2010-05-13,1.18879595869296,0.0190049061521554,1.1697910525408,-0.5600427790308752,-0.3749685038246928,-0.6613848803201624,-0.5581158717582275,-0.37498057214072467,-0.6579240185652755,-0.5611380546942351,train
2010,20,2010-05-20,0.0268895400653607,0.0,0.0268895400653607,-0.5622333303575958,-0.37503898135297536,-0.6652426286936068,-0.5611380546942351,-0.37500374258883407,-0.6633137545068837,-0.5614371073734921,train
2010,21,2010-05-27,0.871550502448273,0.483797886691355,0.387752615756917,-0.5606408843893891,-0.3732448720335539,-0.6640245719073575,-0.5614371073734921,-0.3741419266932646,-0.6646336003004814,-0.5614624549043779,train
2010,22,2010-06-03,0.0,0.0,0.0,-0.5622840254193674,-0.37503898135297536,-0.6653333916143988,-0.5614624549043779,-0.3741419266932646,-0.6646789817608773,-0.5622840254193674,train
2010,23,2010-06-10,0.0,0.0,0.0,-0.5622840254193674,-0.37503898135297536,-0.6653333916143988,-0.5622840254193674,-0.37503898135297536,-0.6653333916143988,-0.5620980389960052,train
2010,24,2010-06-17,0.197300849741015,0.125531636816373,0.0717692129246427,-0.5619120525726439,-0.3745734615859612,-0.6650911419004897,-0.5620980389960052,-0.3748062214694683,-0.6652122667574434,-0.562017889384612,train
2010,25,2010-06-24,0.0850254881430315,0.0736886058540245,0.0113368822890069,-0.5621237261965808,-0.3747657155572067,-0.6652951251157259,-0.562017889384612,-0.37466958857158394,-0.6651931335081069,-0.5622038758079737,train
2010,26,2010-07-01,0.0,0.0,0.0,-0.5622840254193674,-0.37503898135297536,-0.6653333916143988,-0.5622038758079737,-0.3749023484550911,-0.6653142583650614,-0.5622840254193674,train
2010,27,2010-07-08,0.0,0.0,0.0,-0.5622840254193674,-0.37503898135297536,-0.6653333916143988,-0.5622840254193674,-0.37503898135297536,-0.6653333916143988,-0.5622684637307113,train
2010,28,2010-07-15,0.0165083791584135,0.00324351872038331,0.0132648604380302,-0.562252902042056,-0.3750269531334977,-0.6652886174206295,-0.5622684637307113,-0.37503296724323654,-0.6653110045175132,-0.5622648508689817,train
2010,29,2010-07-22,0.00383264905229094,0.0,0.00383264905229094,-0.5622767996959083,-0.37503898135297536,-0.6653204548954548,-0.5622648508689817,-0.37503296724323654,-0.6653045361580412,-0.5622650257053657,train
2010,30,2010-07-29,0.0163229066572134,0.0,0.0163229066572134,-0.5622532517148241,-0.37503898135297536,-0.6652782952951452,-0.5622650257053657,-0.37503898135297536,-0.6652993750952991,-0.5622686385670953,train
2010,31,2010-08-05,0.0,0.0,0.0,-0.5622840254193674,-0.37503898135297536,-0.6653333916143988,-0.5622686385670953,-0.37503898135297536,-0.6653058434547711,-0.5622840254193674,train
2010,32,2010-08-12,0.0,0.0,0.0,-0.5622840254193674,-0.37503898135297536,-0.6653333916143988,-0.5622840254193674,-0.37503898135297536,-0.6653333916143988,-0.5622840254193674,train
2010,33,2010-08-19,0.0,0.0,0.0,-0.5622840254193674,-0.37503898135297536,-0.6653333916143988,-0.5622840254193674,-0.37503898135297536,-0.6653333916143988,-0.5622840254193674,train
2010,34,2010-08-26,0.0,0.0,0.0,-0.5622840254193674,-0.37503898135297536,-0.6653333916143988,-0.5622840254193674,-0.37503898135297536,-0.6653333916143988,-0.5621518626865019,train
2010,35,2010-09-02,0.140202811727081,0.112231387323662,0.0279714244034188,-0.5620196999536371,-0.37462278404524,-0.6652389769025295,-0.5621518626865019,-0.3748308826991077,-0.6652861842584632,-0.5621361750981756,train
2010,36,2010-09-09,0.0166419378963627,0.0166419378963627,0.0,-0.562252650242715,-0.37497726662313785,-0.6653333916143988,-0.5621361750981756,-0.37480002533418894,-0.6652861842584632,-0.5621532949913293,train
2010,37,2010-09-16,0.122041435183471,0.0976801898068071,0.0243612453766644,-0.5620539397399443,-0.3746767455026831,-0.6652511626964202,-0.5621532949913293,-0.3748270060629105,-0.6652922771554086,-0.5620781666189709,train
2010,38,2010-09-23,0.0963407214850968,0.0734435634216202,0.0228971580634766,-0.5621023934979983,-0.37476662426913737,-0.6652561045749543,-0.5620781666189709,-0.37472168488591023,-0.6652536336356863,-0.5621932094586823,train
2010,39,2010-09-30,0.0,0.0,0.0,-0.5622840254193674,-0.37503898135297536,-0.6653333916143988,-0.5621932094586823,-0.37490280281105637,-0.6652947480946756,-0.5618235786570387,train
2010,40,2010-10-07,0.488457898301242,0.396894580687562,0.0915633176136805,-0.5613631318947109,-0.37356714303861394,-0.6650243289036265,-0.5618235786570387,-0.3743030621957947,-0.6651788602590117,-0.5618235786570387,train
2010,41,2010-10-14,0.0,0.0,0.0,-0.5622840254193674,-0.37503898135297536,-0.6653333916143988,-0.5618235786570387,-0.3743030621957947,-0.6651788602590117,-0.5622743162920558,train
2010,42,2010-10-21,0.0102997790597286,0.0,0.0102997790597286,-0.5622646071647451,-0.37503898135297536,-0.6652986257527032,-0.5622743162920558,-0.37503898135297536,-0.6653160086835501,-0.5610935108838657,train
2010,43,2010-10-28,1.25263933895586,0.791164463598884,0.461474875356986,-0.5599224146029873,-0.3721050381167921,-0.6637757298820786,-0.5610935108838657,-0.3735720097348837,-0.66453717781739,-0.5610970783348723,train
2010,44,2010-11-04,0.00651530327761871,0.00651530327761871,0.0,-0.5622717420667583,-0.37501482009338577,-0.6653333916143988,-0.5610970783348723,-0.37355992910508895,-0.6645545607482377,-0.559864560306861,train
2010,45,2010-11-11,2.56013721892061,2.36052517603442,0.199612042886182,-0.5574573785469646,-0.3662852427907518,-0.6646596213679178,-0.559864560306861,-0.37065003144206876,-0.6649965064911574,-0.5598432068141539,train
2010,46,2010-11-18,0.0291678290906495,0.0291678290906495,0.0,-0.5622290350813439,-0.3749308157833473,-0.6653333916143988,-0.5598432068141539,-0.37060802928704956,-0.6649965064911574,-0.5621069149531104,train
2010,47,2010-11-25,0.15871709744773,0.15871709744773,0.0,-0.5619847948248777,-0.37445039708769484,-0.6653333916143988,-0.5621069149531104,-0.3746906064355211,-0.6653333916143988,-0.5329317328462246,train
2010,48,2010-12-02,30.9792130904052,4.25322868619851,26.7259844042066,-0.5038786708675725,-0.3592663675540076,-0.5751225364019337,-0.5329317328462246,-0.3668583823208512,-0.6202279640081654,1.1346861903828196,train
2010,49,2010-12-09,1769.22565945381,1112.19183942382,657.033820029986,2.7732510516332107,3.7493976873168444,1.5524177644136918,1.1346861903828196,1.6950656598814184,0.48864761400588,2.927208847267701,train
2010,50,2010-12-16,1932.54942983381,1016.97632393347,915.573105900332,3.0811666429021907,3.3963018008031063,2.425090955104955,2.927208847267701,3.572849744059975,1.9887543597593245,1.971128905871534,train
2010,51,2010-12-23,754.982891362824,99.5416863761303,655.441204986695,0.8610911688408767,-0.005899983207085956,1.54704205353597,1.971128905871534,1.6952009087980102,1.9860665043204633,0.519468040364496,train
2010,52,2010-12-30,392.57722582422,24.3042814963836,368.272944327836,0.17784491188811435,-0.28490932363017746,0.5777346562064155,0.519468040364496,-0.1454046534186317,1.0623883548711937,0.48290090153538745,train
2011,1,2011-01-06,716.191201984797,139.152782529458,577.038419455338,0.7879568911826597,0.14099325199739793,1.2824013867282038,0.48290090153538745,-0.07195803581638976,0.9300680214673106,0.608183448091687,train
2011,2,2011-01-13,525.481297242341,36.7185462195283,488.762751022813,0.4284100050007135,-0.23887243788460527,0.9844358029985107,0.608183448091687,-0.04893959294360367,1.1334185948633582,0.35009012590275146,train
2011,3,2011-01-20,442.396852591333,15.7629441878871,426.633908403446,0.27177024680478856,-0.3165838994955163,0.7747261832783263,0.35009012590275146,-0.2777281686900608,0.8795809931384194,0.4512937937024386,train
2011,4,2011-01-27,632.841658783053,123.218266793842,509.62339198921,0.6308173406000878,0.08190191661094331,1.054848785113499,0.4512937937024386,-0.11734099144228649,0.9147874841959136,0.8616563795349625,train
2011,5,2011-02-03,877.723719053948,140.310743881227,737.412975172719,1.0924954184698366,0.14528741968578238,1.8237294668009782,0.8616563795349625,0.11359466814836285,1.4392891259572396,0.6769544805306037,train
2011,6,2011-02-10,436.903477040342,16.5979756818845,420.305501358458,0.26141354259137,-0.3134872803770725,0.753365285845074,0.6769544805306037,-0.08409993034564507,1.288547376323027,0.5443069685662085,train
2011,7,2011-02-17,737.006636841465,46.3051232783152,690.701513563147,0.8272003945410461,-0.20332170954193626,1.6660596561667826,0.5443069685662085,-0.2584044949595044,1.209712471005929,0.7277271871802012,train
2011,8,2011-02-24,631.482007763668,28.2834448669441,603.198562896724,0.6282539798193554,-0.2701530498162374,1.3707023030438152,0.7277271871802012,-0.2367373796790868,1.5183809796052998,0.5461129164658423,train
2011,9,2011-03-03,544.34391829811,11.0287499989401,533.315168299169,0.4639718531123283,-0.3341401190408891,1.1348179780195395,0.5461129164658423,-0.30214658442856324,1.2527601405316782,1.83388523209209,train
2011,10,2011-03-10,1997.59555279253,1124.52956294847,873.065989844053,3.203798611071851,3.795150728751979,2.2816124873315142,1.83388523209209,1.7305053048555448,1.7082152326755278,2.2106341463328385,train
2011,11,2011-03-17,944.01223588336,318.476086644322,625.536149239037,1.2174696815938255,0.8059932860037023,1.4461005647821241,2.2106341463328385,2.3005720073778404,1.8638565260568198,0.7612012663937627,train
2011,12,2011-03-24,459.986873161892,18.6093660563739,441.377507105518,0.304932851193699,-0.30602826843192876,0.8244917083833235,0.7612012663937627,0.2499825087858868,1.1352961365827245,0.1568668925668432,train
2011,13,2011-03-31,302.913367866459,7.29043013962901,295.62293772683,0.008800933939986487,-0.34800325214474903,0.3325119123947253,0.1568668925668432,-0.3270157602883389,0.578501810389025,0.044392934847352565,train
2011,14,2011-04-07,340.670597109725,21.150861774309,319.519735335416,0.07998493575471775,-0.2966034212421227,0.41317313394248695,0.044392934847352565,-0.32230333669343586,0.3728425231686068,-0.06734566243058576,train
2011,15,2011-04-14,184.377187680225,1.68321966018494,182.69396802004,-0.21467626061589015,-0.3687969530968705,-0.04866839443463201,-0.06734566243058576,-0.33270018716949656,0.18225236975392814,-0.28170598648547585,train
2011,16,2011-04-21,113.269729227461,0.130920157939292,113.138809069522,-0.3487357123550624,-0.37455347886956153,-0.28344479325560723,-0.28170598648547585,-0.371675215983216,-0.16605659384511895,-0.3850085231884438,train
2011,17,2011-04-28,74.7902731974912,2.58504374135898,72.2052294561321,-0.42128133402182605,-0.3654526412819136,-0.4216119480358897,-0.3850085231884438,-0.3700030600757376,-0.3525283706457478,-0.44918688261554773,train
2011,18,2011-05-05,45.187099210321,0.0,45.187099210321,-0.47709243120927025,-0.37503898135297536,-0.5128089119663468,-0.44918688261554773,-0.3702458113174445,-0.4672104300011176,-0.4965094573697939,train
2011,19,2011-05-12,24.5888442857522,2.42178445933171,22.1670598264206,-0.5159264835303184,-0.36605806972098837,-0.5905107248701748,-0.4965094573697939,-0.37054852553698187,-0.5516598184182602,-0.5253781730409978,train
2011,20,2011-05-19,14.5621641752486,0.0,14.5621641752486,-0.534829862551678,-0.37503898135297536,-0.6161802803902999,-0.5253781730409978,-0.37054852553698187,-0.6033455026302367,-0.5434001216588642,train
2011,21,2011-05-26,5.4705360134481,0.286951586480404,5.1835844269677,-0.5519703807660512,-0.3739748541013082,-0.6478367270519076,-0.5434001216588642,-0.3745069177271418,-0.6320085037211032,-0.5550979728866529,train
2011,22,2011-06-02,2.15267779625062,0.0,2.15267779625062,-0.5582255650072554,-0.37503898135297536,-0.6580672456023519,-0.5550979728866529,-0.3745069177271418,-0.6529519863271291,-0.5600377207161822,train
2011,23,2011-06-09,0.230280156833279,0.0344554345781105,0.195824722255168,-0.5618498764251099,-0.3749112073010793,-0.6646724050853636,-0.5600377207161822,-0.37497509432702736,-0.6613698253438571,-0.5620669509222382,train
2011,24,2011-06-16,0.0,0.0,0.0,-0.5622840254193674,-0.37503898135297536,-0.6653333916143988,-0.5620669509222382,-0.37497509432702736,-0.6650028983498806,-0.5622840254193674,train
2011,25,2011-06-23,0.0,0.0,0.0,-0.5622840254193674,-0.37503898135297536,-0.6653333916143988,-0.5622840254193674,-0.37503898135297536,-0.6653333916143988,-0.5622840254193674,train
2011,26,2011-06-30,0.0,0.0,0.0,-0.5622840254193674,-0.37503898135297536,-0.6653333916143988,-0.5622840254193674,-0.37503898135297536,-0.6653333916143988,-0.5622840254193674,train
2011,27,2011-07-07,0.0,0.0,0.0,-0.5622840254193674,-0.37503898135297536,-0.6653333916143988,-0.5622840254193674,-0.37503898135297536,-0.6653333916143988,-0.5622812554688339,train
2011,28,2011-07-14,0.0029384596146342,0.0029384596146342,0.0,-0.5622784855183012,-0.3750280844104206,-0.6653333916143988,-0.5622812554688339,-0.375033532881698,-0.6653333916143988,-0.5622812554688339,train
2011,29,2011-07-21,0.0,0.0,0.0,-0.5622840254193674,-0.37503898135297536,-0.6653333916143988,-0.5622812554688339,-0.375033532881698,-0.6653333916143988,-0.5622840254193674,train
2011,30,2011-07-28,0.0,0.0,0.0,-0.5622840254193674,-0.37503898135297536,-0.6653333916143988,-0.5622840254193674,-0.37503898135297536,-0.6653333916143988,-0.5622840254193674,train
2011,31,2011-08-04,0.0,0.0,0.0,-0.5622840254193674,-0.37503898135297536,-0.6653333916143988,-0.5622840254193674,-0.37503898135297536,-0.6653333916143988,-0.5622135020069625,train
2011,32,2011-08-11,0.0748136823243024,0.0748136823243024,0.0,-0.5621429785945586,-0.37476154333935313,-0.6653333916143988,-0.5622135020069625,-0.37490026234616425,-0.6653333916143988,-0.5622135020069625,train
2011,33,2011-08-18,0.0,0.0,0.0,-0.5622840254193674,-0.37503898135297536,-0.6653333916143988,-0.5622135020069625,-0.37490026234616425,-0.6653333916143988,-0.5622840254193674,train
2011,34,2011-08-25,0.0,0.0,0.0,-0.5622840254193674,-0.37503898135297536,-0.6653333916143988,-0.5622840254193674,-0.37503898135297536,-0.6653333916143988,-0.5621962032059988,train
2011,35,2011-09-01,0.0931648504792097,0.0801995832093849,0.0129652672698247,-0.5621083809926313,-0.3747415703398068,-0.6652896286670446,-0.5621962032059988,-0.3748902758463911,-0.665311510140721,-0.5621878131198199,train
2011,36,2011-09-08,0.00890049446937824,0.00890049446937824,0.0,-0.5622672452470094,-0.37500597488371573,-0.6653333916143988,-0.5621878131198199,-0.37487377261176125,-0.665311510140721,-0.5622756353331879,train
2011,37,2011-09-15,0.0,0.0,0.0,-0.5622840254193674,-0.37503898135297536,-0.6653333916143988,-0.5622756353331879,-0.37502247811834555,-0.6653333916143988,-0.550689879308861,train
2011,38,2011-09-22,12.2994723930707,3.52187575267534,8.7775966403954,-0.5390957331983557,-0.3619785065482344,-0.6357055026033023,-0.550689879308861,-0.36850874395060484,-0.6505194471088498,-0.544263375256602,train
2011,39,2011-09-29,6.81745843301872,2.85572344453312,3.96173498848559,-0.549431017314849,-0.3644488564548154,-0.6519609561586563,-0.544263375256602,-0.3632136815015249,-0.6438332293809786,-0.5558575213671078,train
2011,40,2011-10-06,0.0,0.0,0.0,-0.5622840254193674,-0.37503898135297536,-0.6653333916143988,-0.5558575213671078,-0.36974391890389535,-0.6586471738865269,-0.5622801381013689,train
2011,41,2011-10-13,0.00412380178282584,0.00412380178282584,0.0,-0.5622762507833712,-0.37502368870409547,-0.6653333916143988,-0.5622801381013689,-0.3750313350285354,-0.6653333916143988,-0.5612995366377109,train
2011,42,2011-10-20,1.0402560495539,0.308524278328361,0.731731771225546,-0.5603228224920516,-0.37389485423244945,-0.6628635050848684,-0.5612995366377109,-0.37445927146827246,-0.6640984483496328,-0.5509494790891583,train
2011,43,2011-10-27,10.9838238911033,1.45876654458798,9.52505734651534,-0.541576135686266,-0.36962931189285386,-0.6331825246460833,-0.5509494790891583,-0.3717620830626517,-0.6480230148654751,-0.288251960145839,train
2011,44,2011-11-03,279.718897078906,19.7610332590384,259.957863819867,-0.0349277846054129,-0.30175744187809017,0.21212806536020778,-0.288251960145839,-0.335693376885472,-0.21052722964293707,-0.1439511734275952,train
2011,45,2011-11-10,164.063104212678,11.7138323435122,152.349271869166,-0.2529745622497784,-0.33159956925185696,-0.15109384487012198,-0.1439511734275952,-0.31667850556497357,0.03051711024504357,0.18720111969202166,train
2011,46,2011-11-17,631.016737239476,49.2966518946526,581.720085344822,0.6273768016338208,-0.192227966643239,1.2982038760704822,0.18720111969202166,-0.26191376794754795,0.5735550156001807,0.35241209446525956,train
2011,47,2011-11-24,339.324637394019,4.51803987034365,334.806597523676,0.07744738729669742,-0.3582843454608335,0.4647723899572054,0.35241209446525956,-0.27525615605203624,0.8814881330138444,-0.008642480718257496,train
2011,48,2011-12-01,247.997518960211,1.06571133196418,246.931807628247,-0.0947323487332133,-0.3710869123483627,0.16815993115345768,-0.008642480718257496,-0.3646856289045981,0.31646616055533217,0.6903357522831551,train
2011,49,2011-12-08,1080.82499440333,325.660501087182,755.164493316149,1.4754038532995226,0.8326358680841498,1.8836479195254492,0.6903357522831551,0.23077447786789354,1.025903925339454,1.0125908070733263,train
2011,50,2011-12-15,589.856860057152,64.9271304853517,524.929729571798,0.5497777608471289,-0.13426411835449814,1.1065137783505163,1.0125908070733263,0.34918587486482583,1.4950808489379834,0.7345804574702826,train
2011,51,2011-12-22,785.901971410533,142.566023610325,643.335947800209,0.9193831540934352,0.15365086750393786,1.5061819831698489,0.7345804574702826,0.00969337457471986,1.3063478807601832,1.1609464135880028,train
2011,52,2011-12-29,1042.16065687262,226.801955270347,815.358701602275,1.4025096730825695,0.46603021883791856,2.0868273768731074,1.1609464135880028,0.30984054317092824,1.7965046800214788,1.3230762582225446,train
2012,1,2012-01-05,957.894934856841,226.901005984176,730.993928872661,1.243642843362519,0.4663975371203346,1.8020626257365377,1.3230762582225446,0.4662138779791266,1.9444450013048233,0.9399856756890155,train
2012,2,2012-01-12,635.764877570945,309.918095148518,325.846782422427,0.6363285080155111,0.774256949982981,0.43452944097523977,0.9399856756890155,0.6203272435516578,1.1182960333558893,1.2831208616450787,train
2012,3,2012-01-19,1321.90464342292,554.498321010417,767.406322412507,1.929913215274645,1.681254840292046,1.9249689745498424,1.2831208616450787,1.2277558951375136,1.1797492077625418,1.6021005687394454,train
2012,4,2012-01-26,974.149616210897,476.073344554909,498.076271655985,1.2742879222042447,1.3904247540002466,1.0158726492022054,1.6021005687394454,1.5358397971461462,1.4704208118760245,1.9388601902808642,train
2012,5,2012-02-02,1679.15093209065,749.47108746538,929.679844625268,2.603432458357483,2.4042891216579694,2.4727068238186614,1.9388601902808642,1.897356937829108,1.7442897365104342,2.3166046746757667,train
2012,6,2012-02-09,1374.87406915184,535.832570780452,839.041498371411,2.0297768909940492,1.6120350330899154,2.166766260247989,2.3166046746757667,2.0081620773739424,2.3197365420333256,3.091776797798353,train
2012,7,2012-02-16,2501.48041089418,1597.42704809962,904.053362794583,4.153776704602657,5.548837151491408,2.386207228253945,3.091776797798353,3.5804360922906615,2.2764867442509678,3.7122389933093256,train
2012,8,2012-02-23,2033.0818898827,1065.52502927943,967.556860603266,3.2707012820159944,3.576339140988104,2.6005568574261644,3.7122389933093256,4.562588146239756,2.4933820428400555,3.8988868537171757,train
2012,9,2012-03-01,2699.4829359988,1749.86962583779,949.61331016102,4.527072425418357,6.114153075599952,2.539990219114116,3.8988868537171757,4.8452461082940275,2.570273538270141,3.780567319215857,train
2012,10,2012-03-08,1907.56442319826,1000.72806305744,906.836360140832,3.0340622130133563,3.336046977324156,2.3956009541074863,3.780567319215857,4.725100026462054,2.4677955866108023,2.781535481511022,train
2012,11,2012-03-15,1639.67530630927,704.577927124106,935.097379185164,2.529008750008688,2.2378079534631485,2.4909931633749465,2.781535481511022,2.786927465393652,2.4432970587412175,2.08416159248886,train
2012,12,2012-03-22,1167.76600993657,372.165419869276,795.600590067294,1.639314434969032,1.0050940587482238,2.0201358712583186,2.08416159248886,1.6214510061056862,2.2555645173166337,1.3003301817690205,train
2012,13,2012-03-29,808.159754833294,189.783590237703,618.37616459559,0.9613459285690091,0.3287518314745132,1.421932761335685,1.3003301817690205,0.6669229451113685,1.7210343162970028,0.7354660227255311,train
2012,14,2012-04-05,568.538514977274,117.211644369766,451.326870607504,0.509586116882053,0.05962704198720234,0.858074777832117,0.7354660227255311,0.19418943673085776,1.1400037695839018,0.3074612187403754,train
2012,15,2012-04-12,354.117411348684,48.9173051796673,305.200106169018,0.10533632059869776,-0.19363473069775258,0.36483867509191614,0.3074612187403754,-0.06700384435527512,0.6114567264620174,-0.01387058041627015,train
2012,16,2012-04-19,227.658595483965,17.0609343623563,210.597661121609,-0.13307748143123807,-0.31177045087865957,0.04551769728075866,-0.01387058041627015,-0.25270259078820606,0.2051781861863383,-0.1939462747853883,train
2012,17,2012-04-26,163.086867965324,6.83566659457203,156.251201370752,-0.2548150681395386,-0.34968969091755914,-0.13792327678203245,-0.1939462747853883,-0.33073007089810935,-0.046202789750636006,-0.3516109984577308,train
2012,18,2012-05-03,60.4023872486793,0.171392990641757,60.2309942580375,-0.44840692877592303,-0.37440338998258543,-0.4620297669419463,-0.3516109984577308,-0.36204654045007234,-0.2999765218619885,-0.4689812462800229,train
2012,19,2012-05-10,38.5764375205965,0.0621167643508967,38.5143207562456,-0.48955556378412274,-0.3748086284124605,-0.5353322002344754,-0.4689812462800229,-0.37460600919752296,-0.49868098358820995,-0.5078143805398985,train
2012,20,2012-05-17,19.2068513106809,0.0199740532985494,19.1868772573824,-0.5260731972956744,-0.374964909852964,-0.6005700294845971,-0.5078143805398985,-0.37488676913271224,-0.5679511148595353,-0.5358612379959415,train
2012,21,2012-05-24,8.82335819029489,0.0,8.82335819029489,-0.5456492786962086,-0.37503898135297536,-0.6355510391234975,-0.5358612379959415,-0.37500194560296973,-0.6180605343040464,-0.5499512532641606,train
2012,22,2012-05-31,4.25967433381212,0.0035289400449171,4.2561453937672,-0.5542532278321126,-0.375025894681048,-0.6509672036351862,-0.5499512532641606,-0.3750324380170117,-0.643259121379341,-0.557394278493212,train
2012,23,2012-06-07,0.927538829980514,0.0,0.927538829980514,-0.5605353291543114,-0.37503898135297536,-0.6622025781771904,-0.557394278493212,-0.3750324380170117,-0.6565848909061874,-0.5613465690821039,train
2012,24,2012-06-14,0.0669473727967075,0.0,0.0669473727967075,-0.5621578090098965,-0.37503898135297536,-0.6651074175337858,-0.5613465690821039,-0.37503898135297536,-0.6636549978554872,-0.5621774925657264,train
2012,25,2012-06-21,0.0460663739530514,0.0,0.0460663739530514,-0.5621971761215563,-0.37503898135297536,-0.6651778992318549,-0.5621774925657264,-0.37503898135297536,-0.6651426583828195,-0.5622406007704618,train
2012,26,2012-06-28,0.0,0.0,0.0,-0.5622840254193674,-0.37503898135297536,-0.6653333916143988,-0.5622406007704618,-0.37503898135297536,-0.665255645423126,-0.5622298633552293,train
2012,27,2012-07-05,0.0574569965109101,0.0,0.0574569965109101,-0.5621757012910913,-0.37503898135297536,-0.6651394513383438,-0.5622298633552293,-0.37503898135297536,-0.6652364214763704,-0.5622298633552293,train
2012,28,2012-07-12,0.0,0.0,0.0,-0.5622840254193674,-0.37503898135297536,-0.6653333916143988,-0.5622298633552293,-0.37503898135297536,-0.6652364214763704,-0.5622840254193674,train
2012,29,2012-07-19,0.0,0.0,0.0,-0.5622840254193674,-0.37503898135297536,-0.6653333916143988,-0.5622840254193674,-0.37503898135297536,-0.6653333916143988,-0.561808152387711,train
2012,30,2012-07-26,0.504822619939237,0.293242488648581,0.211580131290655,-0.5613322793560547,-0.37395152500765566,-0.6646192242968915,-0.561808152387711,-0.3744952531803155,-0.6649763079556442,-0.5616852373401067,train
2012,31,2012-08-02,0.130392546401665,0.0876560497592004,0.0427364966424648,-0.5620381953241589,-0.37471391888349626,-0.665189138895674,-0.5616852373401067,-0.374332721945576,-0.6649041815962818,-0.562070850489948,train
2012,32,2012-08-09,0.0957508137300647,0.0,0.0957508137300647,-0.5621035056557372,-0.37503898135297536,-0.6650101944343346,-0.562070850489948,-0.37487645011823584,-0.6650996666650034,-0.5621937655375522,train
2012,33,2012-08-16,0.0,0.0,0.0,-0.5622840254193674,-0.37503898135297536,-0.6653333916143988,-0.5621937655375522,-0.37503898135297536,-0.6651717930243658,-0.5622723147394809,train
2012,34,2012-08-23,0.0124230954651163,0.0124230954651163,0.0,-0.5622606040595945,-0.3749929117194297,-0.6653333916143988,-0.5622723147394809,-0.37501594653620257,-0.6653333916143988,-0.5622651204513884,train
2012,35,2012-08-30,0.00763195037726307,0.00763195037726307,0.0,-0.5622696368431823,-0.37501067913489244,-0.6653333916143988,-0.5622651204513884,-0.3750017954271611,-0.6653333916143988,-0.562223428311118,train
2012,36,2012-09-06,0.0566515641575176,0.0490425413314372,0.00760902282608044,-0.5621772197790538,-0.3748571126783258,-0.6653077081280175,-0.562223428311118,-0.37493389590660914,-0.6653205498712073,-0.5622306225992105,train
2012,37,2012-09-13,0.0,0.0,0.0,-0.5622840254193674,-0.37503898135297536,-0.6653333916143988,-0.5622306225992105,-0.3749480470156506,-0.6653205498712073,-0.5622840254193674,train
2012,38,2012-09-20,0.0,0.0,0.0,-0.5622840254193674,-0.37503898135297536,-0.6653333916143988,-0.5622840254193674,-0.37503898135297536,-0.6653333916143988,-0.5579705878610717,train
2012,39,2012-09-27,4.57584419428854,2.00825979219514,2.5675844020934,-0.5536571503027762,-0.36759157881544563,-0.6566667703502416,-0.5579705878610717,-0.37131528008421055,-0.6610000809823193,-0.5561601401781759,train
2012,40,2012-10-04,1.92058570615204,1.0898655501521,0.830720155999947,-0.5586631300535758,-0.3709973391833151,-0.6625293798114437,-0.5561601401781759,-0.3692944589993804,-0.6595980750808417,-0.5554948346261885,train
2012,41,2012-10-11,5.28162340317841,1.2445809349178,4.0370424682606,-0.5523265391988013,-0.3704235948133999,-0.6517067633831293,-0.5554948346261885,-0.3707104669983575,-0.6571180715972855,-0.5563034438641277,train
2012,42,2012-10-18,1.06278497602303,0.803362413968115,0.25942256205492,-0.5602803485294541,-0.37205980340817246,-0.6644577370143497,-0.5563034438641277,-0.3712416991107862,-0.6580822501987387,-0.5580357804707299,train
2012,43,2012-10-25,3.44390063641915,0.44498670429085,2.9989139321283,-0.5557912124120058,-0.3733887988797803,-0.6552108611798121,-0.5580357804707299,-0.3727243011439764,-0.65983429909708,-0.5590340632084474,train
2012,44,2012-11-01,0.00377201758619173,0.00377201758619173,0.0,-0.5622769140048891,-0.3750249932556923,-0.6653333916143988,-0.5590340632084474,-0.3742068960677363,-0.6602721263971045,-0.43746477279658535,train
2012,45,2012-11-08,132.408821124268,9.76184655901314,122.646974565255,-0.31265263158828177,-0.3388382860459677,-0.25135094301985245,-0.43746477279658535,-0.35693163965083,-0.45834216731712474,-0.33620153586039836,train
2012,46,2012-11-15,107.427326564741,0.236565729797938,107.190760834943,-0.35975044013251506,-0.37416170430782575,-0.30352182802338584,-0.33620153586039836,-0.3564999951768968,-0.27743638552161826,-0.40957334500614234,train
2012,47,2012-11-22,54.5734607263166,8.85433282537434,45.7191279009423,-0.45939624987976974,-0.34220369728858246,-0.5110131029719002,-0.40957334500614234,-0.35818270079820413,-0.40726746549764214,-0.38049136518749227,train
2012,48,2012-11-29,138.278499605523,26.5287331381578,111.749766467365,-0.3015864804952149,-0.2766601982600711,-0.28813336596342515,-0.38049136518749227,-0.3094319477743268,-0.3995732344676618,0.14127697640683642,train
2012,49,2012-12-06,608.083417548633,124.135606751185,483.947810797447,0.5841404333088877,0.08530376728417026,0.9681834596251906,0.14127697640683642,-0.09567821548795044,0.34002504683088364,0.5806829811893653,train
2012,50,2012-12-13,604.415632401791,34.5671847451873,569.848447656602,0.5772255290698429,-0.24685051669961655,1.2581323646743185,0.5806829811893653,-0.08077337470772317,1.1131579121497555,1.1797895127601152,train
2012,51,2012-12-20,1243.63640914719,397.137983715533,846.498425431658,1.7823534964503875,1.0977019653945803,2.191936362766494,1.1797895127601152,0.4254257243474818,1.725034363720407,1.4288873728857499,train
2012,52,2012-12-27,868.667283587387,132.524445810685,736.142837776701,1.0754212493211124,0.11641282077488448,1.8194422465811653,1.4288873728857499,0.6070573930847323,2.0056893046738304,0.9267362269733463,train
2013,1,2013-01-03,710.937054021593,114.065902232946,596.871151788646,0.7780512046255804,0.04796141582508118,1.3493447672947962,0.9267362269733463,0.08218711829998282,1.5843935069379818,2.706145508482361,train
2013,2,2013-01-10,2756.32637683121,1782.3546646392,973.971712191994,4.634239812339142,6.234620139344196,2.622209539667089,2.706145508482361,3.1412907775846386,1.9857771534809434,4.206945660532683,train
2013,3,2013-01-17,2303.03791783017,1317.90973678367,985.128181046491,3.7796515087262237,4.512279061911515,2.659867071052799,4.206945660532683,5.373449600627856,2.6410383053599444,2.789656964036201,train
2013,4,2013-01-24,1252.81736207298,466.605740329333,786.211621743657,1.799662419346178,1.3553152228489946,1.988444359012105,2.789656964036201,2.933797142380255,2.324155715032453,1.7759443995492283,train
2013,5,2013-01-31,1227.65646389812,384.513664229723,843.142799668397,1.7522263797522788,1.0508861155037448,2.1806097876514867,1.7759443995492283,1.2031006691763697,2.084527073331797,1.496831784707517,train
2013,6,2013-02-07,956.725017877602,200.088844418478,756.636173459123,1.2414371896627554,0.36696769200912255,1.8886154268879092,1.496831784707517,0.7089269037564336,2.034612607269699,0.8974176001165566,train
2013,7,2013-02-14,591.77710330329,133.520470887835,458.256632415454,0.5533980105703576,0.12010646624637106,0.8814654873999731,0.8974176001165566,0.2435370791277468,1.3850404571439423,0.7160587992821432,train
2013,8,2013-02-21,764.333310645102,114.802949188002,649.530361457099,0.8787195879939288,0.05069467044915687,1.527090599484085,0.7160587992821432,0.08540056834776397,1.2042780434420302,0.6654658982189874,train
2013,9,2013-02-28,538.106398795971,59.9512531103446,478.155145685627,0.4522122084440461,-0.15271659244828015,0.9486309048607554,0.6654658982189874,-0.051010960999561636,1.2378607521724212,0.30711290102194133,train
2013,10,2013-03-07,384.180020011187,23.0620643267361,361.117955684451,0.16201359359983658,-0.28951594441567036,0.5535837162525015,0.30711290102194133,-0.22111626843197524,0.7511073105566295,0.17370561517040695,train
2013,11,2013-03-14,396.583322087578,24.7984570050116,371.784865082567,0.18539763674097734,-0.2830767300826472,0.5895887892453028,0.17370561517040695,-0.2862963372491588,0.5715862527489033,0.09679375429851572,train
2013,12,2013-03-21,302.589249938319,11.6760153455907,290.913234592728,0.008189871856054111,-0.33173980927826036,0.3166147861711053,0.09679375429851572,-0.3074082696804538,0.45310178770820514,-0.13326421561955376,train
2013,13,2013-03-28,152.529846924867,0.654921898863211,151.874925026004,-0.27471830309516165,-0.3726102781391614,-0.15269495462689636,-0.13326421561955376,-0.3521750437087109,0.08195991577210557,-0.18979309996547897,train
2013,14,2013-04-04,242.621448446342,6.95082141525197,235.67062703109,-0.1048678968357963,-0.3492626523904355,0.13014895587908562,-0.18979309996547897,-0.3609364652647985,-0.01127299937390426,-0.24367814731773618,train
2013,15,2013-04-11,95.366719430049,0.61749545010415,94.7492239799448,-0.3824883977996761,-0.3727490698585108,-0.3455169763730995,-0.24367814731773618,-0.3610058611244732,-0.10768401024700584,-0.34113104911150016,train
2013,16,2013-04-18,139.240029598177,0.53566735690989,138.704362241267,-0.29977370042332424,-0.3730525200153404,-0.1971508562120811,-0.34113104911150016,-0.37290079493692563,-0.2713339162925892,-0.3555085083962364,train
2013,17,2013-04-25,80.1146118690726,0.126000227949706,79.9886116411228,-0.41124331636914857,-0.3745717238691534,-0.3953399292868643,-0.3555085083962364,-0.3738121219422469,-0.2962453927494716,-0.43863015568663644,train
2013,18,2013-05-02,51.0617026760723,2.60210912094099,48.4595935551313,-0.46601699500412425,-0.3653893562668489,-0.5017629385399451,-0.43863015568663644,-0.3699805400680012,-0.44855143391340363,-0.4959740054906218,train
2013,19,2013-05-09,19.2822667481659,0.275595198420866,19.006671549745,-0.5259310159771193,-0.3740169679720238,-0.6011782956107115,-0.4959740054906218,-0.3697031621194363,-0.5514706170753272,-0.5260757377556384,train
2013,20,2013-05-16,19.1287408651379,0.00824587544069031,19.1204949896972,-0.5262204595341574,-0.37500840246377,-0.6007940961101049,-0.5260757377556384,-0.37451268521789693,-0.600986195860407,-0.5334554819876673,train
2013,21,2013-05-23,11.4535780647004,0.0,11.4535780647004,-0.5406905044411772,-0.37503898135297536,-0.6266729981623722,-0.5334554819876673,-0.3750236919083727,-0.6137335471362375,-0.5456834876702319,train
2013,22,2013-05-30,6.1568482495417,0.0,6.1568482495417,-0.5506764708992865,-0.37503898135297536,-0.6445515735303807,-0.5456834876702319,-0.37503898135297536,-0.6356122858463753,-0.5540785251009368,train
2013,23,2013-06-06,2.54783113572319,0.0,2.54783113572319,-0.5574805793025872,-0.37503898135297536,-0.656733445501493,-0.5540785251009368,-0.37503898135297536,-0.6506425095159358,-0.5591795176239147,train
2013,24,2013-06-13,0.745538428564489,0.0,0.745538428564489,-0.5608784559452421,-0.37503898135297536,-0.6628169021104996,-0.5591795176239147,-0.37503898135297536,-0.6597751738059952,-0.5615812406823047,train
2013,25,2013-06-20,0.0,0.0,0.0,-0.5622840254193674,-0.37503898135297536,-0.6653333916143988,-0.5615812406823047,-0.37503898135297536,-0.6640751468624481,-0.5622840254193674,train
2013,26,2013-06-27,0.0,0.0,0.0,-0.5622840254193674,-0.37503898135297536,-0.6653333916143988,-0.5622840254193674,-0.37503898135297536,-0.6653333916143988,-0.5622840254193674,train
2013,27,2013-07-04,0.0,0.0,0.0,-0.5622840254193674,-0.37503898135297536,-0.6653333916143988,-0.5622840254193674,-0.37503898135297536,-0.6653333916143988,-0.5622840254193674,train
2013,28,2013-07-11,0.0,0.0,0.0,-0.5622840254193674,-0.37503898135297536,-0.6653333916143988,-0.5622840254193674,-0.37503898135297536,-0.6653333916143988,-0.5622346083106775,train
2013,29,2013-07-18,0.0524233831697287,0.0259257797606682,0.0264976034090604,-0.5621851912019875,-0.37494283855375815,-0.6652439516361192,-0.5622346083106775,-0.3749909099533668,-0.6652886716252578,-0.5622346083106775,train
2013,30,2013-07-25,0.0,0.0,0.0,-0.5622840254193674,-0.37503898135297536,-0.6653333916143988,-0.5622346083106775,-0.3749909099533668,-0.6652886716252578,-0.5622840254193674,train
2013,31,2013-08-01,0.0,0.0,0.0,-0.5622840254193674,-0.37503898135297536,-0.6653333916143988,-0.5622840254193674,-0.37503898135297536,-0.6653333916143988,-0.5622840254193674,train
2013,32,2013-08-08,0.0,0.0,0.0,-0.5622840254193674,-0.37503898135297536,-0.6653333916143988,-0.5622840254193674,-0.37503898135297536,-0.6653333916143988,-0.5622739568012971,train
2013,33,2013-08-15,0.0106811393276076,0.00712075955173844,0.00356037977586922,-0.5622638881832269,-0.37501257482780326,-0.6653213739128389,-0.5622739568012971,-0.37502577809038934,-0.6653273827636177,-0.5622739568012971,train
2013,34,2013-08-22,0.0,0.0,0.0,-0.5622840254193674,-0.37503898135297536,-0.6653333916143988,-0.5622739568012971,-0.37502577809038934,-0.6653273827636177,-0.5622840254193674,train
2013,35,2013-08-29,0.0,0.0,0.0,-0.5622840254193674,-0.37503898135297536,-0.6653333916143988,-0.5622840254193674,-0.37503898135297536,-0.6653333916143988,-0.5621087306490931,train
2013,36,2013-09-05,0.185958773254076,0.149145170983891,0.0368136022701844,-0.5619334358788188,-0.37448589348597605,-0.6652091310261257,-0.5621087306490931,-0.37476243741947574,-0.6652712613202612,-0.5621087306490931,train
2013,37,2013-09-12,0.0,0.0,0.0,-0.5622840254193674,-0.37503898135297536,-0.6653333916143988,-0.5621087306490931,-0.37476243741947574,-0.6652712613202612,-0.547916717508766,train
2013,38,2013-09-19,15.2413386311446,7.53488024004156,7.70645839110303,-0.5335494095981647,-0.34709673680983716,-0.639321021345588,-0.547916717508766,-0.36106785908140626,-0.6523272064799923,-0.5479106059894654,train
2013,39,2013-09-26,0.00648331168179516,0.00648331168179516,0.0,-0.562271802380766,-0.3750149387305725,-0.6653333916143988,-0.5479106059894654,-0.3610558377702049,-0.6523272064799923,-0.562122002063103,train
2013,40,2013-10-03,0.165396685207308,0.126528849226685,0.0388678359806225,-0.5619722017454402,-0.3745697635374,-0.665202197168161,-0.562122002063103,-0.3747923511339863,-0.6652677943912788,-0.5621281135824038,train
2013,41,2013-10-10,0.0,0.0,0.0,-0.5622840254193674,-0.37503898135297536,-0.6653333916143988,-0.5621281135824038,-0.3748043724451877,-0.6652677943912788,-0.5609007042869378,train
2013,42,2013-10-17,1.46747504446684,1.45776654527023,0.00970849919661026,-0.5595173831545082,-0.3696330202763436,-0.6653006215580329,-0.5609007042869378,-0.3723360008146595,-0.6653170065862147,-0.5608968253335203,train
2013,43,2013-10-24,0.00411492834552418,0.00411492834552418,0.0,-0.5622762675125325,-0.3750237216102263,-0.6653333916143988,-0.5608968253335203,-0.37232837094328497,-0.6653170065862147,-0.5616916101410843,train
2013,44,2013-10-31,0.624339749646986,0.451620779700458,0.172718969946528,-0.5611069527696362,-0.3733641971672769,-0.6647503962135694,-0.5616916101410843,-0.37419395938875166,-0.6650418939139829,-0.5411847174755304,train
2013,45,2013-11-07,21.7585380487421,6.96574263095591,14.7927954177862,-0.5212624821814246,-0.3492073187627204,-0.615401807975089,-0.5411847174755304,-0.3612857579649987,-0.6400761020943281,-0.5260095873347828,train
2013,46,2013-11-14,16.7226442257527,0.116035876729624,16.6066083490231,-0.5307566924881411,-0.37460867552991445,-0.6092794660157578,-0.5260095873347828,-0.36190799714631744,-0.6123406369954223,-0.5385361990208781,train
2013,47,2013-11-21,8.46987382600664,0.264822932747514,8.20505089325913,-0.5463157055536153,-0.3740569156914485,-0.63763807282097,-0.5385361990208781,-0.3743327956106815,-0.6234587694183628,-0.5403991509681414,train
2013,48,2013-11-28,14.7463601745953,13.7618778619709,0.984482312624383,-0.5344825963826675,-0.32400462588326323,-0.662010371215217,-0.5403991509681414,-0.3490307707873559,-0.6498242220180923,-0.37467170384719095,train
2013,49,2013-12-05,184.279298790143,17.9843831484839,166.294915641659,-0.2148608113117144,-0.30834594631017037,-0.10402173586271833,-0.37467170384719095,-0.31617528609671686,-0.38301605353896656,1.7915011818857385,train
2013,50,2013-12-12,2312.69770154578,1401.105791667,911.591909878776,3.7978631750831915,4.820802148744483,2.4116528309018848,1.7915011818857385,2.256228101217156,1.1538155475195844,2.933191973506635,train
2013,51,2013-12-19,1395.42449560978,552.962945855993,842.461549753803,2.0685207719300793,1.675561076534211,2.1783102975193565,2.933191973506635,3.248181612639347,2.2949815642106217,1.3391367779772212,train
2013,52,2013-12-26,621.668652612265,105.606046966806,516.062605645456,0.6097527840243631,0.016589006826483028,1.076583699047457,1.3391367779772212,0.8460750416803471,1.6274469982834079,0.333837314345645,train
2014,1,2014-01-02,328.967950914237,8.98045777639941,319.987493137837,0.05792184466692697,-0.34173597728345145,0.41475200305916815,0.333837314345645,-0.16257348522848422,0.7456678510533137,0.013831450067294516,train
2014,2,2014-01-09,282.195330834317,3.5709641845796,278.624366649737,-0.03025894453233794,-0.3617964676936261,0.27513495628106865,0.013831450067294516,-0.3517662224885388,0.3449434796701195,-0.12108758405706305,train
2014,3,2014-01-16,185.841159195731,0.798640205783664,185.042518989947,-0.21191622358178816,-0.37207731517898635,-0.040741098350749315,-0.12108758405706305,-0.36693689143630626,0.11719692896516078,-0.17651019408543683,train
2014,4,2014-01-23,223.401103514875,0.874047678179926,222.527055836695,-0.14110416458908548,-0.3717976751625626,0.08578416167507241,-0.17651019408543683,-0.37193749517077446,0.022521531662162655,0.14716851410627352,train
2014,5,2014-01-30,529.21076120733,88.3112355328906,440.899525674438,0.4354411928016325,-0.0475468301103574,0.8228783304429166,0.14716851410627352,-0.20967225263646,0.4543312460589956,0.291608932143149,train
2014,6,2014-02-06,376.628509583042,15.1125305190694,361.515979063974,0.1477766714846655,-0.3189958844520554,0.5549272038830515,0.291608932143149,-0.1832713572812064,0.6889027671629852,-0.07727800119731215,train
2014,7,2014-02-13,137.882705691946,2.59235721236838,135.290348479578,-0.3023326738792898,-0.36542552010826607,-0.2086745141058803,-0.07727800119731215,-0.3422107022801607,0.1731263448885867,-0.35447823603422524,train
2014,8,2014-02-20,82.564884436906,0.591322152244196,81.9735622846618,-0.40662379818916067,-0.372846130550387,-0.38863992930183094,-0.35447823603422524,-0.36913582532932654,-0.2986572217038545,-0.3090205318837663,train
2014,9,2014-02-27,186.105815175129,4.18909611230598,181.916719062823,-0.21141726557837195,-0.3595041958944453,-0.051291919618329435,-0.3090205318837663,-0.36617516322241617,-0.21996592446007907,-0.3172545111817333,train
2014,10,2014-03-06,73.8299935622177,3.79182535920469,70.038168203013,-0.42309175678509464,-0.36097742920132686,-0.42892664395073504,-0.3172545111817333,-0.3602408125478861,-0.24010928178453111,0.414707992325813,train
2014,11,2014-03-13,962.597030556335,223.1271218169,739.469908739435,1.2525077414367207,0.4524025178340132,1.8306724378572463,0.414707992325813,0.04571254431634317,0.7008728969532567,0.48272260575209586,train
2014,12,2014-03-20,145.982254900715,1.13752186068644,144.844733040029,-0.287062529932529,-0.3708206111875737,-0.17642465609535943,0.48272260575209586,0.04079095332321975,0.8271238908809445,-0.35206702156343594,train
2014,13,2014-03-27,77.0232351833888,0.0330942295215359,76.9901409538673,-0.4170715131943428,-0.3749162551748812,-0.4054609635932471,-0.35206702156343594,-0.3728684331812274,-0.29094280984430215,-0.46641526390540605,train
2014,14,2014-04-03,24.6776727023925,0.0,24.6776727023925,-0.5157590146164693,-0.37503898135297536,-0.582036405225911,-0.46641526390540605,-0.3749776182639283,-0.493748684409578,-0.5269963973429705,train
2014,15,2014-04-10,12.7566672831377,0.433189356008343,12.3234779271293,-0.538233780069472,-0.37343254800122205,-0.6237367392260479,-0.5269963973429705,-0.37423576467709874,-0.6028865722259784,-0.5475501747958249,train
2014,16,2014-04-17,2.87351257320211,0.0333884137418167,2.8401241594603,-0.5568665695221778,-0.37491516422623145,-0.6557468399851099,-0.5475501747958249,-0.3741738561137268,-0.6397417896055777,-0.5593603121830987,train
2014,17,2014-04-24,0.228063850969241,0.0,0.228063850969241,-0.5618540548440195,-0.37503898135297536,-0.6645635851695613,-0.5593603121830987,-0.3749770727896034,-0.6601552125773344,-0.5620647482542217,train
2014,18,2014-05-01,0.00455297250657924,0.00455297250657924,0.0,-0.5622754416644239,-0.3750220971733834,-0.6653333916143988,-0.5620647482542217,-0.3750305392631794,-0.664948488391979,-0.561435854612204,train
2014,19,2014-05-08,0.895216042639968,0.081884338421145,0.813331704218823,-0.5605962675599842,-0.3747353226171327,-0.662588072770411,-0.561435854612204,-0.37487870989525807,-0.6639607321924037,-0.5614401464896758,train
2014,20,2014-05-15,0.0,0.0,0.0,-0.5622840254193674,-0.37503898135297536,-0.6653333916143988,-0.5614401464896758,-0.37488715198505407,-0.6639607321924037,-0.5621967224201434,train
2014,21,2014-05-22,0.0926140501036396,0.0594505460118108,0.0331635040918288,-0.5621094194209195,-0.3748185157792749,-0.665221451563072,-0.5621967224201434,-0.3749287485661251,-0.6652774215887343,-0.5573080099376753,train
2014,22,2014-05-29,5.18611579004459,2.26745571292761,2.918660077117,-0.5525066004544309,-0.3666303802866086,-0.6554817499442883,-0.5573080099376753,-0.37072444803294174,-0.660351600753679,-0.5573831266657873,train
2014,23,2014-06-05,0.012927619135297,0.012927619135297,0.0,-0.5622596528771436,-0.37499104075090456,-0.6653333916143988,-0.5573831266657873,-0.3708107105187566,-0.6604075707793424,-0.5622718391482555,train
2014,24,2014-06-12,0.0,0.0,0.0,-0.5622840254193674,-0.37503898135297536,-0.6653333916143988,-0.5622718391482555,-0.37501501105193996,-0.6653333916143988,-0.5622840254193674,train
2014,25,2014-06-19,0.0,0.0,0.0,-0.5622840254193674,-0.37503898135297536,-0.6653333916143988,-0.5622840254193674,-0.37503898135297536,-0.6653333916143988,-0.5622840254193674,train
2014,26,2014-06-26,0.0,0.0,0.0,-0.5622840254193674,-0.37503898135297536,-0.6653333916143988,-0.5622840254193674,-0.37503898135297536,-0.6653333916143988,-0.5622840254193674,train
2014,27,2014-07-03,0.0,0.0,0.0,-0.5622840254193674,-0.37503898135297536,-0.6653333916143988,-0.5622840254193674,-0.37503898135297536,-0.6653333916143988,-0.5622840254193674,train
2014,28,2014-07-10,0.0,0.0,0.0,-0.5622840254193674,-0.37503898135297536,-0.6653333916143988,-0.5622840254193674,-0.37503898135297536,-0.6653333916143988,-0.562180371144586,train
2014,29,2014-07-17,0.109960050438149,0.0812736590977974,0.0286863913403516,-0.5620767168698045,-0.374737587251798,-0.6652365636040013,-0.562180371144586,-0.3748882843023867,-0.6652849776091989,-0.562180371144586,train
2014,30,2014-07-24,0.0,0.0,0.0,-0.5622840254193674,-0.37503898135297536,-0.6653333916143988,-0.562180371144586,-0.3748882843023867,-0.6652849776091989,-0.5619882379796868,train
2014,31,2014-07-31,0.313781576831521,0.259544695537975,0.0542368812935459,-0.561692450540006,-0.37407648943252564,-0.6651503205113273,-0.5619882379796868,-0.3745577353927505,-0.6652418560628619,-0.5619124682997427,train
2014,32,2014-08-07,0.0803791049224856,0.0803791049224856,0.0,-0.5621324860594794,-0.37474090460399573,-0.6653333916143988,-0.5619124682997427,-0.3744086970182607,-0.6652418560628619,-0.5621909373746812,train
2014,33,2014-08-14,0.0183719220898056,0.0183719220898056,0.0,-0.5622493886898831,-0.3749708511739404,-0.6653333916143988,-0.5621909373746812,-0.37485587788896807,-0.6653333916143988,-0.5622667070546252,train
2014,34,2014-08-21,0.0,0.0,0.0,-0.5622840254193674,-0.37503898135297536,-0.6653333916143988,-0.5622667070546252,-0.3750049162634579,-0.6653333916143988,-0.5622840254193674,train
2014,35,2014-08-28,0.0,0.0,0.0,-0.5622840254193674,-0.37503898135297536,-0.6653333916143988,-0.5622840254193674,-0.37503898135297536,-0.6653333916143988,-0.5622099470090308,train
2014,36,2014-09-04,0.0785849474530859,0.0632658161056768,0.0153191313474091,-0.5621358685986942,-0.37480436728499694,-0.6652816834371036,-0.5622099470090308,-0.37492167431898615,-0.66530753752575,-0.5622099470090308,train
2014,37,2014-09-11,0.0,0.0,0.0,-0.5622840254193674,-0.37503898135297536,-0.6653333916143988,-0.5622099470090308,-0.37492167431898615,-0.66530753752575,-0.561978178749431,train
2014,38,2014-09-18,0.324452757239814,0.248637766899209,0.0758149903406049,-0.5616723320794946,-0.37411693653420874,-0.6650774857883266,-0.561978178749431,-0.374577958943592,-0.6652054387013615,-0.5617726231406512,train
2014,39,2014-09-25,0.218060520484366,0.119112655301384,0.0989478651829822,-0.5618729142018077,-0.37459726564727286,-0.6649994031107536,-0.5617726231406512,-0.37435710109074083,-0.665038444449539,-0.5583403298019846,train
2014,40,2014-10-02,3.96554859659602,0.0,3.96554859659602,-0.5548077454021614,-0.37503898135297536,-0.6519480837104844,-0.5583403298019846,-0.3748181235001241,-0.6584737434106178,-0.5577814446250763,train
2014,41,2014-10-09,0.810945303784694,0.190889868164429,0.620055435620264,-0.5607551438479912,-0.37433108803455034,-0.6632404572520769,-0.5577814446250763,-0.37468503469376285,-0.6575942704812796,-0.5397566948286144,train
2014,42,2014-10-16,23.0868284563266,8.44080658070855,14.646021875618,-0.5187582458092377,-0.343737212233127,-0.6158972272105905,-0.5397566948286144,-0.35903415013383866,-0.6395688422313326,-0.5403533490688024,train
2014,43,2014-10-23,0.177993787954481,0.165660730105146,0.0123330578493346,-0.5619484523283672,-0.3744246474174214,-0.6652917626259527,-0.5403533490688024,-0.3590809298252742,-0.6405944949182705,-0.5421449217317111,train
2014,44,2014-10-30,21.1862660261482,5.78256740759693,15.4036986185512,-0.5223413911350552,-0.3535949892200144,-0.6133397660551526,-0.5421449217317111,-0.3640098183187179,-0.6393157643405516,-0.5260617735721687,train
2014,45,2014-11-06,17.2395552773956,0.0,17.2395552773956,-0.529782156009282,-0.37503898135297536,-0.6071430177244986,-0.5260617735721687,-0.3643169852864949,-0.6102413918898245,-0.5376302901416301,train
2014,46,2014-11-13,8.9139823393019,2.63430743885009,6.2796749004518,-0.5454784242739783,-0.36526995247485333,-0.6441369846024706,-0.5376302901416301,-0.37015446691391435,-0.6256400011634835,-0.3058330861383878,train
2014,47,2014-11-20,263.138070291406,39.94146858846,223.196601702946,-0.06618774800279728,-0.22692059762871514,0.08804414597667835,-0.3058330861383878,-0.29609527505178423,-0.27804641931289503,0.377989174540228,train
2014,48,2014-11-27,734.336358150371,70.4962476907202,663.840110459646,0.8221660970832533,-0.11361168196740745,1.5753917088416247,0.377989174540228,-0.1702661397980613,0.8317179274091526,0.3450505552661891,train
2014,49,2014-12-04,228.195640330151,4.82164371052423,223.373996619627,-0.13206498655087512,-0.3571584652243462,0.08864292456242126,0.3450505552661891,-0.23538507359587682,0.8320173167020241,-0.24979998463908165,train
2014,50,2014-12-11,103.298270150214,0.877155146930966,102.421115003283,-0.3675349827272882,-0.3717861514688892,-0.3196212847553479,-0.24979998463908165,-0.3644723083466177,-0.1154891800964622,-0.05168217788558396,train
2014,51,2014-12-18,438.36588240881,17.3345843323471,421.031298076462,0.26417062695612026,-0.3107556511556233,0.7558151392031879,-0.05168217788558396,-0.34127090131225624,0.2180969272239211,0.17571900479245445,train
2014,52,2014-12-25,344.533333245182,6.24976061418375,338.283572630998,0.08726738262878861,-0.35186245646415604,0.47650856750038323,0.17571900479245445,-0.3313090538098897,0.6161618533517866,0.009967671551778252,train
2015,1,2015-01-01,262.531118220263,51.6594873231995,210.871630897063,-0.0673320395252321,-0.18346566077289592,0.046442454527200125,0.009967671551778252,-0.267664058618526,0.2614755110137928,2.2482547184904864,train
2015,2,2015-01-08,2718.985878452,1769.35233342591,949.633545026071,4.563841476506205,6.186402476047848,2.540058519852968,2.2482547184904864,3.0014684076374762,1.2932504871900852,4.400726428449957,train
2015,3,2015-01-15,2545.9477770394,1539.22898947671,1006.71878756271,4.23761138039371,5.3330162845139295,2.7327439779957428,4.400726428449957,5.7597093802808885,2.6364012489243565,3.3319861847597485,train
2015,4,2015-01-22,1585.2291535199,769.486232901118,815.742920618786,2.426360989125787,2.478513007176392,2.0881242692735573,3.3319861847597485,3.905764645845161,2.4104341236346514,1.8329066959375997,train
2015,5,2015-01-29,955.672252472797,317.63160231,638.040650162798,1.2394524027494125,0.8028616121043514,1.4883082419728657,1.8329066959375997,1.6406873096403716,1.7882162556232126,0.8214453084136275,train
2015,6,2015-02-05,512.235826203164,81.7246409695856,430.511185233578,0.40343821407784264,-0.07197246530709651,0.7878135387692106,0.8214453084136275,0.3654445733986274,1.1380608903710392,0.9969050669176236,train
2015,7,2015-02-12,1141.80605096437,682.377045402224,459.429005562147,1.5903719197574047,2.155478514058191,0.8854227142916664,0.9969050669176236,1.0417530243755473,0.8366181265304395,2.6531176911482737,train
2015,8,2015-02-19,2269.20363173406,1393.18442010064,876.019211633404,3.715863462539143,4.791426645170046,2.2915807885630115,2.6531176911482737,3.4734525796141185,1.58850175142734,2.9309485276417435,train
2015,9,2015-02-26,1436.53864022325,625.205801869283,811.332838353971,2.146033592744344,1.9434654738052868,2.073238482967266,2.9309485276417435,3.3674460594876665,2.18240963576514,1.4713952532685792,train
2015,10,2015-03-05,720.858886612901,167.136351666792,553.722534946109,0.7967569137928147,0.24476712857076846,1.2037009785486061,1.4713952532685792,1.0941163011880277,1.6384697307579372,0.34326597141215354,train
2015,11,2015-03-12,239.779963408336,11.5558506470711,228.224112761265,-0.11022497096850759,-0.33218542636632553,0.10501400068069054,0.34326597141215354,-0.04370914889777855,0.6543574896146495,0.3065712996178611,train
2015,12,2015-03-19,681.931905841309,122.637393529618,559.294512311694,0.7233675702042298,0.07974781431861164,1.2225086241631418,0.3065712996178611,-0.12621880602385693,0.6637613124219173,0.31102837536786954,train
2015,13,2015-03-26,244.508183979179,6.66449377130008,237.843690207879,-0.10131081946849077,-0.3503244658223528,0.13748391067977755,0.31102837536786954,-0.1352883257518706,0.6799962674214608,-0.2512259788957998,train
2015,14,2015-04-02,85.4729823261502,0.16743049699253,85.3055518291577,-0.40114113832310877,-0.3744180844386379,-0.3773931358508606,-0.2512259788957998,-0.3623712751304954,-0.11995461258554041,-0.19607091172726734,train
2015,15,2015-04-09,303.018592551883,62.4081422368771,240.610450315006,0.008999314868574136,-0.14360549915921553,0.14682282937615954,-0.19607091172726734,-0.2590117917989267,-0.11528515323734942,-0.22497161488803408,train
2015,16,2015-04-16,54.8141138525087,0.0,54.8141138525087,-0.4589425446446423,-0.37503898135297536,-0.48031389846637706,-0.22497161488803408,-0.25932224025609546,-0.16674553454510765,-0.2816308734694711,train
2015,17,2015-04-23,242.912485548214,20.1075796584992,222.804905889715,-0.10431920229429982,-0.30047231405511304,0.08672201640568494,-0.2816308734694711,-0.3377556477040442,-0.19679594103034495,-0.3087993153333355,train
2015,18,2015-04-30,25.9928882544842,0.0,25.9928882544842,-0.5132794283723712,-0.37503898135297536,-0.5775970282529809,-0.3087993153333355,-0.3377556477040442,-0.24543750592364685,-0.5272902349021873,train
2015,19,2015-05-07,11.1297386550517,0.0946829137478505,11.0350557413038,-0.5413010414320033,-0.37468786055931763,-0.6280856779031107,-0.5272902349021873,-0.3748634209561465,-0.6028413530780447,-0.5460388390303547,train
2015,20,2015-05-14,6.10371860929121,0.0,6.10371860929121,-0.550776636628706,-0.37503898135297536,-0.6447309072533838,-0.5460388390303547,-0.3748634209561465,-0.6364082925782462,-0.5537567942783963,train
2015,21,2015-05-21,2.94226399331467,0.158781042885632,2.78348295042904,-0.5567369519280867,-0.37445015995332687,-0.6559380266530993,-0.5537567942783963,-0.37474457065315114,-0.6503344669532405,-0.5592084304367433,train
2015,22,2015-05-28,0.320433856143599,0.0,0.320433856143599,-0.5616799089453999,-0.37503898135297536,-0.6642517995665791,-0.5592084304367433,-0.37474457065315114,-0.6600949131098381,-0.5619207605353959,train
2015,23,2015-06-04,0.0649301343733067,0.0196035744716672,0.0453265599016394,-0.5621616121253918,-0.37496628373146623,-0.665180396399303,-0.5619207605353959,-0.37500263254222077,-0.66471609798294,-0.5622228187723797,train
2015,24,2015-06-11,0.0,0.0,0.0,-0.5622840254193674,-0.37503898135297536,-0.6653333916143988,-0.5622228187723797,-0.37500263254222077,-0.6652568940068497,-0.5622713273398094,train
2015,25,2015-06-18,0.0134705632893934,0.00482465996845753,0.0086459033209359,-0.5622586292602515,-0.37502108965139797,-0.6653042082428577,-0.5622713273398094,-0.37503003550218666,-0.6653187999286272,-0.5619085556680594,train
2015,26,2015-06-25,0.384840773882873,0.222714226533641,0.162126547349231,-0.5615584820758672,-0.37421307102888446,-0.6647861498639053,-0.5619085556680594,-0.3746170803401412,-0.6650451790533805,-0.5619212537476173,train
2015,27,2015-07-02,0.0,0.0,0.0,-0.5622840254193674,-0.37503898135297536,-0.6653333916143988,-0.5619212537476173,-0.3746260261909299,-0.6650597707391509,-0.5622840254193674,train
2015,28,2015-07-09,0.0,0.0,0.0,-0.5622840254193674,-0.37503898135297536,-0.6653333916143988,-0.5622840254193674,-0.37503898135297536,-0.6653333916143988,-0.5622840254193674,train
2015,29,2015-07-16,0.0,0.0,0.0,-0.5622840254193674,-0.37503898135297536,-0.6653333916143988,-0.5622840254193674,-0.37503898135297536,-0.6653333916143988,-0.5622840254193674,train
2015,30,2015-07-23,0.0,0.0,0.0,-0.5622840254193674,-0.37503898135297536,-0.6653333916143988,-0.5622840254193674,-0.37503898135297536,-0.6653333916143988,-0.562253066492628,train
2015,31,2015-07-30,0.0328423034453969,0.0328423034453969,0.0,-0.5622221075658884,-0.37491718941402,-0.6653333916143988,-0.562253066492628,-0.3749780853834977,-0.6653333916143988,-0.5617756815828121,train
2015,32,2015-08-06,0.506426472737591,0.341322154093951,0.165104318643639,-0.5613292555997359,-0.3737732270484808,-0.6647760986983043,-0.5617756815828121,-0.3743452082312504,-0.6650547451563504,-0.5618066405095516,train
2015,33,2015-08-13,0.0,0.0,0.0,-0.5622840254193674,-0.37503898135297536,-0.6653333916143988,-0.5618066405095516,-0.37440610420072806,-0.6650547451563504,-0.5622597384765171,train
2015,34,2015-08-20,0.0257644314856991,0.0228023104870041,0.00296212099869499,-0.5622354515336668,-0.3749544215835459,-0.6653233932747868,-0.5622597384765171,-0.37499670146826064,-0.6653283924445916,-0.562217039358081,train
2015,35,2015-08-27,0.0452967060625842,0.0388256210773584,0.00647108498522581,-0.5621986271824951,-0.3748950009625615,-0.6653115491220197,-0.562217039358081,-0.3749247112730537,-0.6653174711984022,-0.5622413263009313,train
2015,36,2015-09-03,0.0,0.0,0.0,-0.5622840254193674,-0.37503898135297536,-0.6653333916143988,-0.5622413263009313,-0.37496699115776844,-0.6653224703682081,-0.5621620091706184,train
2015,37,2015-09-10,0.129439069396739,0.0921104747381627,0.037328594658577,-0.5620399929218695,-0.374697400156178,-0.6652073927214449,-0.5621620091706184,-0.37486819075457667,-0.6652703921679207,-0.5618884886883341,train
2015,38,2015-09-17,0.290160015988368,0.271685985770106,0.0184740302182614,-0.5617369844547987,-0.3740314648415663,-0.6652710343952967,-0.5618884886883341,-0.37436443249887214,-0.6652392135583697,-0.5590291303731326,train
2015,39,2015-09-24,3.16274556083818,2.43325295955597,0.729492601282208,-0.5563212762914665,-0.36601554009508847,-0.6628710631763685,-0.5590291303731326,-0.3700235024683274,-0.6640710487858315,-0.5590792090658192,train
2015,40,2015-10-01,0.237034801564735,0.23251244102674,0.00452236053799511,-0.5618371418401719,-0.3741767354672391,-0.6653181268441458,-0.5590792090658192,-0.3700961377811638,-0.664094595010256,-0.5616450890747147,train
2015,41,2015-10-08,0.440771037441005,0.284607206415365,0.156163831025639,-0.5614530363092575,-0.3739835479675665,-0.6648062764093229,-0.5616450890747147,-0.3740801417174028,-0.6650622016267332,-0.5616934607856803,train
2015,42,2015-10-15,0.185720412565664,0.185720412565664,0.0,-0.561933885262103,-0.3743502583714229,-0.6653333916143988,-0.5616934607856803,-0.3741669031694947,-0.6650698340118597,-0.5608039690541808,train
2015,43,2015-10-22,1.3843747225393,1.17865526526523,0.205719457274071,-0.5596740528462586,-0.37066807264508633,-0.6646390064088302,-0.5608039690541808,-0.37250916550825464,-0.6649861990116134,-0.5575514009495823,train
2015,44,2015-10-29,3.63615748898313,2.28894379815134,1.34721369083179,-0.5554287490529061,-0.3665506941717724,-0.660786008162931,-0.5575514009495823,-0.36860938340842936,-0.6627125072858795,-0.5539142609346482,train
2015,45,2015-11-05,5.24277902217795,1.67901009576773,3.56376892641021,-0.5523997728163904,-0.36881256378670474,-0.6533042503199635,-0.5539142609346482,-0.36768162897923856,-0.6570451292414461,-0.5496789868337311,train
2015,46,2015-11-12,8.12908317620691,0.700455343938431,7.42862783226848,-0.5469582008510718,-0.3724414225480105,-0.6402588102755508,-0.5496789868337311,-0.3706269931673576,-0.646781530297756,-0.5523630403351341,train
2015,47,2015-11-19,2.3954419585096,0.128941549764324,2.26650040874528,-0.5577678798191963,-0.3745608163124563,-0.6576830488947445,-0.5523630403351341,-0.3735011194302334,-0.6489709295851465,-0.5544157920880954,train
2015,48,2015-11-26,5.95145290704047,5.64872765835732,0.302725248683153,-0.5510637043569947,-0.35409131867498994,-0.6643115731786365,-0.5544157920880954,-0.3643260674937231,-0.6609973110366894,-0.2806517032199614,train
2015,49,2015-12-03,292.813884261619,1.18864500438028,291.625239257239,-0.010239702082928171,-0.3706310268362105,0.3190180858486541,-0.2806517032199614,-0.3623611727556002,-0.1726467436649901,-0.1583203796953395,train
2015,50,2015-12-10,135.72476455571,2.19067231061189,133.534092245098,-0.3064010573077508,-0.36691512278231,-0.21460257926106788,-0.1583203796953395,-0.36877307480926025,0.05220775329379422,-0.3010813689567724,train
2015,51,2015-12-17,141.368074497553,7.65299119982913,133.715083297723,-0.29576168060579405,-0.34665873577777423,-0.21399166228243885,-0.3010813689567724,-0.3567869292800421,-0.21429712077175225,-0.3385963583762842,train
2015,52,2015-12-24,95.9275623906001,0.687281200141878,95.2402811904582,-0.38143103614677437,-0.37249027735868867,-0.34385946246271615,-0.3385963583762842,-0.3595745065682314,-0.2789255623725764,-0.12296305300847285,train
2015,53,2015-12-31,370.119365116079,127.562279784436,242.557085331644,0.13550493012982867,0.09801119365514979,0.15339349884081,-0.12296305300847285,-0.13723954185176945,-0.09523298181095197,0.8957596586549117,train
2016,1,2016-01-07,1176.62395424858,305.776797965938,870.847156282645,1.6560143871799946,0.7588994214072089,2.274123039230316,0.8957596586549117,0.42845530753117933,1.213758269035564,1.3532832155195296,train
2016,2,2016-01-14,855.476225655967,194.85195602805,660.624269627918,1.0505520438590645,0.34754728831473636,1.5645369636142914,1.3532832155195296,0.5532233548609726,1.9193300014223047,1.5775018944245676,train
2016,3,2016-01-21,1414.48290694061,842.098331207498,572.384575733122,2.1044517449900706,2.7477866974050857,1.2666928082954412,1.5775018944245676,1.5476669928599112,1.4156148859548674,2.4136547573926572,train
2016,4,2016-01-28,1742.49618869957,937.672502746047,804.82368595353,2.722857769795244,3.102212618993887,2.05126749788132,2.4136547573926572,2.9249996581994866,1.6589801530883816,2.4752051658504666,train
2016,5,2016-02-04,1479.77771540633,635.009113966858,844.768601439489,2.2275525619056897,1.979819939335801,2.186097516969815,2.4752051658504666,2.5410162791648436,2.118682507425569,1.7311483219872899,train
2016,6,2016-02-11,953.174877518408,270.850257476579,682.324620041824,1.2347440820688902,0.629378326936024,1.6377842999758478,1.7311483219872899,1.3045991331359121,1.9119409084728325,0.8279930143209411,train
2016,7,2016-02-18,521.679234722886,83.5596445585375,438.119590164348,0.42124194657299197,-0.06516756365151989,0.8134949395074176,0.8279930143209411,0.28210538164225185,1.2256396197416337,0.17821340755742338,train
2016,8,2016-02-25,263.866129914612,15.6001064321589,248.266023482453,-0.06481513145814524,-0.31718776475235655,0.17266344172300696,0.17821340755742338,-0.19117766420193844,0.4930791906152134,-0.13387153238648347,train
2016,9,2016-03-03,190.608704254495,3.2867093349958,187.321994919499,-0.2029279333148217,-0.3628505944038868,-0.0330469580739651,-0.13387153238648347,-0.3400191795781219,0.06980824182452204,-0.24880811509696854,train
2016,10,2016-03-10,141.937415843937,7.93536502106036,134.002050822876,-0.29468829687911535,-0.345611584646759,-0.21302303244749135,-0.24880811509696854,-0.3542310895253231,-0.12303499526072711,-0.13064914505867634,train
2016,11,2016-03-17,315.955838586601,7.55090808041834,308.404930506182,0.033390006761762694,-0.34703729939065614,0.37565623525691344,-0.13064914505867634,-0.3463244420187078,0.08131660140471215,0.08496323375064141,train
2016,12,2016-03-24,370.666506843274,39.1181892413188,331.548317601956,0.1365364607395201,-0.22997363525005463,0.4537743958771932,0.08496323375064141,-0.2885054673203556,0.41471531556705443,-0.046139774817997734,train
2016,13,2016-03-31,176.877219154908,3.27346168418942,173.603757470719,-0.2288160103755156,-0.3628997218069326,-0.07935148005323125,-0.046139774817997734,-0.29643667852849387,0.18721145791198207,-0.3342046397258528,train
2016,14,2016-04-07,65.0773052256297,0.436554505028836,64.6407507206008,-0.43959326907618995,-0.3734200687296399,-0.4471450803481789,-0.3342046397258528,-0.36815989526828646,-0.263248280200704,-0.4464774586257536,train
2016,15,2016-04-14,57.7743181400348,0.0,57.7743181400348,-0.4533616481753173,-0.37503898135297536,-0.47032202851904203,-0.4464774586257536,-0.3742295250413079,-0.4587335544336094,-0.4899423049849239,train
2016,16,2016-04-21,18.9682884193588,0.0,18.9682884193588,-0.5265229617945306,-0.37503898135297536,-0.601307853982276,-0.4899423049849239,-0.37503898135297536,-0.535814941250658,-0.5328763439473682,train
2016,17,2016-04-28,12.2284002338334,0.106258239830178,12.1221419940032,-0.5392297261002058,-0.37464493478189914,-0.6244163282895454,-0.5328763439473682,-0.3748419580674375,-0.6128620911359097,-0.5408207241979675,train
2016,18,2016-05-05,10.5406142602621,0.210421491995144,10.330192768267,-0.5424117222957292,-0.37425865723379226,-0.630464871523954,-0.5408207241979675,-0.37445179600784595,-0.6274405999067487,-0.5507475292292765,train
2016,19,2016-05-12,1.69770109736605,0.0,1.69770109736605,-0.5590833361628238,-0.37503898135297536,-0.6596029733977202,-0.5507475292292765,-0.37464881929338406,-0.6450339224608361,-0.5606533788955292,train
2016,20,2016-05-19,0.032145301984553,0.0,0.032145301984553,-0.5622234216282349,-0.37503898135297536,-0.665224888401225,-0.5606533788955292,-0.37503898135297536,-0.6624139308994715,-0.561944919615752,train
2016,21,2016-05-26,0.327589898015962,0.0136626936285028,0.313927204387459,-0.5616664176032692,-0.3749883148109304,-0.6642737621109933,-0.561944919615752,-0.37501364808195314,-0.6647493252561081,-0.5619752215113183,train
2016,22,2016-06-02,0.0,0.0,0.0,-0.5622840254193674,-0.37503898135297536,-0.6653333916143988,-0.5619752215113183,-0.37501364808195314,-0.664803576862695,-0.562263681181487,train
2016,23,2016-06-09,0.0215818732819171,0.00883995384403994,0.0127419194378771,-0.5622433369436065,-0.3750061993917243,-0.6652903825550446,-0.562263681181487,-0.3750225903723501,-0.6653118870847206,-0.5622231396973028,train
2016,24,2016-06-16,0.0430078128000721,0.0430078128000721,0.0,-0.5622029424509991,-0.37487949178124486,-0.6653333916143988,-0.5622231396973028,-0.37494284558648483,-0.6653118870847206,-0.5622434839351832,train
2016,25,2016-06-23,0.0,0.0,0.0,-0.5622840254193674,-0.37503898135297536,-0.6653333916143988,-0.5622434839351832,-0.3749592365671104,-0.6653333916143988,-0.5622497426366571,train
2016,26,2016-06-30,0.0363683651631713,0.0,0.0363683651631713,-0.5622154598539469,-0.37503898135297536,-0.6652106338789144,-0.5622497426366571,-0.37503898135297536,-0.6652720127466556,-0.5622266608587279,train
2016,27,2016-07-07,0.0244859507304429,0.0244859507304429,0.0,-0.562237861863509,-0.37494817799560476,-0.6653333916143988,-0.5622266608587279,-0.3749935796742903,-0.6652720127466556,-0.5622609436414381,train
2016,28,2016-07-14,0.0,0.0,0.0,-0.5622840254193674,-0.37503898135297536,-0.6653333916143988,-0.5622609436414381,-0.3749935796742903,-0.6653333916143988,-0.5622840254193674,train
2016,29,2016-07-21,0.0,0.0,0.0,-0.5622840254193674,-0.37503898135297536,-0.6653333916143988,-0.5622840254193674,-0.37503898135297536,-0.6653333916143988,-0.5622840254193674,train
2016,30,2016-07-28,0.0,0.0,0.0,-0.5622840254193674,-0.37503898135297536,-0.6653333916143988,-0.5622840254193674,-0.37503898135297536,-0.6653333916143988,-0.5622300306154868,train
2016,31,2016-08-04,0.0572795610274003,0.0572795610274003,0.0,-0.5621760358116064,-0.3748265666296403,-0.6653333916143988,-0.5622300306154868,-0.3749327739913081,-0.6653333916143988,-0.5620763896751486,train
2016,32,2016-08-11,0.162987639290066,0.114274848469912,0.0487127908201543,-0.561976743538691,-0.3746152061024932,-0.6651689665195842,-0.5620763896751486,-0.37472088636606704,-0.6652511790669904,-0.5621303844790291,train
2016,33,2016-08-18,0.0,0.0,0.0,-0.5622840254193674,-0.37503898135297536,-0.6653333916143988,-0.5621303844790291,-0.37482709372773454,-0.6652511790669904,-0.5622840254193674,train
2016,34,2016-08-25,0.0,0.0,0.0,-0.5622840254193674,-0.37503898135297536,-0.6653333916143988,-0.5622840254193674,-0.37503898135297536,-0.6653333916143988,-0.5621745764544374,train
2016,35,2016-09-01,0.116107258764571,0.081806050766382,0.0343012079981893,-0.5620651274895074,-0.37473561293797714,-0.6652176113586918,-0.5621745764544374,-0.37488729714547653,-0.6652755014865442,-0.5621490564278087,train
2016,36,2016-09-08,0.0270725295332772,0.00882776344218611,0.018244766091091,-0.5622329853661101,-0.3750062445984401,-0.6652718082531524,-0.5621490564278087,-0.3748709287682089,-0.6652447098059211,-0.5619334349692313,train
2016,37,2016-09-15,0.344845981896908,0.317165975968195,0.0276800059287129,-0.5616338845723525,-0.37386280748173445,-0.6652399605560942,-0.5619334349692313,-0.37443452604008753,-0.6652558844046222,-0.5618146063803682,train
2016,38,2016-09-22,0.15313001874375,0.137575577783709,0.0155544409600407,-0.5619953281883838,-0.3745287980036545,-0.6652808891733236,-0.5618146063803682,-0.3741958027426947,-0.6652604248647078,-0.5621396768038756,train
2016,39,2016-09-29,0.0,0.0,0.0,-0.5622840254193674,-0.37503898135297536,-0.6653333916143988,-0.5621396768038756,-0.3747838896783152,-0.6653071403938602,-0.5622840254193674,train
2016,40,2016-10-06,0.0,0.0,0.0,-0.5622840254193674,-0.37503898135297536,-0.6653333916143988,-0.5622840254193674,-0.37503898135297536,-0.6653333916143988,-0.5622840254193674,train
2016,41,2016-10-13,0.0,0.0,0.0,-0.5622840254193674,-0.37503898135297536,-0.6653333916143988,-0.5622840254193674,-0.37503898135297536,-0.6653333916143988,-0.5605143570917505,train
2016,42,2016-10-20,1.87732555144296,1.58626635615408,0.291059195288879,-0.5587446887641336,-0.36915649337411327,-0.6643509507610572,-0.5605143570917505,-0.37209773736354457,-0.6648421711877269,-0.5451352963108678,train
2016,43,2016-10-27,16.3146411734818,9.59037147298712,6.72426970049474,-0.5315259038576021,-0.3394741818577329,-0.6426362998558097,-0.5451352963108678,-0.3543153376159234,-0.6534936253084325,-0.5468871907674823,train
2016,44,2016-11-03,0.0188551389321298,0.00590191789012239,0.0129532210420074,-0.5622484776773625,-0.3750170947631815,-0.6652896693278673,-0.5468871907674823,-0.35724563831045747,-0.6539629845918374,-0.5614627812690202,train
2016,45,2016-11-10,0.85234914458243,0.543515115667604,0.308834028914825,-0.5606770848606779,-0.3730234174964764,-0.6642909536092815,-0.5614627812690202,-0.3740202561298292,-0.6647903114685734,-0.5613094365280951,train
2016,46,2016-11-17,0.181528559609525,0.181528559609525,0.0,-0.5619417881955124,-0.37436580338032255,-0.6653333916143988,-0.5613094365280951,-0.3736946104383997,-0.664812172611839,-0.5620803312782913,train
2016,47,2016-11-24,0.0345572513606405,0.0345572513606405,0.0,-0.5622188743610702,-0.3749108297251464,-0.6653333916143988,-0.5620803312782913,-0.3746383165527347,-0.6653333916143988,0.4261266210530108,train
2016,48,2016-12-01,1048.50574433138,185.236272639594,863.269471691785,1.4144721164670917,0.3118886224660344,2.248545331890032,0.4261266210530108,-0.03151110362955625,0.7916059701378175,1.0897601273298152,train
2016,49,2016-12-08,704.040002048376,65.3530430667557,638.686958981621,0.7650481381925386,-0.1326846700919569,1.4904897919728801,1.0897601273298152,0.0896019761870385,1.869517561931457,1.730586552161255,train
2016,50,2016-12-15,1728.3166459572,832.027693154324,896.288952802883,2.6961249661299713,2.710440884038095,2.35999924822305,1.730586552161255,1.2888781069730688,1.9252445200979658,2.522328869143146,train
2016,51,2016-12-22,1543.94771731519,653.808215256576,890.139502058616,2.3485327721563203,2.049534263743647,2.3392423996693275,2.522328869143146,2.3799875738908707,2.3496208239461893,2.300597694853887,train
2016,52,2016-12-29,1493.09652445272,633.946820008686,859.149704444032,2.252662617551454,1.9758805432723838,2.234639474538801,2.300597694853887,2.0127074035080152,2.286940937104065,2.3846848497358537,train
2017,1,2017-01-05,1633.15028818373,769.402003468717,863.748284715021,2.5167070819202535,2.478200651926819,2.2501615167855893,2.3846848497358537,2.227040597599601,2.242400495662196,2.3320981630543893,train
2017,2,2017-01-12,1437.3107429974,596.616030634676,840.694712362726,2.147489244188525,1.8374435658492074,2.1723465167410767,2.3320981630543893,2.1578221088880127,2.211254016763334,1.8185965463069813,train
2017,3,2017-01-19,1088.40995985037,310.147945173463,778.262014676916,1.4897038484254377,0.7751093226021408,1.9616112649996396,1.8185965463069813,1.3062764442256736,2.066978890870359,2.5573565663712756,train
2017,4,2017-01-26,2221.01299974675,1402.69943265291,818.313567093845,3.6250092843171142,4.8267119846972335,2.0968012262550735,2.5573565663712756,2.8009106536496864,2.0292062456273574,3.3085400178958926,train
2017,5,2017-02-02,1885.29142365965,987.995753679898,897.295669979753,2.9920707514746714,3.2888306592285406,2.3633973201559293,3.3085400178958926,4.057771321962886,2.2300992732055023,2.2536348430998734,train
2017,6,2017-02-09,1101.9329958339,320.891140340168,781.041855493732,1.5151989347250756,0.8149492373664764,1.9709943363075766,2.2536348430998734,2.0518899482975077,2.167195828231754,1.5946410280857748,train
2017,7,2017-02-16,1186.20792430425,408.158105717136,778.049818587117,1.6740831214464744,1.1385688317619627,1.9608950185765328,1.5946410280857748,0.9767590345642186,1.9659446774420557,1.4121177720842062,train
2017,8,2017-02-23,908.305994165321,229.99340965276,678.312584512563,1.1501524227219386,0.477865363652531,1.6242420801360256,1.4121177720842062,0.8082170977072459,1.7925685493562802,0.9978604713212031,train
2017,9,2017-03-02,746.749409136354,127.467020195702,619.28238894065,0.8455685199204681,0.09765793432803548,1.4249916298864482,0.9978604713212031,0.28776164899028234,1.5246168550112378,0.5673731677371947,train
2017,10,2017-03-09,451.63012898874,44.0700817591377,407.560047229602,0.28917781555392175,-0.21161010626535656,0.7103442954992751,0.5673731677371947,-0.05697608596866144,1.0676679626928625,0.3160267500664565,train
2017,11,2017-03-16,480.112410104816,12.6490891662051,467.463320938611,0.34287568457899165,-0.3281312759256475,0.9125417326296176,0.3160267500664565,-0.26987069109550293,0.8114430140644473,0.18351665922493418,train
2017,12,2017-03-23,311.058827870517,7.38567184586424,303.673156024653,0.024157633870877156,-0.34765005913284314,0.3596846094340658,0.18351665922493418,-0.33789066752924624,0.6361131710318426,-0.07379333419070383,train
2017,13,2017-03-30,207.149043047614,1.63137603373858,205.517667013876,-0.17174430225228438,-0.3689892092764006,0.028370691355665518,-0.07379333419070383,-0.35831963420462276,0.19402765039486655,-0.23414784292348118,train
2017,14,2017-04-06,140.949202334915,0.714395757594445,140.23480657732,-0.29655138359467753,-0.3723897261128981,-0.19198499626386217,-0.23414784292348118,-0.3706894676946503,-0.08180715245409743,-0.3623138404314853,train
2017,15,2017-04-13,71.1861068334795,0.0657661147818405,71.1203407186977,-0.42807629726829255,-0.37479509521234095,-0.4252738801591055,-0.3623138404314853,-0.3735924106626204,-0.3086294382114829,-0.4516947213059476,train
2017,16,2017-04-20,46.1308632950402,0.0,46.1308632950402,-0.47531314534360225,-0.37503898135297536,-0.5096233318240517,-0.4516947213059476,-0.37491703828265904,-0.46744860599157767,-0.49432463461463433,train
2017,17,2017-04-27,25.9628159708536,0.0675163903601329,25.8952995804935,-0.513336123885666,-0.37478860451485563,-0.5779264289443308,-0.49432463461463433,-0.37491379293391636,-0.5437748803841903,-0.5237144653514245,train
2017,18,2017-05-04,14.9531113209968,0.253437689520304,14.6996736314765,-0.5340928068171826,-0.37409913656826443,-0.6157161311392,-0.5237144653514245,-0.3744438705415609,-0.5968212800417645,-0.5425524212673074,train
2017,19,2017-05-11,5.978858849653,0.0,5.978858849653,-0.5510120357174316,-0.37503898135297536,-0.6451523587340189,-0.5425524212673074,-0.37456905896062076,-0.6304342449366085,-0.5536158254443282,train
2017,20,2017-05-18,3.2166683823186,0.00448166735987376,3.21218671495872,-0.5562196151712242,-0.3750223616003926,-0.6544909804883585,-0.5536158254443282,-0.3750306714766849,-0.6498216696111878,-0.559151827393997,train
2017,21,2017-05-25,0.106075938435398,0.0,0.106075938435398,-0.5620840396167696,-0.37503898135297536,-0.6649753430209776,-0.559151827393997,-0.3750306714766849,-0.6597331617546671,-0.5621812644690454,train
2017,22,2017-06-01,0.00293644242712293,0.00293644242712293,0.0,-0.5622784893213207,-0.3750280918909306,-0.6653333916143988,-0.5621812644690454,-0.3750335366219539,-0.6651543673176872,-0.562147317660356,train
2017,23,2017-06-08,0.142087890702478,0.0,0.142087890702478,-0.5620161459993906,-0.37503898135297536,-0.6648537883211488,-0.562147317660356,-0.3750335366219539,-0.6650935899677728,-0.562133912333449,train
2017,24,2017-06-15,0.0171572782385717,0.0,0.0171572782385717,-0.5622516786675069,-0.37503898135297536,-0.6652754789583255,-0.562133912333449,-0.37503898135297536,-0.6650646336397362,-0.5622678520434374,train
2017,25,2017-06-22,0.0,0.0,0.0,-0.5622840254193674,-0.37503898135297536,-0.6653333916143988,-0.5622678520434374,-0.37503898135297536,-0.6653044352863612,-0.5622840254193674,train
2017,26,2017-06-29,0.0,0.0,0.0,-0.5622840254193674,-0.37503898135297536,-0.6653333916143988,-0.5622840254193674,-0.37503898135297536,-0.6653333916143988,-0.5622840254193674,train
2017,27,2017-07-06,0.0,0.0,0.0,-0.5622840254193674,-0.37503898135297536,-0.6653333916143988,-0.5622840254193674,-0.37503898135297536,-0.6653333916143988,-0.5622840254193674,train
2017,28,2017-07-13,0.0,0.0,0.0,-0.5622840254193674,-0.37503898135297536,-0.6653333916143988,-0.5622840254193674,-0.37503898135297536,-0.6653333916143988,-0.5622840254193674,train
2017,29,2017-07-20,0.0,0.0,0.0,-0.5622840254193674,-0.37503898135297536,-0.6653333916143988,-0.5622840254193674,-0.37503898135297536,-0.6653333916143988,-0.5622779292779512,train
2017,30,2017-07-27,0.00646699828875018,0.00646699828875018,0.0,-0.5622718331365344,-0.3750149992269312,-0.6653333916143988,-0.5622779292779512,-0.3750269902899542,-0.6653333916143988,-0.5622779292779512,train
2017,31,2017-08-03,0.0,0.0,0.0,-0.5622840254193674,-0.37503898135297536,-0.6653333916143988,-0.5622779292779512,-0.3750269902899542,-0.6653333916143988,-0.5622840254193674,train
2017,32,2017-08-10,0.0,0.0,0.0,-0.5622840254193674,-0.37503898135297536,-0.6653333916143988,-0.5622840254193674,-0.37503898135297536,-0.6653333916143988,-0.5622598716770777,train
2017,33,2017-08-17,0.0256231277106201,0.0197412513384669,0.00588187637215326,-0.5622357179347874,-0.37496577317249813,-0.6653135379360549,-0.5622598716770777,-0.37500237726273766,-0.6653234647752259,-0.5622598716770777,train
2017,34,2017-08-24,0.0,0.0,0.0,-0.5622840254193674,-0.37503898135297536,-0.6653333916143988,-0.5622598716770777,-0.37500237726273766,-0.6653234647752259,-0.5622840254193674,train
2017,35,2017-08-31,0.0,0.0,0.0,-0.5622840254193674,-0.37503898135297536,-0.6653333916143988,-0.5622840254193674,-0.37503898135297536,-0.6653333916143988,-0.5622840254193674,train
2017,36,2017-09-07,0.0,0.0,0.0,-0.5622840254193674,-0.37503898135297536,-0.6653333916143988,-0.5622840254193674,-0.37503898135297536,-0.6653333916143988,-0.5622757186381269,train
2017,37,2017-09-14,0.00881212170102728,0.00881212170102728,0.0,-0.562267411856886,-0.3750063026040544,-0.6653333916143988,-0.5622757186381269,-0.37502264197851576,-0.6653333916143988,-0.5622757186381269,train
2017,38,2017-09-21,0.0,0.0,0.0,-0.5622840254193674,-0.37503898135297536,-0.6653333916143988,-0.5622757186381269,-0.37502264197851576,-0.6653333916143988,-0.5622171505893409,train
2017,39,2017-09-28,0.070943139569436,0.0650128154291549,0.00593032414028112,-0.5621502757593139,-0.37479788873712916,-0.6653133744055173,-0.5622171505893409,-0.3749184350450532,-0.6653233830099571,-0.5473051758642714,train
2017,40,2017-10-05,15.8191400823357,4.81930648288659,10.9998335994491,-0.5324600759692285,-0.35716713256664273,-0.6282045666778353,-0.5473051758642714,-0.3659825106518868,-0.6467589705416754,-0.5468094928377427,train
2017,41,2017-10-12,0.59678088927473,0.399733632028721,0.197047257246008,-0.5611589097062565,-0.3735566147403108,-0.6646682785422444,-0.5468094928377427,-0.36536187365347766,-0.646436422610039,-0.5617214675628122,train
2017,42,2017-10-19,0.0,0.0,0.0,-0.5622840254193674,-0.37503898135297536,-0.6653333916143988,-0.5617214675628122,-0.374297798046644,-0.6650008350783206,-0.5619447302412861,train
2017,43,2017-10-26,0.359936095003597,0.29501976617315,0.0649163288304466,-0.5616054350632043,-0.37394493417653024,-0.6651142731171162,-0.5619447302412861,-0.3744919577647537,-0.6652238323657566,-0.5605225859206586,validation
2017,44,2017-11-02,1.50866002927716,1.14088172493366,0.367778304343507,-0.5594397367781125,-0.3708081515139708,-0.6640919931737786,-0.5605225859206586,-0.3723765428452514,-0.6646031331454465,-0.5608446629796628,validation
2017,45,2017-11-09,0.0182655780110721,0.0182655780110721,0.0,-0.5622495891812126,-0.3749712455388353,-0.6653333916143988,-0.5608446629796628,-0.37288969852640397,-0.6647126923940878,-0.5433615332034409,validation
2017,46,2017-11-16,20.0553705828265,5.45644271834954,14.5989278644769,-0.524473477225669,-0.3548043854583354,-0.6160561882784475,-0.5433615332034409,-0.3648878154985863,-0.6406947899464221,-0.383900723831305,validation
2017,47,2017-11-23,169.179823829559,3.46451262092415,165.715311208635,-0.24332797043694065,-0.3621912311840732,-0.10597813196013585,-0.383900723831305,-0.3584978083212052,-0.36101716011929075,-0.30598220048296243,validation
2017,48,2017-11-30,102.714043131672,2.93050371146486,99.7835394202081,-0.3686364305289837,-0.36417154235836785,-0.32852415416655856,-0.30598220048296243,-0.3631813867712214,-0.21725114306334625,0.5669604661983065,validation
2017,49,2017-12-07,1095.22768688442,370.443716389289,724.783970495135,1.5025573629255973,0.9987093176327759,1.7811015397911965,0.5669604661983065,0.3172688876372032,0.7262886928123199,0.7439430993367582,validation
2017,50,2017-12-14,290.463359863749,23.4670342656275,266.996325598122,-0.014671164252080583,-0.2880141595558408,0.23588568067546228,0.7439430993367582,0.3553475790384667,1.0084936102333304,0.2895944409822007,validation
2017,51,2017-12-21,613.238868820718,208.32030975262,404.918559068093,0.5938600462164825,0.3974931429768332,0.7014282195755825,0.2895944409822007,0.0547394917104953,0.46865695012552333,0.2552826986095799,validation
2017,52,2017-12-28,254.064273286101,81.9239289406402,172.140344345461,-0.08329464899732221,-0.07123342858132066,-0.08429108293415981,0.2552826986095799,0.16312985719775538,0.3085685683207123,0.24314704846080282,validation
2018,1,2018-01-04,600.364950159162,92.0099167415733,508.355033417591,0.5695887459189283,-0.03383069242433203,1.0505675691353966,0.24314704846080282,-0.05253206050282723,0.4831382431006193,0.3162672131669751,validation
2018,2,2018-01-11,331.63268053305,26.3276453498737,305.305035183176,0.06294568041502237,-0.277405909402899,0.3651928523585281,0.3162672131669751,-0.1556183009136164,0.7078802107469633,1.4770447462663299,validation
2018,3,2018-01-18,1831.75802445511,1010.90622478475,820.851799670366,2.8911438121176376,3.3737915299811116,2.105368773402937,1.4770447462663299,1.5481928102891054,1.2352808128807335,2.1380227889472683,validation
2018,4,2018-01-25,1032.82111742997,213.209375919769,819.611741510201,1.3849017657768996,0.4156236876010311,2.1011830825991935,2.1380227889472683,1.8947076087910704,2.103275928001066,1.1874469631045106,validation
2018,5,2018-02-01,823.354213080055,137.521603691023,685.832609389032,0.9899921604321219,0.13494421119713015,1.6496251629465692,1.1874469631045106,0.27528394939907974,1.8754041227728822,0.6177782503623247,validation
2018,6,2018-02-08,428.496785237909,32.4756350070562,396.021150230854,0.245564340292528,-0.25460679050824625,0.6713959166211612,0.6177782503623247,-0.05983128965555895,1.160510539783866,0.7187499751804547,validation
2018,7,2018-02-15,930.468521459867,158.261148706338,772.207372753529,1.191935610068382,0.21185444998921452,1.9411744340244619,0.7187499751804547,-0.021376170259516783,1.3062851753228124,0.8455207208725759,validation
2018,8,2018-02-22,562.979589924696,29.4937546579418,533.485835266755,0.4991058316767705,-0.2656647539076583,1.1353940470941,0.8455207208725759,-0.026905151959222787,1.5382842405592818,0.21768013049852528,validation
2018,9,2018-03-01,264.433443502934,1.48269251094099,262.950750991993,-0.06374557067971927,-0.3695405851737198,0.22223025307642186,0.21768013049852528,-0.31760266954068994,0.6788121500852617,-0.19484295533493554,validation
2018,10,2018-03-08,125.360790113693,0.0309334771796304,125.329856636514,-0.32594033999015115,-0.3749242680786582,-0.24229514614359704,-0.19484295533493554,-0.3722324266261899,-0.010032446533586703,-0.35511990598403803,validation
2018,11,2018-03-15,94.4060942729716,0.0038050963609339,94.4022891766107,-0.38429947197792425,-0.37502487058682643,-0.3466880196857946,-0.35511990598403803,-0.3749745693327432,-0.2944915829146949,-0.41344913835908864,validation
2018,12,2018-03-22,63.4831169786389,0.0,63.4831169786389,-0.44259880474025237,-0.37503898135297536,-0.45105255587109183,-0.41344913835908864,-0.37503192596990176,-0.39887028777844236,-0.43939357480412433,validation
2018,13,2018-03-29,66.8833360837899,0.108781228332678,66.7745548554572,-0.4361883448679957,-0.37463557856660834,-0.4399426404698187,-0.43939357480412433,-0.37483727995979277,-0.44549759817045437,-0.4688200006399796,validation
2018,14,2018-04-05,32.2665436540293,0.810454272683941,31.4560893813453,-0.5014516564119628,-0.3720335040584562,-0.559156545822172,-0.4688200006399796,-0.3733345413125332,-0.49954959314599445,-0.5198534614302701,validation
2018,15,2018-04-12,12.7452705349811,0.0,12.7452705349811,-0.5382552664485766,-0.37503898135297536,-0.6223130209711416,-0.5198534614302701,-0.37353624270571667,-0.5907347833966559,-0.5419473997198465,validation
2018,16,2018-04-19,8.82852748131469,0.172990587795727,8.65553689351896,-0.5456395329911157,-0.3743974654756344,-0.636117502924271,-0.5419473997198465,-0.3747182234143058,-0.6292152619477054,-0.5417353264805066,validation
2018,17,2018-04-26,12.970245184059,4.18198917159042,8.78825601246866,-0.5378311199698969,-0.35953055117403854,-0.6356695229717866,-0.5417353264805066,-0.36696400832483733,-0.6358935129480279,-0.5482035242902219,validation
2018,18,2018-05-03,1.96683886403679,0.0587881414797001,1.90805072255709,-0.5585759286105464,-0.37482097223098126,-0.6588929595290031,-0.5482035242902219,-0.36717576170251076,-0.6472812412503939,-0.5564011562612232,validation
2018,19,2018-05-10,4.27391281469879,0.0819660851773657,4.19194672952143,-0.5542263839118995,-0.37473501946860477,-0.6511838997283037,-0.5564011562612232,-0.3747779958497939,-0.6550384296286524,-0.5582552046656337,validation
2018,20,2018-05-17,0.0,0.0,0.0,-0.5622840254193674,-0.37503898135297536,-0.6653333916143988,-0.5582552046656337,-0.3748870004107909,-0.6582586456713504,-0.5614455633361928,validation
2018,21,2018-05-24,0.889469663945504,0.251049203405278,0.638420460540226,-0.5606071012530176,-0.37410799399678196,-0.663178467969326,-0.5614455633361928,-0.3745734876748795,-0.6642559297918615,-0.5575002217065986,validation
2018,22,2018-05-31,4.18535526393409,2.11438008969319,2.07097517424089,-0.554393342160179,-0.3671980437877854,-0.6583430245331904,-0.5575002217065986,-0.3706530188922846,-0.6607607462512572,-0.5579293625955484,validation
2018,23,2018-06-07,0.434222122119877,0.241800056117774,0.192422066002102,-0.561465383030917,-0.37414229340527816,-0.6646838904071367,-0.5579293625955484,-0.3706701685965327,-0.6615134574701627,-0.5616758297150106,validation
2018,24,2018-06-14,0.21097297927239,0.0590847215812847,0.151888257691105,-0.5618862763991036,-0.37481987239747877,-0.6648207081743497,-0.5616758297150106,-0.3744810829013794,-0.6647522992907423,-0.5620851509092358,validation
2018,25,2018-06-21,0.0,0.0,0.0,-0.5622840254193674,-0.37503898135297536,-0.6653333916143988,-0.5620851509092358,-0.37492942687522796,-0.6650770498943733,-0.5622840254193674,validation
2018,26,2018-06-28,0.0,0.0,0.0,-0.5622840254193674,-0.37503898135297536,-0.6653333916143988,-0.5622840254193674,-0.37503898135297536,-0.6653333916143988,-0.5622840254193674,validation
2018,27,2018-07-05,0.0,0.0,0.0,-0.5622840254193674,-0.37503898135297536,-0.6653333916143988,-0.5622840254193674,-0.37503898135297536,-0.6653333916143988,-0.5622840254193674,validation
2018,28,2018-07-12,0.0,0.0,0.0,-0.5622840254193674,-0.37503898135297536,-0.6653333916143988,-0.5622840254193674,-0.37503898135297536,-0.6653333916143988,-0.5621597780481835,validation
2018,29,2018-07-19,0.131805921473403,0.120559871592334,0.0112460498810681,-0.5620355306769989,-0.37459189881061183,-0.6652954317113251,-0.5621597780481835,-0.37481544008179446,-0.6653144116628611,-0.5616387303531692,validation
2018,30,2018-07-26,0.552745469931013,0.478222966166975,0.0745225037640377,-0.561241930029339,-0.373265545990888,-0.6650818484459432,-0.5616387303531692,-0.3739287224007508,-0.6651886400786333,-0.5617629777243536,validation
2018,31,2018-08-02,0.0,0.0,0.0,-0.5622840254193674,-0.37503898135297536,-0.6653333916143988,-0.5617629777243536,-0.37415226367193255,-0.6652076200301701,-0.5622840254193674,validation
2018,32,2018-08-09,0.0,0.0,0.0,-0.5622840254193674,-0.37503898135297536,-0.6653333916143988,-0.5622840254193674,-0.37503898135297536,-0.6653333916143988,-0.5622840254193674,validation
2018,33,2018-08-16,0.0,0.0,0.0,-0.5622840254193674,-0.37503898135297536,-0.6653333916143988,-0.5622840254193674,-0.37503898135297536,-0.6653333916143988,-0.5622840254193674,validation
2018,34,2018-08-23,0.0,0.0,0.0,-0.5622840254193674,-0.37503898135297536,-0.6653333916143988,-0.5622840254193674,-0.37503898135297536,-0.6653333916143988,-0.5622840254193674,validation
2018,35,2018-08-30,0.0,0.0,0.0,-0.5622840254193674,-0.37503898135297536,-0.6653333916143988,-0.5622840254193674,-0.37503898135297536,-0.6653333916143988,-0.5622569559380651,validation
2018,36,2018-09-06,0.0287162448017339,0.0287162448017339,0.0,-0.5622298864567622,-0.3749324904322111,-0.6653333916143988,-0.5622569559380651,-0.3749857358925941,-0.6653333916143988,-0.5621997200743771,validation
2018,37,2018-09-13,0.0607177897030581,0.0607177897030581,0.0,-0.5621695536919914,-0.37481381635048655,-0.6653333916143988,-0.5621997200743771,-0.37487315339134974,-0.6653333916143988,-0.5622101177106724,validation
2018,38,2018-09-20,0.0176860715274,0.014738341600214,0.00294772992718601,-0.5622506817293527,-0.37498432589302994,-0.6653234418503922,-0.5622101177106724,-0.37489907112175913,-0.6653284167323945,-0.5622673535743603,validation
2018,39,2018-09-27,0.0,0.0,0.0,-0.5622840254193674,-0.37503898135297536,-0.6653333916143988,-0.5622673535743603,-0.37501165362300354,-0.6653284167323945,-0.5600955400182013,validation
2018,40,2018-10-04,2.32162123176068,1.78947624319984,0.532144988560837,-0.5579070546170344,-0.3684029126699049,-0.6635371900680286,-0.5600955400182013,-0.371720947011441,-0.6644352908412128,-0.5600825592731253,validation
2018,41,2018-10-11,0.0137704246765169,0.00688664567166654,0.00688377900485036,-0.5622580639292155,-0.3750134430124431,-0.6653101561151284,-0.5600825592731253,-0.3717081778411749,-0.6644236730915776,-0.5620435942854485,validation
2018,42,2018-10-18,0.241287262702019,0.198568349245457,0.0427189134565616,-0.5618291246416808,-0.37430261326265607,-0.6651891982459384,-0.5620435942854485,-0.37465802813755045,-0.6652496771805325,-0.5413676527393512,validation
2018,43,2018-10-25,21.9475264618318,1.15263896530178,20.7948874965301,-0.5209061808370208,-0.3707645511281581,-0.595142353681528,-0.5413676527393512,-0.372533582195408,-0.6301657759637322,-0.539088118900405,validation
2018,44,2018-11-01,2.6594958357149,1.97639356349398,0.683102272220918,-0.5572700569637885,-0.3677097510924651,-0.6630276490365902,-0.539088118900405,-0.3692371511103125,-0.6290850013590582,-0.5532163459100398,validation
2018,45,2018-11-08,6.9598131441102,2.21018090205174,4.74963224205846,-0.5491626348562904,-0.3668427773945481,-0.6493014887284062,-0.5532163459100398,-0.3672762642435075,-0.6561645688824973,-0.47301212203130694,validation
2018,46,2018-11-15,87.7429187977786,21.0707176371035,66.6722011606748,-0.3968616092063228,-0.2969006266401056,-0.4402881250065463,-0.47301212203130694,-0.33187170201732774,-0.5447948068674754,-0.3699399544598635,validation
2018,47,2018-11-22,116.302344060655,2.22432904800013,114.078015012655,-0.3430182997134035,-0.3667903106079069,-0.28027459865887155,-0.3699399544598635,-0.3318454686240071,-0.36028136183270804,-0.44191720242343524,validation
2018,48,2018-11-29,11.3869572789764,5.05271058236666,6.3342466966098,-0.5408161051334665,-0.3563015800671637,-0.6439527830281735,-0.44191720242343524,-0.3615459453375362,-0.4621136908435216,-0.4267952653400012,validation
2018,49,2018-12-06,132.344219496304,19.7967586986882,112.547460797616,-0.31277442554653534,-0.3016249581571412,-0.28544082949248606,-0.4267952653400012,-0.32896326911215334,-0.4646968062603289,-0.2524184814708317,validation
2018,50,2018-12-13,196.371898709711,2.36838231038684,194.003516399324,-0.1920625373951274,-0.3662561055035635,-0.010494158607368093,-0.2524184814708317,-0.3339405318303532,-0.14796749404992618,0.044183787971643074,validation
2018,51,2018-12-20,446.99019600545,37.2465214946597,409.74367451079,0.2804301133384141,-0.23691450175550083,0.7177149083650911,0.044183787971643074,-0.30158530362953306,0.3536103748788624,0.8031795536878209,validation
2018,52,2018-12-27,1001.54093642131,275.801941294443,725.738995126871,1.3259289940372283,0.6477410819807271,1.7843251287701796,0.8031795536878209,0.20541329011261225,1.2510200185676363,1.5450842404918035,validation
2019,1,2019-01-03,1234.02842432024,360.835304159455,873.193120160787,1.7642394869463796,0.9630776160470556,2.282041602847805,1.5450842404918035,0.8054093490138905,2.033183365808993,2.8699328689604107,validation
2019,2,2019-01-10,2406.98632028462,1510.07484701501,896.91147326961,3.975626250974443,5.224901470189313,2.3621005030483673,2.8699328689604107,3.0939895431181834,2.322071052948087,3.9397155482868254,validation
2019,3,2019-01-17,2368.89100113715,1457.6033689027,911.287632234453,3.9038048455992085,5.030316974318679,2.41062577251177,3.9397155482868254,5.127609222253995,2.38636313778007,3.3203230020539922,validation
2019,4,2019-01-24,1749.91322061397,888.876145645528,861.037074968446,2.736841158508777,2.921256890504501,2.2410101027085676,3.3203230020539922,3.975786932411589,2.3258179376101697,2.292071246514839,validation
2019,5,2019-01-31,1278.08586897477,502.854418365571,775.231450609208,1.8473013345209026,1.4897393137152957,1.9513819027359585,2.292071246514839,2.2054981021098974,2.096196002722264,1.6881573167732364,validation
2019,6,2019-02-07,1109.26037426791,338.216140574742,771.044233693172,1.5290132990255711,0.879197026029634,1.937248375856543,1.6881573167732364,1.184468169872464,1.9443151392962519,1.548988283574005,validation
2019,7,2019-02-14,1130.45053080586,370.438364365686,760.012166440174,1.5689632681224397,0.9986894702632688,1.9000107494850427,1.548988283574005,0.9389432481464506,1.918629562670794,1.3823483843938464,validation
2019,8,2019-02-21,932.482988506552,207.700558983711,724.782429522839,1.195733500665254,0.3951948678896425,1.7810963383951852,1.3823483843938464,0.6969421690764548,1.840553543940115,1.6050664488669661,validation
2019,9,2019-02-28,1366.71757965244,605.795420359986,760.922159292477,2.0143993970686793,1.8714842863769654,1.903082338250565,1.6050664488669661,1.133339577133303,1.8420893383228762,1.7047648908626891,validation
2019,10,2019-03-07,1038.24655429838,247.038317415826,791.20823688256,1.3951303846566998,0.5410744613100935,2.0053099276673434,1.7047648908626891,1.2062793738435285,1.9541961329589554,1.2431763711923574,validation
2019,11,2019-03-14,877.048465555351,166.415913189458,710.632552365894,1.0912223577280156,0.24209546459328743,1.7333348602706071,1.2431763711923574,0.3915849629516896,1.8693223939689765,0.7954557369407175,validation
2019,12,2019-03-21,563.288974128133,72.4002103295795,490.888763798553,0.4996891161534202,-0.10655105353521464,0.9916119439327973,0.7954557369407175,0.06777220552903551,1.3624734021017035,0.36744473920638576,validation
2019,13,2019-03-28,422.999551526755,15.3400042698954,407.65954725686,0.23520036225935223,-0.31815232397461773,0.7106801477701159,0.36744473920638576,-0.21235168875491706,0.8511460458514579,0.26525268611750585,validation
2019,14,2019-04-04,454.88009918572,38.4141891398319,416.465910045888,0.29530500997566034,-0.23258433938435585,0.740405134004277,0.26525268611750585,-0.2753683316794877,0.7255426408871978,0.15919708820616502,validation
2019,15,2019-04-11,310.492094210933,15.2029986759431,295.28909553499,0.02308916643667066,-0.3186603936038667,0.3313850618669239,0.15919708820616502,-0.2756223664941122,0.5358950979356017,0.4628866787910354,validation
2019,16,2019-04-18,777.044551820739,152.792430577871,624.252121242869,0.9026841911454011,0.1915743321353075,1.4417664582474803,0.4628866787910354,-0.0635430307342805,0.8865757600572034,0.43794046778847817,validation
2019,17,2019-04-25,284.028288199411,10.4257688811539,273.602519318257,-0.026803255568443797,-0.33637620578829885,0.25818421891373183,0.43794046778847817,-0.07240093682649656,0.8499753385806074,-0.1714713912400042,validation
2019,18,2019-05-02,130.559311364883,0.489678143383134,130.0696332215,-0.3161395269115636,-0.37322306577184516,-0.22629651003048518,-0.1714713912400042,-0.3547996357800729,0.01594385444162466,-0.36549659218124275,validation
2019,19,2019-05-09,78.1996243382276,0.0,78.1996243382276,-0.41485365745092095,-0.37503898135297536,-0.4013784748505224,-0.36549659218124275,-0.3741310235624111,-0.31383749244050246,-0.45107589042449525,validation
2019,20,2019-05-16,39.7738230564799,0.0344737470013521,39.7393493094785,-0.48729812339806855,-0.37491113939154497,-0.5311972403476682,-0.45107589042449525,-0.374975060372261,-0.46628785759909397,-0.5048417283442074,validation
2019,21,2019-05-23,21.1629583448093,0.0,21.1629583448093,-0.5223853332903452,-0.37503898135297536,-0.5938999677884637,-0.5048417283442074,-0.374975060372261,-0.5625486040680646,-0.5293526074741285,validation
2019,22,2019-05-30,13.7718321970423,0.0,13.7718321970423,-0.5363198816579108,-0.37503898135297536,-0.6188479659871129,-0.5293526074741285,-0.37503898135297536,-0.606373966887787,-0.5442123019269616,validation
2019,23,2019-06-06,5.39927898885613,0.406043209801751,4.99323577905437,-0.5521047221960113,-0.3735332163903064,-0.6484792296462777,-0.5442123019269616,-0.37428609887164177,-0.633663597816694,-0.5557025636177855,validation
2019,24,2019-06-13,1.58256400010387,0.334686725656083,1.24787727444778,-0.5593004050395587,-0.3737978337785352,-0.6611213081818269,-0.5557025636177855,-0.3736655250844217,-0.6548002689140511,-0.5607434839559385,validation
2019,25,2019-06-20,0.0516958254353155,0.0,0.0516958254353155,-0.5621865628723174,-0.37503898135297536,-0.6651588975881769,-0.5607434839559385,-0.3744184075657562,-0.6631401028850006,-0.561968727318634,validation
2019,26,2019-06-27,0.282783337463166,0.220539183241648,0.0622441542215171,-0.5617508917649496,-0.374221136929021,-0.6651232927720371,-0.561968727318634,-0.37463005914099906,-0.6651410951801058,-0.562017458592159,validation
2019,27,2019-07-04,0.0,0.0,0.0,-0.5622840254193674,-0.37503898135297536,-0.6653333916143988,-0.562017458592159,-0.37463005914099906,-0.6652283421932166,-0.5622654179836518,validation
2019,28,2019-07-11,0.0197394132965817,0.0197394132965817,0.0,-0.5622468105479352,-0.37496577998866704,-0.6653333916143988,-0.5622654179836518,-0.3750023806708221,-0.6653333916143988,-0.5621091503737174,validation
2019,29,2019-07-18,0.165774101516421,0.104706143292614,0.0610679582238072,-0.5619714901994987,-0.37465069055500044,-0.6651272629025754,-0.5621091503737174,-0.3748082352718346,-0.6652303272584859,-0.5621277578094335,validation
2019,30,2019-07-25,0.0,0.0,0.0,-0.5622840254193674,-0.37503898135297536,-0.6653333916143988,-0.5621277578094335,-0.37484483595398876,-0.6652303272584859,-0.5622840254193674,validation
2019,31,2019-08-01,0.0,0.0,0.0,-0.5622840254193674,-0.37503898135297536,-0.6653333916143988,-0.5622840254193674,-0.37503898135297536,-0.6653333916143988,-0.5622840254193674,validation
2019,32,2019-08-08,0.0,0.0,0.0,-0.5622840254193674,-0.37503898135297536,-0.6653333916143988,-0.5622840254193674,-0.37503898135297536,-0.6653333916143988,-0.5622591983218642,validation
2019,33,2019-08-15,0.0263374462799058,0.0263374462799058,0.0,-0.56223437122436,-0.3749413119353934,-0.6653333916143988,-0.5622591983218642,-0.3749901466441853,-0.6653333916143988,-0.5622591983218642,validation
2019,34,2019-08-22,0.0,0.0,0.0,-0.5622840254193674,-0.37503898135297536,-0.6653333916143988,-0.5622591983218642,-0.3749901466441853,-0.6653333916143988,-0.5622840254193674,validation
2019,35,2019-08-29,0.0,0.0,0.0,-0.5622840254193674,-0.37503898135297536,-0.6653333916143988,-0.5622840254193674,-0.37503898135297536,-0.6653333916143988,-0.5621516084790231,validation
2019,36,2019-09-05,0.14047248383991,0.086481175542537,0.0539913082973732,-0.5620191915386779,-0.3747182757706164,-0.6651511494181195,-0.5621516084790231,-0.37487862856179677,-0.6652422705162578,-0.5618958828058784,validation
2019,37,2019-09-12,0.271282665153943,0.228237483045278,0.043045182108665,-0.5617725740730781,-0.3741925886616529,-0.6651880969591273,-0.5618958828058784,-0.37445543221613553,-0.6651696231886222,-0.5620282997462233,validation
2019,38,2019-09-19,0.0,0.0,0.0,-0.5622840254193674,-0.37503898135297536,-0.6653333916143988,-0.5620282997462233,-0.374615785007315,-0.6652607442867617,-0.5622840254193674,validation
2019,39,2019-09-26,0.0,0.0,0.0,-0.5622840254193674,-0.37503898135297536,-0.6653333916143988,-0.5622840254193674,-0.37503898135297536,-0.6653333916143988,-0.5622840254193674,validation
2019,40,2019-10-03,0.0,0.0,0.0,-0.5622840254193674,-0.37503898135297536,-0.6653333916143988,-0.5622840254193674,-0.37503898135297536,-0.6653333916143988,-0.5622840254193674,validation
2019,41,2019-10-10,0.0,0.0,0.0,-0.5622840254193674,-0.37503898135297536,-0.6653333916143988,-0.5622840254193674,-0.37503898135297536,-0.6653333916143988,-0.5582318553920336,validation
2019,42,2019-10-17,4.2986825341166,3.27321957194538,1.02546296217121,-0.5541796853646986,-0.3629006196525936,-0.6618720451806407,-0.5582318553920336,-0.3689698005027854,-0.6636027183975184,-0.5400968150589902,validation
2019,43,2019-10-24,19.2382798868969,11.2282241381998,8.0100557486971,-0.5260139447532809,-0.3334003919315441,-0.6382962591944699,-0.5400968150589902,-0.34815050579206974,-0.650084152187554,-0.5408560346947687,validation
2019,44,2019-10-31,3.49327600727698,2.24959542231422,1.24368058496275,-0.5556981246362556,-0.36669661313862917,-0.6611354736824041,-0.5408560346947687,-0.3500485025350875,-0.6497158664384357,-0.554411756360332,validation
2019,45,2019-11-07,4.85790009828378,3.75918897867151,1.09871111961226,-0.5531253880844075,-0.3610984574986334,-0.6616248034392119,-0.554411756360332,-0.36389753531863217,-0.6613801385608067,-0.5397509983669184,validation
2019,46,2019-11-14,19.0459166660045,0.706725638943045,18.3391910270615,-0.5263766086494284,-0.3724181698736753,-0.6034313085541547,-0.5397509983669184,-0.36675831368615525,-0.632528055996682,-0.5324308193065229,validation
2019,47,2019-11-21,12.6233999813744,5.58777418936935,7.0356257920051,-0.5384850299636165,-0.35431735766724404,-0.6415853488836787,-0.5324308193065229,-0.36336776377046054,-0.6225083287189155,-0.5201471869846911,validation
2019,48,2019-11-28,32.0768199502145,0.911074644758854,31.1657453054556,-0.5018093440057647,-0.37166036487734516,-0.5601365728623644,-0.5201471869846911,-0.36298886127229546,-0.6008609608730202,-0.2997719341235662,validation
2019,49,2019-12-05,246.405112998196,30.289841688324,216.115271309872,-0.0977345242413667,-0.2627125558936342,0.064141831991167,-0.2997719341235662,-0.3171864603854906,-0.24799737043559741,-0.10177850975309533,validation
2019,50,2019-12-12,242.115112882154,22.8862668800024,219.228846002152,-0.10582249526482294,-0.29016786920945653,0.0746513882159419,-0.10177850975309533,-0.27644021255154627,0.06939661010355573,-0.16926126488967638,validation
2019,51,2019-12-19,174.817065383492,5.54062686788904,169.276438515603,-0.23270003451452884,-0.35449219813509325,-0.09395790718474907,-0.16926126488967638,-0.32233003367227575,-0.009653259484402307,0.19160309075872262,validation
2019,52,2019-12-26,624.932539679881,209.853250772186,415.079288907692,0.615906216031975,0.40317788002299015,0.7357247347029643,0.19160309075872262,0.024342840943947563,0.3208834137591089,1.2382959819243438,validation
2020,1,2020-01-02,1285.18519393843,417.755372478336,867.429821460103,1.8606857478167134,1.1741592016476163,2.2625881714317577,1.2382959819243438,0.7886685408353024,1.4991564530673622,2.091882525009377,validation
2020,2,2020-01-09,1530.44675536307,572.043603128691,958.403152234373,2.323079302202041,1.7463195192131347,2.5696594413447054,2.091882525009377,1.4602393604303745,2.416123806388233,1.8867834531950765,validation
2020,3,2020-01-16,1067.60898370432,519.494855677489,548.114128026836,1.4504876041881125,1.5514484788063934,1.1847703686629143,1.8867834531950765,1.648883999009763,1.8772149050038112,2.270292925893456,validation
2020,4,2020-01-23,1937.28690788285,974.333977895068,962.952929987789,3.0900982475988004,3.238167520902252,2.5850167556331067,2.270292925893456,2.3948079998543217,1.8848935621480118,2.533978221195388,validation
2020,5,2020-01-30,1347.33549216069,369.554400552586,977.781091608097,1.9778581947919767,0.995411391216748,2.6350677143093413,2.533978221195388,2.116789456059499,2.6100422349712256,1.8548861989284298,validation
2020,6,2020-02-06,1216.88253307007,258.313575858984,958.568957211094,1.7319142030648838,0.5828874720904834,2.5702190992612213,1.8548861989284298,0.7891494316536148,2.6026434067852824,1.4549091016435798,validation
2020,7,2020-02-13,923.025912220359,221.778673904689,701.247238315665,1.1779040002222767,0.4474019524479233,1.7016556826544043,1.4549091016435798,0.5151447122692024,2.135937390957814,1.0914587856317883,validation
2020,8,2020-02-20,831.321829812311,116.349173921245,714.972655891065,1.0050135710413006,0.05642866863340486,1.7479844404243199,1.0914587856317883,0.2519153105406632,1.7248200615393634,1.1757704301945147,validation
2020,9,2020-02-27,1012.46662952976,233.18389687309,779.282732656676,1.3465272893477298,0.48969692185679603,1.9650565952255445,1.1757704301945147,0.2730627952450996,1.8565205178249335,0.9889534194322849,validation
2020,10,2020-03-05,633.139864143967,66.8484959095963,566.29136823437,0.6313795495168409,-0.12713895367627667,1.2461258031241402,0.9889534194322849,0.18127898409025878,1.6055911991748437,0.36436798141250315,validation
2020,11,2020-03-12,349.884730110942,41.176611814739,308.708118296204,0.09735641330816623,-0.2223402097559149,0.37667961495414776,0.36436798141250315,-0.17473958171609666,0.8114027090391454,0.43459476716411305,validation
2020,12,2020-03-19,707.63887462507,137.290264573629,570.348610051438,0.7718331210200607,0.1340863164483503,1.2598206122127764,0.43459476716411305,-0.04412694665378318,0.8182501135834634,0.3422511463690564,validation
2020,13,2020-03-26,251.923413786334,13.5291603792573,238.394253407077,-0.08733082828194699,-0.3248676321427245,0.13934228103190366,0.3422511463690564,-0.09539065784718799,0.6995814466223413,-0.18662594585035686,validation
2020,14,2020-04-02,146.587708538259,0.710752952201021,145.876955586058,-0.28592106341876583,-0.37240323504149203,-0.1729404933704794,-0.18662594585035686,-0.34863543359210913,-0.016799106169286537,-0.23955453229473944,validation
2020,15,2020-04-09,195.774933202063,2.68948035516135,193.085452846901,-0.19318800117071216,-0.3650653500033323,-0.013592989204247348,-0.23955453229473944,-0.3687342925224131,-0.09326674128736204,-0.29608821292070964,validation
2020,16,2020-04-16,86.6148189860281,0.222288455809301,86.3925305302188,-0.39898842467070617,-0.3742146499510862,-0.37372414926696423,-0.29608821292070964,-0.36963999997721014,-0.19365856923560446,-0.3810739729654974,validation
2020,17,2020-04-23,105.619090804335,0.025731856235619,105.593358948099,-0.36315952126028767,-0.37494355769704735,-0.30891369640700733,-0.3810739729654974,-0.37457910382406767,-0.34131892283698445,-0.41889176050550514,validation
2020,18,2020-04-30,46.4963980706784,0.044833353845029,46.4515647168333,-0.4746239997507217,-0.3748727219703551,-0.5085408366354646,-0.41889176050550514,-0.3749081398337021,-0.4087272665212346,-0.4761730169406914,validation
2020,19,2020-05-07,44.8531469004042,0.0,44.8531469004042,-0.4777220341306602,-0.37503898135297536,-0.5139361341865705,-0.4761730169406914,-0.3749558516616661,-0.5112384854110161,-0.5018078890549287,validation
2020,20,2020-05-14,19.3020364623441,0.0,19.3020364623441,-0.5258937439791962,-0.37503898135297536,-0.6001813212444043,-0.5018078890549287,-0.37503898135297536,-0.5570587277154861,-0.5264230307684179,validation
2020,21,2020-05-21,18.7405506754654,0.175577524344818,18.5649731511206,-0.5269523175576388,-0.3743878721163016,-0.6026692038475512,-0.5264230307684179,-0.37471342673463937,-0.6014252625459764,-0.5394697236660428,validation
2020,22,2020-05-28,5.46165204888539,0.116781729103216,5.34487031978217,-0.5519871297744459,-0.3746059096213994,-0.6472923228457071,-0.5394697236660428,-0.3744968908688514,-0.6249807633466279,-0.5557978819043102,validation
2020,23,2020-06-04,1.41907399515309,0.00826869981518015,1.41080529533791,-0.5596086340341737,-0.37500831782217875,-0.6605713611385194,-0.5557978819043102,-0.37480711372179,-0.6539318419921121,-0.5608839549918101,validation
2020,24,2020-06-11,0.0661692826159334,0.0,0.0661692826159334,-0.5621592759494457,-0.37503898135297536,-0.6651100438984344,-0.5608839549918101,-0.37502364958757795,-0.6628407025184757,-0.5622169175586427,validation
2020,25,2020-06-18,0.00502106400212855,0.0,0.00502106400212855,-0.5622745591678389,-0.37503898135297536,-0.6653164435210803,-0.5622169175586427,-0.37503898135297536,-0.6652132437097561,-0.5622792922936035,validation
2020,26,2020-06-25,0.0,0.0,0.0,-0.5622840254193674,-0.37503898135297536,-0.6653333916143988,-0.5622792922936035,-0.37503898135297536,-0.6653249175677383,-0.5622840254193674,validation
2020,27,2020-07-02,0.0,0.0,0.0,-0.5622840254193674,-0.37503898135297536,-0.6653333916143988,-0.5622840254193674,-0.37503898135297536,-0.6653333916143988,-0.5622840254193674,validation
2020,28,2020-07-09,0.0,0.0,0.0,-0.5622840254193674,-0.37503898135297536,-0.6653333916143988,-0.5622840254193674,-0.37503898135297536,-0.6653333916143988,-0.5622840254193674,validation
2020,29,2020-07-16,0.0,0.0,0.0,-0.5622840254193674,-0.37503898135297536,-0.6653333916143988,-0.5622840254193674,-0.37503898135297536,-0.6653333916143988,-0.5622082500688965,validation
2020,30,2020-07-23,0.0803851204146216,0.0508398302776147,0.0295452901370069,-0.5621324747184246,-0.37485044763712416,-0.665233664478049,-0.5622082500688965,-0.3749447144950506,-0.6652835280462226,-0.5622082500688965,validation
2020,31,2020-07-30,0.0,0.0,0.0,-0.5622840254193674,-0.37503898135297536,-0.6653333916143988,-0.5622082500688965,-0.3749447144950506,-0.6652835280462226,-0.5620698696706866,validation
2020,32,2020-08-06,0.227183847229173,0.14082775533177,0.0863560918974026,-0.561855713922005,-0.3745167376739013,-0.6650419053669682,-0.5620698696706866,-0.3747778595134392,-0.6651876484906822,-0.5620698696706866,validation
2020,33,2020-08-13,0.0,0.0,0.0,-0.5622840254193674,-0.37503898135297536,-0.6653333916143988,-0.5620698696706866,-0.3747778595134392,-0.6651876484906822,-0.5622840254193674,validation
2020,34,2020-08-20,0.0,0.0,0.0,-0.5622840254193674,-0.37503898135297536,-0.6653333916143988,-0.5622840254193674,-0.37503898135297536,-0.6653333916143988,-0.5622840254193674,validation
2020,35,2020-08-27,0.0,0.0,0.0,-0.5622840254193674,-0.37503898135297536,-0.6653333916143988,-0.5622840254193674,-0.37503898135297536,-0.6653333916143988,-0.5622840254193674,validation
2020,36,2020-09-03,0.0,0.0,0.0,-0.5622840254193674,-0.37503898135297536,-0.6653333916143988,-0.5622840254193674,-0.37503898135297536,-0.6653333916143988,-0.5622668340853824,validation
2020,37,2020-09-10,0.0182371634563647,0.00230263065320949,0.0159345328031552,-0.5622496427513964,-0.3750304423096522,-0.6652796062117792,-0.5622668340853824,-0.37503471183131465,-0.6653064989130877,-0.5622668340853824,validation
2020,38,2020-09-17,0.0,0.0,0.0,-0.5622840254193674,-0.37503898135297536,-0.6653333916143988,-0.5622668340853824,-0.37503471183131465,-0.6653064989130877,-0.5622059542793665,validation
2020,39,2020-09-24,0.0828205735886185,0.0654053869842273,0.0174151866043912,-0.5621278831393647,-0.3747964329302626,-0.6652746084147416,-0.5622059542793665,-0.37491770714161987,-0.6653040000145689,-0.562084068253325,validation
2020,40,2020-10-01,0.129300924631181,0.0601477606301899,0.0691531640009912,-0.5620402533672846,-0.3748159302383313,-0.6650999721088409,-0.562084068253325,-0.37480618158429785,-0.6651872902617899,-0.5621621393933265,validation
2020,41,2020-10-08,0.0,0.0,0.0,-0.5622840254193674,-0.37503898135297536,-0.6653333916143988,-0.5621621393933265,-0.37492745579565423,-0.6652166818616185,-0.5622840254193674,validation
2020,42,2020-10-15,0.0,0.0,0.0,-0.5622840254193674,-0.37503898135297536,-0.6653333916143988,-0.5622840254193674,-0.37503898135297536,-0.6653333916143988,-0.562252617453381,validation
2020,43,2020-10-22,0.033318659856129,0.033318659856129,0.0,-0.5622212094873936,-0.37491542290056595,-0.6653333916143988,-0.562252617453381,-0.37497720212677155,-0.6653333916143988,-0.54682141711542,validation
2020,44,2020-10-29,16.3699526243433,5.74264270193058,10.6273099224127,-0.5314216247434453,-0.3537430454403527,-0.6294619826436643,-0.54682141711542,-0.3643292341704602,-0.6473976871290302,-0.5027290705676885,validation
2020,45,2020-11-05,46.8080094340323,4.38940000917834,42.418609424854,-0.47403651639193073,-0.3587613917235697,-0.5221536690168913,-0.5027290705676885,-0.3562522185819621,-0.5758078258302766,-0.465236086509368,validation
2020,46,2020-11-12,56.1438107389391,4.142229311394,52.0015814275451,-0.4564356566268043,-0.3596779960837406,-0.4898073169886456,-0.465236086509368,-0.35921969390365605,-0.5059804930027672,-0.4778508194799855,validation
2020,47,2020-11-19,33.4258630957627,1.3593272974229,32.0665357983398,-0.49926598233316577,-0.3699980710068616,-0.5570960457296182,-0.4778508194799855,-0.364838033545302,-0.5234516813591307,-0.477555855519756,validation
2020,48,2020-11-26,56.4567187402024,8.0391651522752,48.4175535879271,-0.4558457287063454,-0.3452266536913071,-0.5019048401940521,-0.477555855519756,-0.3576123623490852,-0.529500442961834,-0.44002811907414097,validation
2020,49,2020-12-03,73.2365877483552,2.24693687257211,70.989650875783,-0.42421050944193567,-0.36670647206732576,-0.42571501049573257,-0.44002811907414097,-0.3559665628793173,-0.4638099253448911,-0.3502124410460039,validation
2020,50,2020-12-10,151.736305683738,34.2025367713309,117.533768912408,-0.2762143726500712,-0.24820277214801886,-0.2686100511538801,-0.3502124410460039,-0.3074546221076732,-0.3471625308248051,-0.2184563499740259,validation
2020,51,2020-12-17,213.008019754916,6.34420760690497,206.663812148011,-0.16069832729797973,-0.35151221055673526,0.03223938824570971,-0.2184563499740259,-0.29985749135237794,-0.11818533145408397,-0.14165686674644629,validation
2020,52,2020-12-24,233.207861653158,3.03127108306974,230.176590570088,-0.12261540619491194,-0.363797858046255,0.11160439189896725,-0.14165686674644629,-0.357655034301496,0.0719218900723397,-0.20643698680090086,validation
2020,53,2020-12-31,144.287021189304,2.25087838010945,142.036142809194,-0.2902585674068889,-0.3666918554358773,-0.18590476814036697,-0.20643698680090086,-0.365244856741067,-0.037150188120698646,-0.3146439498808461,validation
2021,1,2021-01-07,118.418161535972,0.181133158797284,118.237028377175,-0.3390293323548024,-0.3743672696791669,-0.26623627001289785,-0.3146439498808461,-0.370529562557523,-0.2260705190766312,0.06522601699014394,validation
2021,2,2021-01-14,547.266259673523,210.835263549515,336.430996124009,0.4694813663350912,0.4068195624777151,0.4702553830146627,0.06522601699014394,0.016226146399273222,0.10200955650088364,1.7034023477195455,validation
2021,3,2021-01-21,1856.25244124465,926.955357951207,929.297083293449,2.9373233291040006,3.0624693090643866,2.471414851685346,1.7034023477195455,1.73464443577105,1.4708351173500056,2.2817835202543035,validation
2021,4,2021-01-28,1160.83307144736,281.375363460575,879.457707986787,1.626243711404607,0.6684094828241289,2.303187084967001,2.2817835202543035,1.8654393959442568,2.3873009683261746,1.1013774135420873,validation
2021,5,2021-02-04,604.036695148147,58.7374575455311,545.299237602618,0.5765111156795683,-0.15721781495174603,1.1752689909528335,1.1013774135420873,0.25559583393619056,1.7392280379599185,0.37327979008289935,validation
2021,6,2021-02-11,388.441854893514,18.5715845061377,369.870270387376,0.1700484644862313,-0.30616837700463156,0.5831262686426475,0.37327979008289935,-0.23169309597818968,0.8791976297977419,1.7278381144366564,validation
2021,7,2021-02-18,2040.99915503095,1156.50783411473,884.491320916204,3.2856277643870824,3.913738502482739,2.3201775359192873,1.7278381144366564,1.8037850627390528,1.4516519022809686,2.458702095133596,validation
2021,8,2021-02-25,1163.76771916965,488.501537817292,675.266181352351,1.6317764258801097,1.4365132921460064,1.613959254618795,2.458702095133596,2.6751258973143717,1.9670683952690426,1.0724980274557905,validation
2021,9,2021-03-04,570.465792844299,81.1709062437589,489.29488660054,0.513219629031472,-0.07402592742303739,0.9862319727795638,1.0724980274557905,0.6812436823614836,1.300095613699181,0.4230486117110899,validation
2021,10,2021-03-11,474.809249652888,42.4851326598463,432.324116993041,0.33287759439070863,-0.2174877093472846,0.7939329064224094,0.4230486117110899,-0.14575681838516188,0.8900824396009881,0.13822377930713453,validation
2021,11,2021-03-18,268.313730102993,2.81391412253705,265.499815980456,-0.05643003577643865,-0.3646039015600035,0.23083436393436293,0.13822377930713453,-0.29104580545364495,0.5123836351783877,0.47994708104503514,validation
2021,12,2021-03-25,837.321182462306,241.1363358537,596.184846608602,1.0163241978665098,0.5191876353959091,1.347028213625822,0.47994708104503514,0.0772918669179519,0.788931288780094,0.5908218279231904,validation
2021,13,2021-04-01,385.933507818307,49.1576965833554,336.775811234953,0.16531945797987185,-0.19274326657703234,0.47141927152024526,0.5908218279231904,0.16322218440943748,0.9092237425730352,0.15984614885795279,validation
2021,14,2021-04-08,380.127231633571,58.4752984314852,321.651933202087,0.15437283973603463,-0.15819000214524048,0.42037015202517014,0.15984614885795279,-0.1754666343611373,0.44589471177270923,-0.09576121180607958,validation
2021,15,2021-04-15,114.776352648062,1.83120429825921,112.945148349803,-0.34589526334819287,-0.36824816893388873,-0.28409847541311695,-0.09576121180607958,-0.2632190855395655,0.06813583830602815,-0.41403251914963013,validation
2021,16,2021-04-22,42.4939880235573,0.00354630200854525,42.4904417215487,-0.48216977495106644,-0.37502583029618486,-0.5219112063701016,-0.41403251914963013,-0.3716369996150377,-0.4030048408916077,-0.5031869893210902,validation
2021,17,2021-04-29,20.1981979360826,0.0,20.1981979360826,-0.524204203691113,-0.37503898135297536,-0.5971564188972455,-0.5031869893210902,-0.37503240582458097,-0.559533812633672,-0.535244852950827,validation
2021,18,2021-05-06,8.48589420304825,0.0847036898177181,8.40119051323054,-0.5462855022105402,-0.37472486737382876,-0.636976023386567,-0.535244852950827,-0.37488192436340295,-0.6170662211419047,-0.5504640513088945,validation
2021,19,2021-05-13,4.05314436632465,0.0,4.05314436632465,-0.5546426004072479,-0.37503898135297536,-0.6516524130560118,-0.5504640513088945,-0.37488192436340295,-0.6443142182212879,-0.5577357895585568,validation
2021,20,2021-05-20,0.771782012387148,0.0,0.771782012387148,-0.560828978709865,-0.37503898135297536,-0.6627283195496226,-0.5577357895585568,-0.37503898135297536,-0.6571903663028157,-0.5615532479540657,validation
2021,21,2021-05-27,0.00345207335712297,0.00345207335712297,0.0,-0.5622775171982654,-0.37502617973239843,-0.6653333916143988,-0.5615532479540657,-0.3750325805426878,-0.6640308555820091,-0.5622807713088168,validation
2021,22,2021-06-03,0.0,0.0,0.0,-0.5622840254193674,-0.37503898135297536,-0.6653333916143988,-0.5622807713088168,-0.3750325805426878,-0.6653333916143988,-0.5622600937248164,validation
2021,23,2021-06-10,0.0253875717667264,0.00754721600559185,0.0178403557611345,-0.5622361620302646,-0.3750109933626517,-0.6652731732992877,-0.5622600937248164,-0.3750249873578144,-0.6653032824568417,-0.5622600937248164,validation
2021,24,2021-06-17,0.0,0.0,0.0,-0.5622840254193674,-0.37503898135297536,-0.6653333916143988,-0.5622600937248164,-0.3750249873578144,-0.6653032824568417,-0.5622812275805862,validation
2021,25,2021-06-24,0.00296804443622809,0.00296804443622809,0.0,-0.562278429741804,-0.37502797469848187,-0.6653333916143988,-0.5622812275805862,-0.3750334780257295,-0.6653333916143988,-0.5622584914455755,validation
2021,26,2021-07-01,0.0241192807321734,0.0241192807321734,0.0,-0.562238553149346,-0.3749495377495002,-0.6653333916143988,-0.5622584914455755,-0.3749887562239919,-0.6653333916143988,-0.5622612892843571,validation
2021,27,2021-07-08,0.0,0.0,0.0,-0.5622840254193674,-0.37503898135297536,-0.6653333916143988,-0.5622612892843571,-0.37499425955123866,-0.6653333916143988,-0.5622840254193674,validation
2021,28,2021-07-15,0.0,0.0,0.0,-0.5622840254193674,-0.37503898135297536,-0.6653333916143988,-0.5622840254193674,-0.37503898135297536,-0.6653333916143988,-0.5622707359731194,validation
2021,29,2021-07-22,0.0140979055891008,0.0108671355742214,0.00323077001487938,-0.5622574465268705,-0.37499868181933654,-0.6653224864772248,-0.5622707359731194,-0.37501883158615684,-0.6653279390458102,-0.5622485706702468,validation
2021,30,2021-07-29,0.0235137221980094,0.0235137221980094,0.0,-0.5622396948136222,-0.3749517833943025,-0.6653333916143988,-0.5622485706702468,-0.3749752326068204,-0.6653279390458102,-0.5618771525762185,validation
2021,31,2021-08-05,0.408111104167717,0.301858347294685,0.10625275687303,-0.5615146103388138,-0.37391957407790377,-0.6649747461882385,-0.5618771525762185,-0.37443567873610406,-0.6651540689013171,-0.5616137723555812,validation
2021,32,2021-08-12,0.302916596867111,0.171695006032702,0.131221590834408,-0.5617129343723476,-0.3744022699929319,-0.6648904664164911,-0.5616137723555812,-0.37416092203541873,-0.6649326063023633,-0.5619984798958579,test
2021,33,2021-08-19,0.0,0.0,0.0,-0.5622840254193674,-0.37503898135297536,-0.6653333916143988,-0.5619984798958579,-0.3747206256729545,-0.6651119290154434,-0.5622840254193674,test
2021,34,2021-08-26,0.0,0.0,0.0,-0.5622840254193674,-0.37503898135297536,-0.6653333916143988,-0.5622840254193674,-0.37503898135297536,-0.6653333916143988,-0.5622840254193674,test
2021,35,2021-09-02,0.0,0.0,0.0,-0.5622840254193674,-0.37503898135297536,-0.6653333916143988,-0.5622840254193674,-0.37503898135297536,-0.6653333916143988,-0.5621759881330817,test
2021,36,2021-09-09,0.114609701088306,0.0840391054026699,0.0305705956856369,-0.5620679508467951,-0.3747273319093825,-0.6652302036629487,-0.5621759881330817,-0.3748831566311798,-0.6652817976386722,-0.5621000703670476,test
2021,37,2021-09-16,0.0805361997839035,0.0298835268914865,0.050652672892417,-0.5621321898872993,-0.3749281616996283,-0.6651624186439998,-0.5621000703670476,-0.37482774680450626,-0.6651963111534727,-0.5620976476886432,test
2021,38,2021-09-23,0.117179762381887,0.0791138772497257,0.0380658851321619,-0.5620631054899864,-0.3747455965566093,-0.6652049040720782,-0.5620976476886432,-0.3748368791281197,-0.6651836613580375,-0.5621735654546773,test
2021,39,2021-09-30,0.0,0.0,0.0,-0.5622840254193674,-0.37503898135297536,-0.6653333916143988,-0.5621735654546773,-0.3748922889547932,-0.6652691478432369,-0.5622743955396916,test
2021,40,2021-10-07,0.0102157104194329,0.0,0.0102157104194329,-0.562264765660015,-0.37503898135297536,-0.6652989095178892,-0.5622743955396916,-0.37503898135297536,-0.6653161505661425,-0.5622743955396916,test
2021,41,2021-10-14,0.0,0.0,0.0,-0.5622840254193674,-0.37503898135297536,-0.6653333916143988,-0.5622743955396916,-0.37503898135297536,-0.6653161505661425,-0.5622642737679908,test
2021,42,2021-10-21,0.0209532369622529,0.013591913512708,0.0073613234495449,-0.5622445221166135,-0.37498857729092233,-0.6653085442121914,-0.5622642737679908,-0.37501377932194974,-0.6653209679132935,-0.5590988843204503,test
2021,43,2021-10-28,3.35795493279702,2.19250614807393,1.16544878472309,-0.5559532465242862,-0.3669083222051031,-0.6613995372056665,-0.5590988843204503,-0.3709484497480136,-0.6633540407089273,-0.5591186359718272,test
2021,44,2021-11-04,0.0,0.0,0.0,-0.5622840254193674,-0.37503898135297536,-0.6653333916143988,-0.5591186359718272,-0.3709736517790401,-0.663366464410031,-0.5621549196324622,test
2021,45,2021-11-11,0.136959897408358,0.136959897408358,0.0,-0.562025813845556,-0.3745310811841511,-0.6653333916143988,-0.5621549196324622,-0.3747850312685641,-0.6653333916143988,-0.5283831302145137,test
2021,46,2021-11-18,35.8262857524513,2.08115662350467,33.7451291289466,-0.49474044658347033,-0.36732124922532866,-0.5514301238455904,-0.5283831302145137,-0.37092616520474075,-0.608381757729993,-0.5214201270079446,test
2021,47,2021-11-25,7.52355524438746,4.41742904918472,3.10612619520274,-0.5480998074324179,-0.35865744922346127,-0.654848977037588,-0.5214201270079446,-0.36298934922439585,-0.6031395504415877,-0.40078801992518953,test
2021,48,2021-12-02,163.797009654046,1.95838971346018,161.838619940586,-0.2534762324179603,-0.3677765163182333,-0.11906351094547833,-0.40078801992518953,-0.3632169827708482,-0.3869562439915316,-0.07218297774225071,test
2021,49,2021-12-09,356.119183247608,5.52669860094577,350.592484646662,0.10911027693345975,-0.35454384952550594,0.5180560541289119,-0.07218297774225071,-0.3611601829218705,0.19949627159171834,0.275624753884269,test
2021,50,2021-12-16,532.763516757196,167.99427398832,364.769242768876,0.44213923083507906,0.24794863571400877,0.5659082662309248,0.275624753884269,-0.05329760690574947,0.54198216017992,1.0105999433585846,test
2021,51,2021-12-23,1135.80636041195,285.166162277656,850.640198134294,1.5790606558820912,0.6824672281613172,2.205916497303339,1.0105999433585846,0.4652079319376621,1.3859123817671337,1.2799337062880112,test
2021,52,2021-12-30,818.482115617237,119.98488225488,698.497233362354,0.980806756693932,0.06991127858997592,1.6923733192838093,1.2799337062880112,0.3761892533756457,1.949144908293576,0.6653175556142348,test
2022,1,2022-01-06,483.800226842734,29.2819991044354,454.518227738298,0.34982835453453853,-0.26645002524189926,0.8688468808051326,0.6653175556142348,-0.0982693733259625,1.2806101000444727,0.9451550659213394,test
2022,2,2022-01-13,1115.34345406881,352.050559148073,763.292894920735,1.5404817773081412,0.9305003904592212,1.9110845164032304,0.9451550659213394,0.3320251826086601,1.3899656986041833,2.675730061653608,test
2022,3,2022-01-20,2319.65421568114,1453.41962003328,866.234595647858,3.810978345999076,5.0148020185009115,2.2585538076805887,2.675730061653608,2.9726512044800657,2.0848191620419114,3.913447476320801,test
2022,4,2022-01-27,2428.35702376392,1523.16458856018,905.192435203752,4.015916606642527,5.273443284738392,2.390052051876751,3.913447476320801,5.144122651619651,2.3243029297786717,3.7400179992712435,test
2022,5,2022-02-03,2135.67421018657,1202.862525613,932.811684573584,3.464119391899961,4.085639592387685,2.4832780325664174,3.7400179992712435,4.679541438563037,2.436665042221586,3.2588835012099198,test
2022,6,2022-02-10,1917.95285774285,1063.75776475702,854.195092985809,3.0536476105198798,3.5697854419398856,2.2179156850561794,3.2588835012099198,3.827712517163784,2.3505968588112998,2.5466063610114698,test
2022,7,2022-02-17,1380.06591108571,583.251298228558,796.814612857148,2.0395651115030606,1.7878819790358125,2.0242336823048186,2.5466063610114698,2.6788337104878477,2.121074683680501,1.6486314001554787,test
2022,8,2022-02-24,965.349868661223,224.115558650469,741.234310010752,1.2576976888078977,0.4560680231690891,1.8366279957598548,1.6486314001554787,1.1219750011024494,1.9304308390323381,1.1626293580561389,test
2022,9,2022-03-03,864.4980854948,244.554875331959,619.943210162838,1.0675610273043812,0.5318648994052649,1.4272221650351085,1.1626293580561389,0.4939664612871757,1.6319250803974832,0.9500529881848809,test
2022,10,2022-03-10,739.841481262037,394.047463715463,345.794017546577,0.8325449490653817,1.086241124232367,0.501859314122605,0.9500529881848809,0.8090530118188146,0.9645407395788583,1.1489672549862964,test
2022,11,2022-03-17,1075.51324002136,438.808583173858,636.70465684751,1.465389560907212,1.2522326338630756,1.4837987317633448,1.1489672549862964,1.1692368790477201,0.9928290229429765,1.9205021308605426,test
2022,12,2022-03-24,1558.31244200901,779.481704678353,778.830737330655,2.3756147008138737,2.5155800749765294,1.9635309307525093,1.9205021308605426,1.8839063544198011,1.7236648312579286,1.6595391688119274,test
2022,13,2022-03-31,798.674677117407,242.86276041127,555.811916706138,0.9434636368099817,0.5255898840894642,1.2107534751970692,1.6595391688119274,1.5205849795329955,1.5871422029747908,0.519040988070416,test
2022,14,2022-04-07,348.432408181703,48.885391052971,299.547017128732,0.09461833933085079,-0.1937530805990277,0.34575724522936846,0.519040988070416,0.16591840174521688,0.7782553602132204,-0.026129509579803326,test
2022,15,2022-04-14,220.338901334008,19.2773860162701,201.061515317738,-0.146877358490457,-0.30355099255169343,0.013329402346987786,-0.026129509579803326,-0.2486520365753619,0.17954332378817967,-0.24076097302019184,test
2022,16,2022-04-21,120.743906233521,2.88082586755689,117.863080365964,-0.33464458754992626,-0.3643557669802106,-0.2674984936745653,-0.24076097302019184,-0.3339533797659533,-0.1270845456637872,-0.3943601204769975,test
2022,17,2022-04-28,57.3955973823426,0.0638502120426732,57.3317471703,-0.45407565340406825,-0.37480220011927423,-0.47181588203134533,-0.3943601204769975,-0.3695789835497437,-0.36965718785295376,-0.48141833623198527,test
2022,18,2022-05-05,28.3895309252607,0.118585751981789,28.270945173279,-0.5087610190599018,-0.37459921960817705,-0.5699076777033785,-0.48141833623198527,-0.37470070986372694,-0.5208617798673604,-0.516682041166342,test
2022,19,2022-05-12,19.9866358957785,0.0,19.9866358957785,-0.5246030632727816,-0.37503898135297536,-0.5978705251504588,-0.516682041166342,-0.37481910048057754,-0.5838891014269171,-0.5347378221141363,test
2022,20,2022-05-19,9.23533214373095,0.0,9.23533214373095,-0.5448725809554906,-0.37503898135297536,-0.6341604627427496,-0.5347378221141363,-0.37503898135297536,-0.6160154939466027,-0.5515955172060156,test
2022,21,2022-05-26,2.10340815160737,0.0,2.10340815160737,-0.5583184534565401,-0.37503898135297536,-0.6582335503008827,-0.5515955172060156,-0.37503898135297536,-0.6461970065218146,-0.5599071567279421,test
2022,22,2022-06-02,0.418056609445801,0.0,0.418056609445801,-0.5614958599993437,-0.37503898135297536,-0.6639222838439627,-0.5599071567279421,-0.37503898135297536,-0.6610779170724211,-0.561680410301929,test
2022,23,2022-06-09,0.222279246443596,0.0174531504549614,0.204826095988634,-0.5618649606045137,-0.3749742583338265,-0.6646420218594251,-0.561680410301929,-0.3750066198434023,-0.6642821528516923,-0.5620744930119408,test
2022,24,2022-06-16,0.0,0.0,0.0,-0.5622840254193674,-0.37503898135297536,-0.6653333916143988,-0.5620744930119408,-0.3750066198434023,-0.6649877067369103,-0.5594037164822996,test
2022,25,2022-06-23,3.0555316378912,0.0,3.0555316378912,-0.5565234075452312,-0.37503898135297536,-0.6550197538447261,-0.5594037164822996,-0.37503898135297536,-0.6601765727295609,-0.5594037164822996,test
2022,26,2022-06-30,0.0,0.0,0.0,-0.5622840254193674,-0.37503898135297536,-0.6653333916143988,-0.5594037164822996,-0.37503898135297536,-0.6601765727295609,-0.5622840254193674,test
2022,27,2022-07-07,0.0,0.0,0.0,-0.5622840254193674,-0.37503898135297536,-0.6653333916143988,-0.5622840254193674,-0.37503898135297536,-0.6653333916143988,-0.5622840254193674,test
2022,28,2022-07-14,0.0,0.0,0.0,-0.5622840254193674,-0.37503898135297536,-0.6653333916143988,-0.5622840254193674,-0.37503898135297536,-0.6653333916143988,-0.5622840254193674,test
2022,29,2022-07-21,0.0,0.0,0.0,-0.5622840254193674,-0.37503898135297536,-0.6653333916143988,-0.5622840254193674,-0.37503898135297536,-0.6653333916143988,-0.5622840254193674,test
2022,30,2022-07-28,0.0,0.0,0.0,-0.5622840254193674,-0.37503898135297536,-0.6653333916143988,-0.5622840254193674,-0.37503898135297536,-0.6653333916143988,-0.5622840254193674,test
2022,31,2022-08-04,0.0,0.0,0.0,-0.5622840254193674,-0.37503898135297536,-0.6653333916143988,-0.5622840254193674,-0.37503898135297536,-0.6653333916143988,-0.5622840254193674,test
2022,32,2022-08-11,0.0,0.0,0.0,-0.5622840254193674,-0.37503898135297536,-0.6653333916143988,-0.5622840254193674,-0.37503898135297536,-0.6653333916143988,-0.5622585062343166,test
2022,33,2022-08-18,0.0270716367584866,0.0270716367584866,0.0,-0.5622329870492654,-0.37493858927368673,-0.6653333916143988,-0.5622585062343166,-0.37498878531333235,-0.6653333916143988,-0.5622585062343166,test
2022,34,2022-08-25,0.0,0.0,0.0,-0.5622840254193674,-0.37503898135297536,-0.6653333916143988,-0.5622585062343166,-0.37498878531333235,-0.6653333916143988,-0.5622734358073598,test
2022,35,2022-09-01,0.0112338277697605,0.00384302090518351,0.00739080686457705,-0.5622628461953518,-0.37502472994797675,-0.6653084446939082,-0.5622734358073598,-0.37503185565047736,-0.665320918154152,-0.5622436508172741,test
2022,36,2022-09-08,0.0315969507194891,0.0315969507194891,0.0,-0.5622244554391959,-0.3749218076626585,-0.6653333916143988,-0.5622436508172741,-0.37497326880531895,-0.665320918154152,-0.5622509868222161,test
2022,37,2022-09-15,0.00345153924251178,0.00345153924251178,0.0,-0.5622775182052357,-0.37502618171310165,-0.6653333916143988,-0.5622509868222161,-0.3749739946878814,-0.6653333916143988,-0.5622768798199186,test
2022,38,2022-09-22,0.004128760532715,0.004128760532715,0.0,-0.562276241434601,-0.3750236703151367,-0.6653333916143988,-0.5622768798199186,-0.3750249260141205,-0.6653333916143988,-0.5622801334269845,test
2022,39,2022-09-29,0.0,0.0,0.0,-0.5622840254193674,-0.37503898135297536,-0.6653333916143988,-0.5622801334269845,-0.3750313258340574,-0.6653333916143988,-0.5622733622351521,test
2022,40,2022-10-06,0.0113118757199554,0.0113118757199554,0.0,-0.5622626990509364,-0.3749970325511976,-0.6653333916143988,-0.5622733622351521,-0.3750180069520878,-0.6653333916143988,-0.5622733622351521,test
2022,41,2022-10-13,0.0,0.0,0.0,-0.5622840254193674,-0.37503898135297536,-0.6653333916143988,-0.5622733622351521,-0.3750180069520878,-0.6653333916143988,-0.5555300526312197,test
2022,42,2022-10-20,7.16484862788672,4.03585798034736,3.12899064753937,-0.5487760798430715,-0.360072462040703,-0.6547718003930141,-0.5555300526312197,-0.3675557216968405,-0.6600525960037049,-0.5441085618282874,test
2022,43,2022-10-27,12.1163136534121,2.92167976812228,9.19463388528982,-0.5394410438135028,-0.3642042649464991,-0.6342978355947316,-0.5441085618282874,-0.3621383634936024,-0.6445348179938712,-0.55019071807872,test
2022,44,2022-11-03,0.712686288415081,0.215299642068353,0.497386646346728,-0.5609403923439367,-0.3742405671702582,-0.6636545133340112,-0.55019071807872,-0.36922241605838,-0.6489761744643698,-0.5389914265884881,test
2022,45,2022-11-10,23.9969105678535,3.60717385483798,20.3897367130155,-0.5170424608330391,-0.36166218825865787,-0.5965098991428319,-0.5389914265884881,-0.3679513777144594,-0.6300822062384199,-0.5241091170902704,test
2022,46,2022-11-17,16.5003564690245,2.18177000507782,14.3185864639467,-0.5311757733475013,-0.3669481359676966,-0.6170024523004123,-0.5241091170902704,-0.36430516211317854,-0.6067561757216205,-0.40687853330357904,test
2022,47,2022-11-24,148.359180558693,51.1002776938633,97.25890286483,-0.28258129325965625,-0.18553942594447131,-0.3370458093212126,-0.40687853330357904,-0.27624378095608526,-0.47702413081081085,-0.31949932633943845,test
2022,48,2022-12-01,109.195250387087,6.31089114882517,102.884359238262,-0.35641735941922015,-0.35163576084410814,-0.3180576507287142,-0.31949932633943845,-0.26858759339429106,-0.32755173002496185,-0.393511210758446,test
2022,49,2022-12-08,69.8448061067563,3.72097060561791,66.1238355011384,-0.4306050620976714,-0.3612401859789654,-0.4421390777859748,-0.393511210758446,-0.3564379734115381,-0.38009836425734295,-0.4534157164547481,test
2022,50,2022-12-15,45.6464726668736,1.54533135924974,44.1011413076239,-0.47622637081182434,-0.3693082961443544,-0.5164744529486884,-0.4534157164547481,-0.36527424106166123,-0.4793067653673301,0.005955094317604159,test
2022,51,2022-12-22,557.161297672907,44.206252465581,512.955045207329,0.4881365594470331,-0.2111051327212741,1.0660944433288266,0.005955094317604159,-0.2902067144328156,0.27480999519007066,0.27774248142401886,test
2022,52,2022-12-29,333.967961169688,6.14731768691524,327.820643482773,0.06734840340100509,-0.35224235438346735,0.4411920091946678,0.27774248142401886,-0.28167374355237207,0.7536432262617487,0.09735391270117477,test
2023,1,2023-01-05,365.798846321554,11.7182323373645,354.080613984189,0.1273594220013449,-0.3315832523761678,0.5298298816471405,0.09735391270117477,-0.3419128033798189,0.48551094542090567,0.23513411481167118,test
2023,2,2023-01-12,480.129979141343,38.6114286967681,441.518550444576,0.3429088076219979,-0.23185289896885947,0.8249677858982247,0.23513411481167118,-0.28171807567251494,0.6773988337726842,0.19262694548112286,test
2023,3,2023-01-19,320.705766528906,2.38882595863407,318.316940570272,0.0423450833402483,-0.3661802925642095,0.4091132219569199,0.19262694548112286,-0.2990165957665358,0.6170405039275739,-0.006811357573090017,test
2023,4,2023-01-26,268.558908779083,45.9359796963089,222.622929082775,-0.055967798486427835,-0.20469063644075225,0.08610777211314138,-0.006811357573090017,-0.28543546450248214,0.24761049703503218,0.7369843305660122,test
2023,5,2023-02-02,1109.75003465852,694.252945060036,415.497089598477,1.5299364596184528,2.1995189343219277,0.7371349786458643,0.7369843305660122,0.9974141489405864,0.4116213753795044,2.8009073456030653,test
2023,6,2023-02-09,2458.04004028467,1544.98040515285,913.059635131845,4.071878231587679,5.354344754001462,2.4166069889337756,2.8009073456030653,3.7769318441616937,1.5768709837898216,3.7908919766793736,test
2023,7,2023-02-16,2159.96007371038,1176.74653060561,983.213543104754,3.5099057217710694,3.988791401608764,2.6534044044758045,3.7908919766793736,4.671568077805112,2.5350056967047916,2.731914256052014,test
2023,8,2023-02-23,1334.63973847798,508.408504925805,826.231233552174,1.9539227903329595,1.510336010668101,2.1235265079768006,2.731914256052014,2.749563706138431,2.3884654562263044,1.404194096873483,test
2023,9,2023-03-02,751.468470457049,192.363595669794,559.104874787249,0.8544654034140071,0.33831948754992197,1.2218685218940604,1.404194096873483,0.9243277491090102,1.6726975149354324,0.5581711731384958,test
2023,10,2023-03-09,437.149272582047,55.2659130417721,381.883359540274,0.2618769428629855,-0.17009164205664587,0.6236752351404331,0.5581711731384958,0.08411392274663672,0.9227718785172485,0.24366878099252873,test
2023,11,2023-03-16,417.833422831688,20.3353670515506,397.498055780136,0.22546061912207283,-0.2996275904712315,0.6763810618137099,0.24366878099252873,-0.23485961626394003,0.6500281484770734,0.027295695597517156,test
2023,12,2023-03-23,207.613197647818,2.38787637016421,205.225321277654,-0.17086922792703763,-0.3661838140048157,0.027383907913624935,0.027295695597517156,-0.33290570223802496,0.3518824848636692,-0.14634195931124705,test
2023,13,2023-03-30,233.632575042415,10.4875334539307,223.145041588484,-0.12181469069545557,-0.33614715891009367,0.08787011002911048,-0.14634195931124705,-0.351165486457456,0.057627008971369485,-0.2603144653954075,test
2023,14,2023-04-06,86.7072095060098,1.58082170209491,85.1263878039148,-0.3988142400953585,-0.369176684253109,-0.377997885883489,-0.2603144653954075,-0.35266192158160264,-0.14506388792718747,-0.06150304569146167,test
2023,15,2023-04-13,444.53862580023,70.0329881609755,374.505637639255,0.27580814871243603,-0.11532962713105797,0.598772481619934,-0.06150304569146167,-0.2422531556920848,0.1103872978682243,-0.09684551067262884,test
2023,16,2023-04-20,49.2146966296159,0.00294711385575399,49.2117495157602,-0.4694991700576928,-0.37502805231715386,-0.49922411222637414,-0.09684551067262884,-0.24517883972410723,0.049774184696781715,-0.42199691876083645,test
2023,17,2023-04-27,99.6067326507063,0.328494698528553,99.2782379521777,-0.37449466746397925,-0.37382079620536923,-0.33022974812641886,-0.42199691876083645,-0.3744244242612629,-0.4147269301763947,-0.43432283398508986,test
2023,18,2023-05-04,36.1389381757301,0.435714775273165,35.7032234004569,-0.49415100050619953,-0.3734231827717262,-0.5448207748259984,-0.43432283398508986,-0.373621989488549,-0.43752526147620685,-0.514325236494075,test
2023,19,2023-05-11,14.7374087988215,0.0143856870925227,14.723023111729,-0.5344994724819496,-0.37498563367207605,-0.6156373173319896,-0.514325236494075,-0.37420440822190243,-0.5802290460789923,-0.5409667074947084,test
2023,20,2023-05-18,7.87674154995491,0.0,7.87674154995491,-0.5474339425074664,-0.37503898135297536,-0.6387462477785613,-0.5409667074947084,-0.375012307512527,-0.6271917825552737,-0.5393518994544717,test
2023,21,2023-05-25,16.4504531853333,7.2773022841546,9.17315090117874,-0.5312698564014762,-0.34805193530046047,-0.6343703492331393,-0.5393518994544717,-0.36154545832671925,-0.6365582985058486,-0.5467422960455038,test
2023,22,2023-06-01,0.0367524745301779,0.0,0.0367524745301779,-0.5622147356895306,-0.37503898135297536,-0.6652093373566248,-0.5467422960455038,-0.36154545832671925,-0.6497898432948803,-0.5621700923229493,test
2023,23,2023-06-08,0.0841117064711662,0.0799737112511576,0.00413799522000859,-0.5621254489563673,-0.37474240796021896,-0.6653194242303722,-0.5621700923229493,-0.37489069465659847,-0.6652643807934968,-0.5621623711737935,test
2023,24,2023-06-15,0.0449433374001247,0.0384242578725534,0.00651907952757133,-0.5621992933912189,-0.3748964893722591,-0.6653113871213,-0.5621623711737935,-0.37481944866624034,-0.6653154056758344,-0.5622416594052936,test
2023,25,2023-06-22,0.0,0.0,0.0,-0.5622840254193674,-0.37503898135297536,-0.6653333916143988,-0.5622416594052936,-0.3749677353626185,-0.6653223893678477,-0.5622840254193674,test
2023,26,2023-06-29,0.0,0.0,0.0,-0.5622840254193674,-0.37503898135297536,-0.6653333916143988,-0.5622840254193674,-0.37503898135297536,-0.6653333916143988,-0.5622840254193674,test
2023,27,2023-07-06,0.0,0.0,0.0,-0.5622840254193674,-0.37503898135297536,-0.6653333916143988,-0.5622840254193674,-0.37503898135297536,-0.6653333916143988,-0.5622840254193674,test
2023,28,2023-07-13,0.0,0.0,0.0,-0.5622840254193674,-0.37503898135297536,-0.6653333916143988,-0.5622840254193674,-0.37503898135297536,-0.6653333916143988,-0.5622840254193674,test
2023,29,2023-07-20,0.0,0.0,0.0,-0.5622840254193674,-0.37503898135297536,-0.6653333916143988,-0.5622840254193674,-0.37503898135297536,-0.6653333916143988,-0.5622840254193674,test
2023,30,2023-07-27,0.0,0.0,0.0,-0.5622840254193674,-0.37503898135297536,-0.6653333916143988,-0.5622840254193674,-0.37503898135297536,-0.6653333916143988,-0.5622840254193674,test
2023,31,2023-08-03,0.0,0.0,0.0,-0.5622840254193674,-0.37503898135297536,-0.6653333916143988,-0.5622840254193674,-0.37503898135297536,-0.6653333916143988,-0.5598627337307671,test
2023,32,2023-08-10,2.56859021748329,1.02457424043285,1.54401597705043,-0.5574414420421658,-0.37123946456349327,-0.660121721965684,-0.5598627337307671,-0.37313922295823565,-0.6627275567900397,-0.5598627337307671,test
2023,33,2023-08-17,0.0,0.0,0.0,-0.5622840254193674,-0.37503898135297536,-0.6653333916143988,-0.5598627337307671,-0.37313922295823565,-0.6627275567900397,-0.5619360286246936,test
2023,34,2023-08-24,0.369167071742772,0.237197379955726,0.131969691787045,-0.5615880318300189,-0.37415936190521115,-0.6648879412774464,-0.5619360286246936,-0.37459917162909456,-0.6651106664459209,-0.5619360286246936,test
2023,35,2023-08-31,0.0,0.0,0.0,-0.5622840254193674,-0.37503898135297536,-0.6653333916143988,-0.5619360286246936,-0.37459917162909456,-0.6651106664459209,-0.5617020126787495,test
2023,36,2023-09-07,0.617419305175461,0.430186010379781,0.187233294795679,-0.5611199999381307,-0.3734436855661637,-0.6647014045791483,-0.5617020126787495,-0.37424133345957084,-0.6650173980967717,-0.5617020126787495,test
2023,37,2023-09-14,0.0,0.0,0.0,-0.5622840254193674,-0.37503898135297536,-0.6653333916143988,-0.5617020126787495,-0.37424133345957084,-0.6650173980967717,-0.5622840254193674,test
2023,38,2023-09-21,0.0,0.0,0.0,-0.5622840254193674,-0.37503898135297536,-0.6653333916143988,-0.5622840254193674,-0.37503898135297536,-0.6653333916143988,-0.5619316804861834,test
2023,39,2023-09-28,0.373779727910682,0.369232651404071,0.00454707650661119,-0.5615793355529983,-0.37366972415044986,-0.6653180434178956,-0.5619316804861834,-0.3743543527517139,-0.6653257175161454,-0.5491011305632454,test
2023,40,2023-10-05,13.6110924479461,9.98271676671818,3.62837568122796,-0.5366229255734917,-0.33801921405552104,-0.6530861767584264,-0.5491011305632454,-0.3558444691029867,-0.6592021100881593,-0.5453946272972285,test
2023,41,2023-10-12,4.30576697049791,2.54148307696525,1.76428389353266,-0.5541663290209645,-0.36561418104076515,-0.6593782299086205,-0.5453946272972285,-0.3518166975481444,-0.6562322033335217,-0.5565674941462389,test
2023,42,2023-10-19,1.7585277095791,1.23821394133602,0.520313768243082,-0.5589686592715122,-0.3704472060833869,-0.6635771251546817,-0.5565674941462389,-0.3680306935620773,-0.6614776775316493,-0.5559284946424019,test
2023,43,2023-10-26,4.98363981095711,2.28006469995779,2.70357511099932,-0.5528883300132907,-0.3665836212953819,-0.6562077474770028,-0.5559284946424019,-0.3685154136893857,-0.6598924363158405,-0.5575861777163296,test
2023,44,2023-11-02,0.0,0.0,0.0,-0.5622840254193674,-0.37503898135297536,-0.6653333916143988,-0.5575861777163296,-0.37081130132417994,-0.6607705695456991,-0.5611482324964001,test
2023,45,2023-11-09,1.20488853315618,0.0459318187800998,1.15895671437608,-0.560012439573432,-0.3748686484383466,-0.6614214505320101,-0.5611482324964001,-0.37495381489566226,-0.6633774210732026,-0.4605216887796574,test
2023,46,2023-11-16,106.748128293184,13.3102583350093,93.4378699581753,-0.36103093798588176,-0.3256794054233224,-0.34994331914128257,-0.4605216887796574,-0.3502740269308358,-0.5056823848366446,-0.2819228455245059,test
2023,47,2023-11-23,190.668737023095,6.24881753229899,184.419919490796,-0.20281475306312916,-0.3518659537758331,-0.042842619942014847,-0.2819228455245059,-0.338772679599579,-0.19639296954164698,-0.25839736486628406,test
2023,48,2023-11-30,131.70477427053,2.9489685247687,128.755805745761,-0.3139799766694381,-0.36410306770285344,-0.2307312016921848,-0.25839736486628406,-0.35798451073934456,-0.1367869108170981,-0.3000096905909683,test
2023,49,2023-12-07,146.524938369527,23.720213648305,122.804724721222,-0.2860394045124976,-0.2870752726726146,-0.2508184733355012,-0.3000096905909683,-0.32558917018773537,-0.24077483751384127,-0.3279135898308637,test
2023,50,2023-12-14,102.103349975115,1.3507228150604,100.752627160054,-0.36978777514922884,-0.3700299797489624,-0.3252530965895866,-0.3279135898308637,-0.32855262621078984,-0.2880357849625422,-0.09982424196422958,test
2023,51,2023-12-21,388.490030968896,23.0971051284693,365.392925840427,0.17013929122077062,-0.28938599959639993,0.5680134453111497,-0.09982424196422958,-0.32970798967268244,0.1213801743607833,0.04425365459985182,test
2023,52,2023-12-28,254.946180689131,7.4182905980097,247.527890091121,-0.08163198202106604,-0.34752909620840317,0.17017194717276488,0.04425365459985182,-0.3184575479024029,0.369092696241959,-0.1619491354532481,test
2024,1,2024-01-04,169.742958139261,10.7416647001058,159.001293439155,-0.24226628888542923,-0.3352047421495801,-0.128640619363262,-0.1619491354532481,-0.341366919178993,0.02076566390475322,0.02766336439831657,test
2024,2,2024-01-11,456.093698158504,126.522679588494,329.571018570011,0.2975930176820633,0.09415595482232324,0.4471002231326165,0.02766336439831657,-0.12052439366362974,0.15922980188467903,0.7000139014613334,test
2024,3,2024-01-18,882.995731586673,89.362187021682,793.633544564988,1.1024347852406042,-0.04364949630182133,2.0134963082651995,0.7000139014613334,0.02525322926024965,1.2302982656989099,1.1564236345527772,test
2024,4,2024-01-25,940.268975801443,486.10970399866,454.159271802783,1.2104124838649508,1.4276434490512746,0.8676352613775129,1.1564236345527772,0.6919969763747253,1.440565784821358,1.6437544247696707,test
2024,5,2024-02-01,1399.97313927474,462.857420507941,937.115718766805,2.0770963656743913,1.3414150060255552,2.49780586434099,1.6437544247696707,1.3845292275384136,1.6827205628592532,1.7660815679386206,test
2024,6,2024-02-08,1070.0378527838,231.17452779637,838.863324987434,1.4550667702028508,0.48224540566404234,2.1661648540246827,1.7660815679386206,0.9118302058447975,2.331985359182838,1.1613011872355432,test
2024,7,2024-02-15,758.401131691705,83.5194409966654,674.881690695039,0.8675356042682366,-0.0653166539783131,1.6126614453223163,1.1613011872355432,0.2084643758428633,1.8894131496735014,0.8397857179728402,test
2024,8,2024-02-22,728.963089670499,69.129178700337,659.833910970163,0.8120358316774446,-0.1186813014994649,1.561869187963362,0.8397857179728402,-0.09199897773889033,1.5872653166428408,0.7067828391780742,test
2024,9,2024-02-29,617.307064017947,36.1917310641577,581.11533295379,0.6015298466787046,-0.24082607184180743,1.2961625955862284,0.7067828391780742,-0.1797536866706375,1.4290158917747968,0.4737974427511483,test
2024,10,2024-03-07,481.804098915243,15.5873750466472,466.216723868595,0.346065038823593,-0.317234977644401,0.9083339703975258,0.4737974427511483,-0.2790305247431056,1.102248282991879,0.21331785698654063,test
2024,11,2024-03-14,340.981283444314,8.21940193294645,332.761881511368,0.08057067514948911,-0.3445582661336097,0.4578706580192084,0.21331785698654063,-0.3308966218890067,0.6831023142083689,-0.03157045695269767,test
2024,12,2024-03-21,222.01808035265,9.12873747807199,212.889342874578,-0.14371158905488357,-0.34118609891074675,0.053253037079041075,-0.03157045695269767,-0.34287218252217955,0.25556184754912653,-0.13491907183266383,test
2024,13,2024-03-28,231.345487632976,0.688755643611688,230.656731989364,-0.12612655461044323,-0.37248480955313823,0.11322506066090059,-0.13491907183266383,-0.35683545423194385,0.0832390488699726,-0.18667387070525937,test
2024,14,2024-04-04,167.114794343031,3.93084979230402,163.183944550727,-0.2472211868000746,-0.3604618729372088,-0.11452250389467372,-0.18667387070525937,-0.3664733412451749,-0.0006487216168847981,-0.3050785594390506,test
2024,15,2024-04-11,105.737686384743,0.184315084141004,105.553371300602,-0.36293593207802566,-0.37435546987170615,-0.30904867066367386,-0.3050785594390506,-0.3674086714044589,-0.21178558727917202,-0.40047948431279834,test
2024,16,2024-04-18,65.9101837943654,0.0,65.9101837943654,-0.43802303654757013,-0.37503898135297536,-0.44286023749684256,-0.40047948431279834,-0.3746972256123421,-0.3759544540802564,-0.4903311393611546,test
2024,17,2024-04-25,10.419933770122,0.406620550727056,10.0133132193949,-0.542639242174738,-0.37353107538729036,-0.6315344663673378,-0.4903311393611546,-0.3742850283701342,-0.5371973519320884,-0.5247727954637591,test
2024,18,2024-05-02,29.3732802252644,0.0405880925169097,29.3326921327475,-0.5069063487527793,-0.37488846503811474,-0.5663238583093279,-0.5247727954637591,-0.3742097702127039,-0.598929162338331,-0.517726137372738,test
2024,19,2024-05-09,17.8952731205022,0.102132539918968,17.7931405805832,-0.5285459259926958,-0.3746602344697718,-0.6052744465662461,-0.517726137372738,-0.37477434975394464,-0.5857991524377852,-0.53810574419827,test
2024,20,2024-05-16,7.75388633948823,0.171202772133675,7.58268356735455,-0.5476655624038432,-0.3744040953862416,-0.6397388107349423,-0.53810574419827,-0.37453216492800806,-0.6225066286505925,-0.5531667205754129,test
2024,21,2024-05-23,1.91806691680383,0.019315041927627,1.8987518748762,-0.5586678787469818,-0.37496735372151885,-0.6589243468481415,-0.5531667205754129,-0.3746857245538816,-0.6493315787915401,-0.56045707907093,test
2024,22,2024-05-30,0.0200211460913259,0.0,0.0200211460913259,-0.5622462793948773,-0.37503898135297536,-0.6652658122622628,-0.56045707907093,-0.3750031675372485,-0.6620950795552003,-0.5622528490149987,test
2024,23,2024-06-06,0.0130518651679951,0.0,0.0130518651679951,-0.5622594186351191,-0.37503898135297536,-0.6652893363646046,-0.5622528490149987,-0.37503898135297536,-0.6652775743134319,-0.5622717220272437,test
2024,24,2024-06-13,0.0,0.0,0.0,-0.5622840254193674,-0.37503898135297536,-0.6653333916143988,-0.5622717220272437,-0.37503898135297536,-0.6653113639894999,-0.5622768023371916,test
2024,25,2024-06-20,0.00766249614023836,0.00766249614023836,0.0,-0.5622695792550146,-0.375010565859412,-0.6653333916143988,-0.5622768023371916,-0.375024773606195,-0.6653333916143988,-0.5622768023371916,test
2024,26,2024-06-27,0.0,0.0,0.0,-0.5622840254193674,-0.37503898135297536,-0.6653333916143988,-0.5622768023371916,-0.375024773606195,-0.6653333916143988,-0.5622551966112808,test
2024,27,2024-07-04,0.0305825996855947,0.00940951632779353,0.0211730833578011,-0.562226367803193,-0.37500408723417217,-0.6652619240146163,-0.5622551966112808,-0.3750215342935751,-0.6652976578145058,-0.5622551966112808,test
2024,28,2024-07-11,0.0,0.0,0.0,-0.5622840254193674,-0.37503898135297536,-0.6653333916143988,-0.5622551966112808,-0.3750215342935751,-0.6652976578145058,-0.5622840254193674,test
2024,29,2024-07-18,0.0,0.0,0.0,-0.5622840254193674,-0.37503898135297536,-0.6653333916143988,-0.5622840254193674,-0.37503898135297536,-0.6653333916143988,-0.5622840254193674,test
2024,30,2024-07-25,0.0,0.0,0.0,-0.5622840254193674,-0.37503898135297536,-0.6653333916143988,-0.5622840254193674,-0.37503898135297536,-0.6653333916143988,-0.5622840254193674,test
2024,31,2024-08-01,0.0,0.0,0.0,-0.5622840254193674,-0.37503898135297536,-0.6653333916143988,-0.5622840254193674,-0.37503898135297536,-0.6653333916143988,-0.5622840254193674,test
2024,32,2024-08-08,0.0,0.0,0.0,-0.5622840254193674,-0.37503898135297536,-0.6653333916143988,-0.5622840254193674,-0.37503898135297536,-0.6653333916143988,-0.5622840254193674,test
2024,33,2024-08-15,0.0,0.0,0.0,-0.5622840254193674,-0.37503898135297536,-0.6653333916143988,-0.5622840254193674,-0.37503898135297536,-0.6653333916143988,-0.5622840254193674,test
2024,34,2024-08-22,0.0,0.0,0.0,-0.5622840254193674,-0.37503898135297536,-0.6653333916143988,-0.5622840254193674,-0.37503898135297536,-0.6653333916143988,-0.5621750032856925,test
2024,35,2024-08-29,0.115654461363022,0.115654461363022,0.0,-0.5620659811520166,-0.3746100899653277,-0.6653333916143988,-0.5621750032856925,-0.37482453565915286,-0.6653333916143988,-0.5621750032856925,test
2024,36,2024-09-05,0.0,0.0,0.0,-0.5622840254193674,-0.37503898135297536,-0.6653333916143988,-0.5621750032856925,-0.37482453565915286,-0.6653333916143988,-0.5622541841780351,test
2024,37,2024-09-12,0.0316566239936928,0.0316566239936928,0.0,-0.5622243429367018,-0.37492158637112266,-0.6653333916143988,-0.5622541841780351,-0.3749802838620504,-0.6653333916143988,-0.5621430576995812,test
2024,38,2024-09-19,0.117886823303355,0.114947588688717,0.00293923461463853,-0.5620617724624597,-0.37461271132207086,-0.6653234705254597,-0.5621430576995812,-0.3747671488465981,-0.6653284310699275,-0.5621605246340823,test
2024,39,2024-09-26,0.0131270939498558,0.0131270939498558,0.0,-0.5622592768057039,-0.37499030102129094,-0.6653333916143988,-0.5621605246340823,-0.3748015061716823,-0.6653284310699275,-0.5622716511125361,test
2024,40,2024-10-03,0.0,0.0,0.0,-0.5622840254193674,-0.37503898135297536,-0.6653333916143988,-0.5622716511125361,-0.3750146411871345,-0.6653333916143988,-0.5622840254193674,test
2024,41,2024-10-10,0.0,0.0,0.0,-0.5622840254193674,-0.37503898135297536,-0.6653333916143988,-0.5622840254193674,-0.37503898135297536,-0.6653333916143988,-0.5622748418804568,test
2024,42,2024-10-17,0.00974221665235565,0.00974221665235565,0.0,-0.5622656583415453,-0.37500285345293977,-0.6653333916143988,-0.5622748418804568,-0.37502091740295895,-0.6653333916143988,-0.5620557541291901,test
2024,43,2024-10-24,0.232415886662377,0.163797733855105,0.068618152807272,-0.5618458499168338,-0.37443155612666995,-0.6651017779849727,-0.5620557541291901,-0.3747172047898062,-0.665217584799684,-0.5588188774264995,test
2024,44,2024-10-31,3.44353330959373,1.28988498174025,2.15364832785348,-0.5557919049361643,-0.3702555899195226,-0.6580639696711614,-0.5588188774264995,-0.3723435730230976,-0.6615828738280654,-0.5536581884157816,test
2024,45,2024-11-07,5.70705381269578,0.840020036395934,4.86703377629984,-0.551524471895398,-0.3719238627936416,-0.6489052117326932,-0.5536581884157816,-0.37108972635658344,-0.6534845907019255,-0.4712231558028736,test
2024,46,2024-11-14,90.8934755632632,35.5084329571097,55.3850426061536,-0.3909218397103482,-0.24336000498934912,-0.47838678624657094,-0.4712231558028736,-0.30764193389149674,-0.5636459989896303,-0.3815376336826608,test
2024,47,2024-11-21,100.848566854018,10.5771340528105,90.2714328012076,-0.37215342765497234,-0.3358148853018409,-0.3606313072649912,-0.3815376336826608,-0.28958744514559637,-0.41950904675577927,-0.2669447427599292,test
2024,48,2024-11-28,212.457589462877,19.9812865472815,192.476302915595,-0.16173605786488504,-0.30094065766315153,-0.015649113140586993,-0.2669447427599292,-0.3183777714824976,-0.18814021020278732,-0.29501989960975195,test
2024,49,2024-12-05,71.0654665450934,2.28384837847886,68.7816181666147,-0.4283037413546178,-0.3665695899548509,-0.43316800141343353,-0.29501989960975195,-0.3337551238090026,-0.22440855727700848,-0.43008903930081815,test
2024,50,2024-12-12,69.1715605520687,6.47778530923573,62.6937752428331,-0.4318743372470175,-0.3510168528728531,-0.45371689900491197,-0.43008903930081815,-0.3587932214138534,-0.44344245020917095,-0.3833545054654166,test
2024,51,2024-12-19,120.643081251078,8.91768352482748,111.725397726251,-0.3348346736838147,-0.34196876844038504,-0.2882156201825064,-0.3833545054654166,-0.3464928106566204,-0.37096625959370744,0.4277000471823329,test
2024,52,2024-12-26,929.566365351545,249.852388685319,679.713976666222,1.1902347680484815,0.5515101238646398,1.6289723375049447,0.4277000471823329,0.10477067771212606,0.6703783586612209,1.0832739132574147,test
2025,1,2025-01-02,816.098580134496,139.495769115609,676.602811018886,0.9763130584663491,0.14226517865846383,1.6184709127675398,1.0832739132574147,0.3468876512615505,1.623721625136244,0.6088274637415823,test
2025,2,2025-01-09,426.25711323485,31.4584566877643,394.798656547085,0.2413418690168162,-0.25837888036716555,0.6672695129296556,0.6088274637415823,-0.05805685085435219,1.1428702128485995,0.08101411484886259,test
2025,3,2025-01-16,256.175869869725,6.83102529531058,249.344844574414,-0.07931363931909015,-0.34970690264685406,0.17630489312308073,0.08101411484886259,-0.30404289150701114,0.42178720302636996,-0.034505125618625704,test
2025,4,2025-01-23,303.710295603243,35.0745903733965,268.635705229847,0.010303388081839636,-0.24496886076159094,0.24141924068803694,-0.034505125618625704,-0.2973378817042238,0.2088620669055606,0.04222760178923821,test
2025,5,2025-01-30,337.576608949842,42.0729682275578,295.503640722284,0.07415181549663769,-0.21901617416584757,0.33210923743085424,0.04222760178923821,-0.23199251746372057,0.28676423905944737,1.1379279417763966,test
2025,6,2025-02-06,1466.06722592851,682.537177039421,783.530048889098,2.201704068056156,2.156072343982902,1.979392981264304,1.1379279417763966,0.9685280849085259,1.155751109347581,2.070311407616654,test
2025,7,2025-02-13,1326.68133374423,508.662112186666,818.01922155756,1.938918747177153,1.5112764842888007,2.095807692690336,2.070311407616654,1.83367441413585,2.037600336977322,1.8292213990526571,test
2025,8,2025-02-20,1210.31058147057,461.972087001942,748.338494468638,1.7195240509281624,1.338131847629036,1.8606074513279023,1.8292213990526571,1.424704165958917,1.9782075720091208,1.5013462312285002,test
2025,9,2025-02-27,978.859981780028,282.472930540105,696.387051239922,1.2831684115288386,0.6724796852376653,1.685250613117421,1.5013462312285002,1.0053057664333493,1.7729290322226634,0.7739143923950432,test
2025,10,2025-03-06,438.62565234366,64.0830985956062,374.542553748054,0.26466037326124864,-0.137394114414707,0.5988970882086198,0.7739143923950432,0.2675427854114778,1.1420738506630221,0.018662688525104526,test
2025,11,2025-03-13,177.662774755817,7.89920634821346,169.763568407603,-0.2273349962110387,-0.3457456749636395,-0.0923136495404933,0.018662688525104526,-0.24156989468917459,0.253291719334065,0.26277853878102436,test
2025,12,2025-03-20,697.592214634349,217.926345176952,479.665869457393,0.7528920737730883,0.43311603045025804,0.9537302000402945,0.26277853878102436,0.043685177743307935,0.4307082752499024,0.18642550295930388,test
2025,13,2025-03-27,96.6648256817204,2.43238032334855,94.2324453583719,-0.38004106785447966,-0.36601877616700046,-0.34726131030305096,0.18642550295930388,0.03354862714162746,0.30323444486862355,-0.4441332888595433,test
2025,14,2025-04-03,28.6735742908091,0.0,28.6735742908091,-0.508225509864606,-0.37503898135297536,-0.5685486438703679,-0.4441332888595433,-0.37052887875998924,-0.45790497708670763,-0.2354902838558069,test
2025,15,2025-04-10,318.000563181651,30.6231323324482,287.377430849203,0.0372449421529931,-0.26147658552842945,0.30468003852092634,-0.2354902838558069,-0.31825778344070377,-0.13193430267471898,-0.21593035463564944,test
2025,16,2025-04-17,49.4234257383209,0.483617485269279,48.9398082530516,-0.4691056514242911,-0.37324554103166546,-0.500142022433365,-0.21593035463564944,-0.31736106328004876,-0.09773099195621757,-0.5103781942739946,test
2025,17,2025-04-24,5.64008054554581,0.00413949396997509,5.63594105157584,-0.551650737123697,-0.375023630511408,-0.6463098430520614,-0.5103781942739946,-0.3741345857715381,-0.5732259327427114,-0.5531252443742971,test
2025,18,2025-05-01,4.07587210369271,2.12626671354043,1.94960539015228,-0.5545997516248962,-0.3671539635980875,-0.6587526959546054,-0.5531252443742971,-0.37108879705474906,-0.6525312695033316,-0.5580204095758076,test
2025,19,2025-05-08,0.447119487297359,0.345590736729012,0.101528750568347,-0.5614410675267182,-0.3737573974963125,-0.6649906915933667,-0.5580204095758076,-0.37045568054720135,-0.6618716937739842,-0.5618625464730431,test
2025,20,2025-05-15,0.0,0.0,0.0,-0.5622840254193674,-0.37503898135297536,-0.6653333916143988,-0.5618625464730431,-0.37439818942464526,-0.6651620416038809,-0.5621458338692473,test
2025,21,2025-05-22,0.146598390210275,0.102105551107198,0.0444928391030772,-0.5620076423191264,-0.3746603345547041,-0.6651832105394713,-0.5621458338692473,-0.37484965795384106,-0.6652583010769333,-0.5621458338692473,test
