year,week_of_year,modis_snow_above_1200_zscore,modis_snow_1200_1800_zscore,modis_snow_above_1800_zscore,modis_snow_above_1200_smoothed_zscore,modis_snow_1200_1800_smoothed_zscore,modis_snow_above_1800_smoothed_zscore,target_modis_next_week,split,temp_1200_zscore,temp_1200_1800_zscore,temp_1800_zscore,temp_1200_smoothed_zscore,temp_1200_1800_smoothed_zscore,temp_1800_smoothed_zscore,precip_1200_zscore,precip_1200_1800_zscore,precip_1800_zscore,precip_1200_smoothed_zscore,precip_1200_1800_smoothed_zscore,precip_1800_smoothed_zscore
2000,8,1.202474193,0.767767892,1.454046111,1.202474193,0.767767892,1.454046111,1.459748056,train,-1.626155048,-1.61642751,-1.642756852,-1.626155048,-1.61642751,-1.642756852,0.35072851,0.365990215,0.320280317,0.35072851,0.365990215,0.320280317
2000,9,1.717021919,1.644546141,1.577227285,1.459748056,1.206157016,1.515636698,1.621968061,train,-1.514563548,-1.525385982,-1.494983477,-1.570359298,-1.570906746,-1.568870164,0.322988935,0.340069256,0.289003457,0.336858722,0.353029736,0.304641887
2000,10,1.526914203,1.337934024,1.515944607,1.621968061,1.491240082,1.546585946,1.115026047,train,-1.225424548,-1.240682172,-1.198124026,-1.369994048,-1.383034077,-1.346553752,-0.541221414,-0.533279499,-0.556119106,-0.109116239,-0.096605121,-0.133557825
2000,11,0.703137891,0.347667197,0.942427925,1.115026047,0.84280061,1.229186266,0.54384891,train,-0.878586148,-0.882539804,-0.871324552,-1.052005348,-1.061610988,-1.034724289,-0.321058527,-0.341554639,-0.280363542,-0.431139971,-0.437417069,-0.418241324
2000,12,0.384559929,0.020769033,0.669600464,0.54384891,0.184218115,0.806014195,0.240610825,train,-0.89340157,-0.893667296,-0.892634971,-0.885993859,-0.88810355,-0.881979762,0.092532234,0.101956998,0.073891486,-0.114263146,-0.119798821,-0.103236028
2000,13,0.096661721,-0.111799215,0.274820675,0.240610825,-0.045515091,0.472210569,0.066621299,train,-0.018278916,-0.014981617,-0.024084272,-0.455840243,-0.454324456,-0.458359621,-0.598083641,-0.597335559,-0.598771038,-0.252775703,-0.24768928,-0.262439776
2000,14,0.036580877,-0.242911364,0.286592922,0.066621299,-0.17735529,0.280706798,-0.171120625,train,-0.316646444,-0.316865908,-0.316153927,-0.16746268,-0.165923763,-0.170119099,0.502552766,0.517330621,0.472856679,-0.047765438,-0.040002469,-0.06295718
2000,15,-0.378822127,-0.357892626,-0.352475433,-0.171120625,-0.300401995,-0.032941256,-0.44775396,train,0.142593627,0.139316484,0.148321955,-0.087026408,-0.088774712,-0.083915986,-0.555667581,-0.560357189,-0.54572541,-0.026557408,-0.021513284,-0.036434365
2000,16,-0.516685794,-0.343670415,-0.612247571,-0.44775396,-0.35078152,-0.482361502,-0.515773188,train,-0.504033483,-0.492777829,-0.523703194,-0.180719928,-0.176730672,-0.187690619,0.260009733,0.242758709,0.293567796,-0.147828924,-0.15879924,-0.126078807
2000,17,-0.514860583,-0.375038981,-0.580427879,-0.515773188,-0.359354698,-0.596337725,-0.524405239,train,-0.024439449,-0.018280974,-0.035285542,-0.264236466,-0.255529402,-0.279494368,0.113526951,0.094686045,0.150400805,0.186768342,0.168722377,0.2219843
2000,18,-0.533949896,-0.375038981,-0.614604814,-0.524405239,-0.375038981,-0.597516347,-0.540351839,train,-0.109168143,-0.111649395,-0.104758516,-0.066803796,-0.064965185,-0.070022029,-0.360969075,-0.368250779,-0.346188194,-0.123721062,-0.136782367,-0.097893695
2000,19,-0.546753781,-0.375038981,-0.637528508,-0.540351839,-0.375038981,-0.626066661,-0.551228315,train,0.432642061,0.439669058,0.420112609,0.161736959,0.164009832,0.157677047,-0.536195422,-0.542891393,-0.522336228,-0.448582249,-0.455571086,-0.434262211
2000,20,-0.555702848,-0.374879907,-0.653695439,-0.551228315,-0.374959444,-0.645611973,-0.558307191,train,0.183094946,0.185124322,0.179457065,0.307868503,0.31239669,0.299784837,-0.423544603,-0.438929745,-0.392758578,-0.479870013,-0.490910569,-0.457547403
2000,21,-0.560911534,-0.375038981,-0.662876124,-0.558307191,-0.374959444,-0.658285781,-0.561562613,train,0.557257275,0.565568566,0.542422665,0.370176111,0.375346444,0.360939865,-0.649968043,-0.653039602,-0.643081952,-0.536756323,-0.545984673,-0.517920265
2000,22,-0.562213693,-0.375038981,-0.66520747,-0.561562613,-0.375038981,-0.664041797,-0.562248859,train,0.646764426,0.62254184,0.689240582,0.602010851,0.594055203,0.615831623,-0.688588288,-0.687792326,-0.689251346,-0.669278166,-0.670415964,-0.666166649
2000,23,-0.562284025,-0.375038981,-0.665333392,-0.562248859,-0.375038981,-0.665270431,-0.562284025,train,1.044743323,1.051064658,1.033253246,0.845753875,0.836803249,0.861246914,-0.689315995,-0.688553488,-0.689912362,-0.688952142,-0.688172907,-0.689581854
2000,24,-0.562284025,-0.375038981,-0.665333392,-0.562284025,-0.375038981,-0.665333392,-0.562284025,train,1.111713654,1.117612036,1.100946669,1.078228489,1.084338347,1.067099957,-0.688811168,-0.688083517,-0.689339701,-0.689063581,-0.688318503,-0.689626032
2000,25,-0.562284025,-0.375038981,-0.665333392,-0.562284025,-0.375038981,-0.665333392,-0.562284025,train,1.098777966,1.106270821,1.085205055,1.10524581,1.111941428,1.093075862,-0.673174038,-0.672804544,-0.673019256,-0.680992603,-0.68044403,-0.681179479
2000,26,-0.562284025,-0.375038981,-0.665333392,-0.562284025,-0.375038981,-0.665333392,-0.562284025,train,1.529232791,1.529491131,1.528266936,1.314005378,1.317880976,1.306735995,-0.689148173,-0.68839063,-0.689735004,-0.681161106,-0.680597587,-0.68137713
2000,27,-0.562284025,-0.375038981,-0.665333392,-0.562284025,-0.375038981,-0.665333392,-0.562284025,train,1.680932896,1.700234627,1.646352604,1.605082844,1.614862879,1.58730977,-0.688988591,-0.688162033,-0.689711246,-0.689068382,-0.688276332,-0.689723125
2000,28,-0.562284025,-0.375038981,-0.665333392,-0.562284025,-0.375038981,-0.665333392,-0.562284025,train,1.430292327,1.418902822,1.449888718,1.555612612,1.559568724,1.548120661,-0.689247376,-0.688484911,-0.68984375,-0.689117983,-0.688323472,-0.689777498
2000,29,-0.562284025,-0.375038981,-0.665333392,-0.562284025,-0.375038981,-0.665333392,-0.562284025,train,1.443953393,1.42348443,1.479547685,1.43712286,1.421193626,1.464718201,-0.685624444,-0.684660751,-0.686620971,-0.68743591,-0.686572831,-0.688232361
2000,30,-0.562284025,-0.375038981,-0.665333392,-0.562284025,-0.375038981,-0.665333392,-0.562284025,train,1.836970855,1.834555462,1.840614691,1.640462124,1.629019946,1.660081188,-0.685737592,-0.686046179,-0.684233939,-0.685681018,-0.685353465,-0.685427455
2000,31,-0.562284025,-0.375038981,-0.665333392,-0.562284025,-0.375038981,-0.665333392,-0.562284025,train,1.214749237,1.219690701,1.205634412,1.525860046,1.527123081,1.523124551,-0.647481989,-0.648342572,-0.644943721,-0.66660979,-0.667194376,-0.66458883
2000,32,-0.562284025,-0.375038981,-0.665333392,-0.562284025,-0.375038981,-0.665333392,-0.562284025,train,1.410835887,1.400878514,1.427914654,1.312792562,1.310284608,1.316774533,-0.685942971,-0.684697892,-0.687492003,-0.66671248,-0.666520232,-0.666217862
2000,33,-0.562284025,-0.375038981,-0.665333392,-0.562284025,-0.375038981,-0.665333392,-0.562006696,train,1.373087731,1.374528567,1.370089867,1.391961809,1.387703541,1.39900226,-0.672265391,-0.670712653,-0.674436873,-0.679104181,-0.677705273,-0.680964438
2000,34,-0.561729367,-0.374095165,-0.665199416,-0.562006696,-0.374567073,-0.665266404,-0.562001157,train,0.983612073,0.984106058,0.982413051,1.178349902,1.179317312,1.176251459,-0.607982778,-0.612373077,-0.598560298,-0.640124085,-0.641542865,-0.636498586
2000,35,-0.562272946,-0.375017188,-0.665333392,-0.562001157,-0.374556177,-0.665266404,-0.562225966,train,0.913836805,0.917657229,0.90679826,0.948724439,0.950881644,0.944605656,-0.668815326,-0.668494691,-0.668570239,-0.638399052,-0.640433884,-0.633565268
2000,36,-0.562178987,-0.374909309,-0.665263362,-0.562225966,-0.374963249,-0.665298377,-0.562224398,train,0.88333914,0.871162785,0.904504947,0.898587972,0.894410007,0.905651604,-0.682800651,-0.680991131,-0.685462923,-0.675807988,-0.674742911,-0.677016581
2000,37,-0.562269809,-0.375011018,-0.665333392,-0.562224398,-0.374960164,-0.665298377,-0.562276917,train,0.837216213,0.834419213,0.841866397,0.860277677,0.852790999,0.873185672,-0.485930259,-0.490928999,-0.475471896,-0.584365455,-0.585960065,-0.580467409
2000,38,-0.562284025,-0.375038981,-0.665333392,-0.562276917,-0.375025,-0.665333392,-0.56224023,train,0.858428939,0.873854434,0.830955065,0.847822576,0.854136824,0.836410731,-0.667462258,-0.667466966,-0.666579641,-0.576696258,-0.579197982,-0.571025768
2000,39,-0.562196434,-0.374988981,-0.665222081,-0.56224023,-0.375013981,-0.665277736,-0.56224023,train,0.191736027,0.200596791,0.176055006,0.525082483,0.537225613,0.503505035,0.12186354,0.12084668,0.123702215,-0.272799359,-0.273310143,-0.271438713
2000,40,-0.562284025,-0.375038981,-0.665333392,-0.56224023,-0.375013981,-0.665277736,-0.560511221,train,0.479544396,0.500750965,0.442007924,0.335640212,0.350673878,0.309031465,-0.377241742,-0.390892116,-0.349925124,-0.127689101,-0.135022718,-0.113111455
2000,41,-0.558738417,-0.371909877,-0.661833573,-0.560511221,-0.373474429,-0.663583482,-0.539328303,train,0.039355178,0.047298821,0.025341445,0.259449787,0.274024893,0.233674685,0.765157747,0.724880598,0.843301194,0.193958003,0.166994241,0.246688035
2000,42,-0.519918189,-0.343177348,-0.618483548,-0.539328303,-0.357543612,-0.64015856,-0.522598787,train,-0.375026984,-0.373945971,-0.376807057,-0.167835903,-0.163323575,-0.175732806,1.182962856,1.227422429,1.094051849,0.974060301,0.976151514,0.968676521
2000,43,-0.525279384,-0.373828068,-0.600183571,-0.522598787,-0.358502708,-0.60933356,-0.538858082,train,-0.560153102,-0.552543153,-0.573378556,-0.467590043,-0.463244562,-0.475092807,-0.386018448,-0.391450161,-0.374840025,0.398472204,0.417986134,0.359605912
2000,44,-0.552436781,-0.375038981,-0.64770318,-0.538858082,-0.374433524,-0.623943375,-0.556208193,train,-0.450405929,-0.451055723,-0.449110306,-0.505279515,-0.501799438,-0.511244431,-0.689004197,-0.688274611,-0.689536281,-0.537511322,-0.539862386,-0.532188153
2000,45,-0.559979606,-0.374966412,-0.66127368,-0.556208193,-0.375002697,-0.65448843,-0.560222866,train,-0.300309408,-0.300634302,-0.299636528,-0.375357669,-0.375845012,-0.374373417,-0.689182958,-0.688422796,-0.689774891,-0.689093578,-0.688348703,-0.689655586
2000,46,-0.560466127,-0.374921988,-0.662185169,-0.560222866,-0.3749442,-0.661729425,-0.552843147,train,-0.751200604,-0.734922444,-0.779639917,-0.525755006,-0.517778373,-0.539638223,-0.23682636,-0.255892276,-0.199051928,-0.463004659,-0.472157536,-0.444413409
2000,47,-0.545220167,-0.368623443,-0.640622238,-0.552843147,-0.371772716,-0.651403704,-0.35607701,train,-0.886915734,-0.874164023,-0.909094408,-0.819058169,-0.804543234,-0.844367163,0.276366969,0.240432281,0.346617052,0.019770304,-0.007729998,0.073782562
2000,48,-0.166933852,-0.373657054,0.041231882,-0.35607701,-0.371140248,-0.299695178,-0.226059917,train,-0.930165611,-0.931129281,-0.928156617,-0.908540673,-0.902646652,-0.918625512,0.318730261,0.269614694,0.414825355,0.297548615,0.255023487,0.380721203
2000,49,-0.285185982,-0.3010949,-0.236529769,-0.226059917,-0.337375977,-0.097648944,0.169511508,train,-1.148421065,-1.141218612,-1.160731921,-1.039293338,-1.036173947,-1.044444269,1.679864747,1.709456372,1.619519087,0.999297504,0.989535533,1.017172221
2000,50,0.624208999,-0.053578333,1.166332475,0.169511508,-0.177336617,0.464901353,1.200997052,train,-1.09574272,-1.100183952,-1.08754928,-1.122081893,-1.120701282,-1.124140601,0.112998373,0.124767013,0.089725124,0.89643156,0.917111693,0.854622106
2000,51,1.777785105,1.27335041,2.023880814,1.200997052,0.609886039,1.595106644,1.331993438,train,-1.407563147,-1.421192066,-1.383072394,-1.251652933,-1.260688009,-1.235310837,1.429814117,1.445827012,1.396477867,0.771406245,0.785297012,0.743101496
2000,52,0.88620177,0.159599208,1.441360806,1.331993438,0.716474809,1.73262081,0.599230697,train,-1.07255136,-1.082937209,-1.05388833,-1.240057253,-1.252064637,-1.218480362,-0.08864333,-0.087070033,-0.091618871,0.670585394,0.67937849,0.652429498
2001,1,0.312259624,-0.238199963,0.775871548,0.599230697,-0.039300378,1.108616177,0.169672222,train,-1.066584262,-1.080342672,-1.041979118,-1.069567811,-1.08163994,-1.047933724,-0.144432159,-0.141996192,-0.149029849,-0.116537744,-0.114533112,-0.12032436
2001,2,0.02708482,-0.290860592,0.313235188,0.169672222,-0.264530278,0.544553368,0.202378492,train,-1.000429235,-1.019163453,-0.967076364,-1.033506749,-1.049753063,-1.004527741,-0.61120362,-0.605734751,-0.621150204,-0.37781789,-0.373865471,-0.385090026
2001,3,0.377672164,-0.116648536,0.782347245,0.202378492,-0.203754564,0.547791216,1.179701361,train,-1.432247894,-1.427580951,-1.439995182,-1.216338564,-1.223372202,-1.203535773,1.211384729,1.219048573,1.194740184,0.300090554,0.306656911,0.28679499
2001,4,1.981730558,1.262479207,2.398913692,1.179701361,0.572915335,1.590630468,1.821734416,train,-1.572453426,-1.591230126,-1.538834709,-1.50235066,-1.509405538,-1.489414946,0.53041434,0.521300734,0.547628546,0.870899534,0.870174654,0.871184365
2001,5,1.661738274,0.866400064,2.186523082,1.821734416,1.064439635,2.292718387,1.773165885,train,-1.321781428,-1.322451488,-1.320159177,-1.447117427,-1.456840807,-1.429496943,1.052301368,1.067234266,1.021581284,0.791357854,0.7942675,0.784604915
2001,6,1.884593496,1.026771901,2.439544836,1.773165885,0.946585982,2.313033959,1.167796639,train,-1.24453328,-1.243013361,-1.246796636,-1.283157354,-1.282732425,-1.283477907,0.472028149,0.514061974,0.38881399,0.762164758,0.79064812,0.705197637
2001,7,0.450999783,0.063089924,0.75003162,1.167796639,0.544930912,1.594788228,1.229706907,train,-1.481293679,-1.47231606,-1.496622118,-1.362913479,-1.35766471,-1.371709377,2.380684152,2.345552597,2.446602606,1.426356151,1.429807286,1.417708298
2001,8,2.008414031,1.132029674,2.565423055,1.229706907,0.597559799,1.657727338,1.435586105,train,-1.157652147,-1.154144058,-1.163448641,-1.319472913,-1.313230059,-1.33003538,0.273816312,0.284291917,0.25287345,1.327250232,1.314922257,1.349738028
2001,9,0.86275818,0.019082764,1.52728715,1.435586105,0.575556219,2.046355103,0.539649659,train,-0.501202811,-0.512269638,-0.481530307,-0.829427479,-0.833206848,-0.822489474,-0.582938917,-0.582298846,-0.583433889,-0.154561303,-0.149003464,-0.16528022
2001,10,0.216541137,-0.248739115,0.614092843,0.539649659,-0.114828175,1.070689997,0.054538313,train,-0.611011359,-0.60393762,-0.623274772,-0.556107085,-0.558103629,-0.55240254,0.796355129,0.755137652,0.8763055,0.106708106,0.086419403,0.146435805
2001,11,-0.107464512,-0.353040896,0.128939038,0.054538313,-0.300890005,0.37151594,-0.136603376,train,-0.448255439,-0.440890669,-0.461086126,-0.529633399,-0.522414144,-0.542180449,-0.560559231,-0.561376112,-0.558220576,0.117897949,0.09688077,0.159042462
2001,12,-0.165742239,-0.370953996,0.040904968,-0.136603376,-0.361997446,0.084922003,-0.278591833,train,-0.260621077,-0.256783677,-0.26729745,-0.354438258,-0.348837173,-0.364191788,-0.177659641,-0.147935061,-0.235836011,-0.369109436,-0.354655586,-0.397028293
2001,13,-0.391441426,-0.364801167,-0.368780448,-0.278591833,-0.367877581,-0.16393774,-0.434701703,train,0.20656172,0.210724158,0.199156502,-0.027029679,-0.02302976,-0.034070474,0.480075867,0.467091918,0.504961169,0.151208113,0.159578429,0.134562579
2001,14,-0.47796198,-0.374904858,-0.514487806,-0.434701703,-0.369853012,-0.441634127,-0.49349416,train,-0.615418968,-0.614212652,-0.617339632,-0.204428624,-0.201744247,-0.209091565,0.283250485,0.291466531,0.266735313,0.381663176,0.379279225,0.385848241
2001,15,-0.50902634,-0.375038981,-0.569982425,-0.49349416,-0.37497192,-0.542235116,-0.518766067,train,-0.363593745,-0.367907546,-0.355869326,-0.489506357,-0.491060099,-0.486604479,-0.361625382,-0.358238161,-0.367808094,-0.039187449,-0.033385815,-0.05053639
2001,16,-0.528505794,-0.375038981,-0.604857858,-0.518766067,-0.375038981,-0.587420142,-0.532698979,train,0.014219001,0.012624994,0.017023677,-0.174687372,-0.177641276,-0.169422824,-0.489151814,-0.492372963,-0.482182204,-0.425388598,-0.425305562,-0.424995149
2001,17,-0.536892164,-0.368117168,-0.626172847,-0.532698979,-0.371578074,-0.615515353,-0.544169314,train,0.175287412,0.187602981,0.15352282,0.094753207,0.100113987,0.085273249,1.457583475,1.425126444,1.51945435,0.48421583,0.46637674,0.518636073
2001,18,-0.551446464,-0.373658102,-0.647187032,-0.544169314,-0.370887635,-0.63667994,-0.543494417,train,-0.278567605,-0.269516284,-0.294427472,-0.051640096,-0.040956652,-0.070452326,0.504120454,0.515359354,0.481376368,0.980851964,0.970242899,1.000415359
2001,19,-0.535542369,-0.373118292,-0.619204156,-0.543494417,-0.373388197,-0.633195594,-0.548372622,train,-0.213616769,-0.211851542,-0.216656647,-0.246092187,-0.240683913,-0.25554206,0.270782707,0.258993801,0.293593606,0.38745158,0.387176577,0.387484987
2001,20,-0.561202875,-0.375038981,-0.663397731,-0.548372622,-0.374078637,-0.641300944,-0.56173439,train,0.548974482,0.555798104,0.536764638,0.167678857,0.171973281,0.160053995,-0.678699388,-0.679023948,-0.677173558,-0.203958341,-0.210015074,-0.191789976
2001,21,-0.562265906,-0.375018624,-0.66531948,-0.56173439,-0.375028803,-0.664358606,-0.562274966,train,0.880157768,0.903073486,0.839475195,0.714566125,0.729435795,0.688119917,-0.648555071,-0.651499451,-0.641920734,-0.663627229,-0.6652617,-0.659547146
2001,22,-0.562284025,-0.375038981,-0.665333392,-0.562274966,-0.375028803,-0.665326436,-0.562284025,train,0.976835913,0.977203529,0.975861877,0.92849684,0.940138507,0.907668536,-0.6879309,-0.687297279,-0.688275819,-0.668242986,-0.669398365,-0.665098276
2001,23,-0.562284025,-0.375038981,-0.665333392,-0.562284025,-0.375038981,-0.665333392,-0.562284025,train,0.92775992,0.932281075,0.919481696,0.952297916,0.954742302,0.947671786,-0.688366085,-0.687666149,-0.688840742,-0.688148493,-0.687481714,-0.688558281
2001,24,-0.562284025,-0.375038981,-0.665333392,-0.562284025,-0.375038981,-0.665333392,-0.562284025,train,1.039612497,1.050112141,1.020759902,0.983686209,0.991196608,0.970120799,-0.688565755,-0.687711596,-0.6893432,-0.68846592,-0.687688873,-0.689091971
2001,25,-0.562284025,-0.375038981,-0.665333392,-0.562284025,-0.375038981,-0.665333392,-0.562284025,train,0.970889108,0.958012422,0.993260013,1.005250802,1.004062282,1.007009957,-0.688606813,-0.687897733,-0.689099123,-0.688586284,-0.687804665,-0.689221161
2001,26,-0.562284025,-0.375038981,-0.665333392,-0.562284025,-0.375038981,-0.665333392,-0.562284025,train,1.042655007,1.041512164,1.044321169,1.006772058,0.999762293,1.018790591,-0.685669696,-0.685319571,-0.685460501,-0.687138254,-0.686608652,-0.687279812
2001,27,-0.562284025,-0.375038981,-0.665333392,-0.562284025,-0.375038981,-0.665333392,-0.562284025,train,1.088491533,1.096367505,1.074246817,1.06557327,1.068939835,1.059283993,-0.689410008,-0.68864459,-0.690011972,-0.687539852,-0.68698208,-0.687736236
2001,28,-0.562284025,-0.375038981,-0.665333392,-0.562284025,-0.375038981,-0.665333392,-0.562278481,train,1.291676845,1.302057616,1.272949609,1.190084189,1.199212561,1.173598213,-0.669127457,-0.670065585,-0.666408491,-0.679268733,-0.679355088,-0.678210231
2001,29,-0.562272936,-0.375017168,-0.665333392,-0.562278481,-0.375028075,-0.665333392,-0.562278481,train,1.489183695,1.490305607,1.486709172,1.39043027,1.396181612,1.37982939,-0.673728576,-0.674097273,-0.67212252,-0.671428017,-0.672081429,-0.669265505
2001,30,-0.562284025,-0.375038981,-0.665333392,-0.562278481,-0.375028075,-0.665333392,-0.562284025,train,1.567884177,1.553024936,1.593550012,1.528533936,1.521665272,1.540129592,-0.689128305,-0.688357473,-0.689741275,-0.68142844,-0.681227373,-0.680931898
2001,31,-0.562284025,-0.375038981,-0.665333392,-0.562284025,-0.375038981,-0.665333392,-0.562284025,train,1.435869926,1.406391223,1.487346496,1.501877052,1.47970808,1.540448254,-0.685092552,-0.684141566,-0.686064806,-0.687110428,-0.686249519,-0.687903041
2001,32,-0.562284025,-0.375038981,-0.665333392,-0.562284025,-0.375038981,-0.665333392,-0.562181407,train,1.491547188,1.492403013,1.489540853,1.463708557,1.449397118,1.488443675,-0.689499155,-0.688678883,-0.69020879,-0.687295853,-0.686410224,-0.688136798
2001,33,-0.562078789,-0.374765209,-0.665215132,-0.562181407,-0.374902095,-0.665274262,-0.562149413,train,1.125778346,1.108684328,1.155530551,1.308662767,1.300543671,1.322535702,-0.505991201,-0.506498348,-0.504332574,-0.597745178,-0.597588615,-0.597270682
2001,34,-0.562220036,-0.374937205,-0.665311465,-0.562149413,-0.374851207,-0.665263299,-0.56223196,train,1.167071812,1.159189553,1.180574594,1.146425079,1.13393694,1.168052572,-0.649701817,-0.650859659,-0.64657653,-0.577846509,-0.578679003,-0.575454552
2001,35,-0.562243884,-0.374986344,-0.665309435,-0.56223196,-0.374961774,-0.66531045,-0.562256158,train,1.114338644,1.121844495,1.100737634,1.140705228,1.140517024,1.140656114,-0.67233615,-0.672606632,-0.670924909,-0.661018983,-0.661733145,-0.658750719
2001,36,-0.562268432,-0.375038981,-0.665305473,-0.562256158,-0.375012663,-0.665307454,-0.56226976,train,0.786403695,0.774731567,0.806713171,0.95037117,0.948288031,0.953725402,-0.655644031,-0.652802577,-0.660369589,-0.66399009,-0.662704605,-0.665647249
2001,37,-0.562271089,-0.375013536,-0.665333392,-0.56226976,-0.375026259,-0.665319432,-0.562277557,train,0.865767993,0.849577731,0.89401414,0.826085844,0.812154649,0.850363655,-0.634942294,-0.632688922,-0.638539359,-0.645293163,-0.64274575,-0.649454474
2001,38,-0.562284025,-0.375038981,-0.665333392,-0.562277557,-0.375026259,-0.665333392,-0.561352358,train,1.07029889,1.080837298,1.051367727,0.968033441,0.965207515,0.972690934,-0.465467347,-0.46418754,-0.467373112,-0.550204821,-0.548438231,-0.552956236
2001,39,-0.56042069,-0.373608429,-0.663299431,-0.561352358,-0.374323705,-0.664316411,-0.561349573,train,0.535850831,0.540185023,0.528032964,0.80307486,0.810511161,0.789700346,-0.568008376,-0.568036408,-0.567210064,-0.516737862,-0.516111974,-0.517291588
2001,40,-0.562278456,-0.375028026,-0.665333392,-0.561349573,-0.374318228,-0.664316411,-0.562081297,train,0.66746548,0.675593788,0.652916583,0.601658155,0.607889406,0.590474773,-0.479442651,-0.47307112,-0.491335374,-0.523725514,-0.520553764,-0.529272719
2001,41,-0.561884138,-0.374378337,-0.665218769,-0.562081297,-0.374703181,-0.66527608,-0.561272985,train,0.531724012,0.540159204,0.516679551,0.599594746,0.607876496,0.584798067,-0.105672855,-0.093070185,-0.130298846,-0.292557753,-0.283070652,-0.31081711
2001,42,-0.560661832,-0.372602905,-0.664646398,-0.561272985,-0.373490621,-0.664932583,-0.47999445,train,-0.00303563,0.009930132,-0.025886647,0.264344191,0.275044668,0.245396452,-0.356481446,-0.363031617,-0.343143901,-0.231077151,-0.228050901,-0.236721373
2001,43,-0.399327068,-0.283760165,-0.456662748,-0.47999445,-0.328181535,-0.560654573,-0.449800511,train,-0.361691014,-0.353977899,-0.375164557,-0.182363322,-0.172023884,-0.200525602,0.803955441,0.849582258,0.713246726,0.223736998,0.243275321,0.185051413
2001,44,-0.500273955,-0.374222823,-0.555055291,-0.449800511,-0.328991494,-0.50585902,-0.51782395,train,-0.310643638,-0.307159212,-0.316681197,-0.336167326,-0.330568556,-0.345922877,0.02376086,0.063425718,-0.054211726,0.413858151,0.456503988,0.3295175
2001,45,-0.535373945,-0.374198047,-0.617919814,-0.51782395,-0.374210435,-0.586487552,-0.432929116,train,-0.349393067,-0.354371865,-0.340501339,-0.330018353,-0.330765539,-0.328591268,-0.556903421,-0.557548929,-0.554906296,-0.266571281,-0.247061606,-0.304559011
2001,46,-0.330484286,-0.353046467,-0.270343818,-0.432929116,-0.363622257,-0.444131816,-0.316247132,train,-0.808232163,-0.820711788,-0.785967115,-0.578812615,-0.587541827,-0.563234227,0.777319651,0.798686975,0.734315723,0.110208115,0.120569023,0.089704713
2001,47,-0.302009979,-0.372349224,-0.201794767,-0.316247132,-0.362697845,-0.236069293,-0.143485084,train,-0.995231975,-1.000147802,-0.98623562,-0.901732069,-0.910429795,-0.886101368,0.488596144,0.502110828,0.461400453,0.632957898,0.650398901,0.597858088
2001,48,0.01503981,-0.218164035,0.22550125,-0.143485084,-0.295256629,0.011853241,0.038915808,train,-1.034534015,-1.028442031,-1.0449257,-1.014882995,-1.014294917,-1.01558066,1.394542583,1.361313217,1.458013586,0.941569364,0.931712023,0.959707019
2001,49,0.062791805,-0.354645282,0.435221173,0.038915808,-0.286404659,0.330361211,0.189402808,train,-1.10250755,-1.097403736,-1.111134901,-1.068520782,-1.062922884,-1.078030301,0.330983717,0.314856603,0.362240427,0.86276315,0.83808491,0.910127006
2001,50,0.31601381,-0.363872724,0.896981152,0.189402808,-0.359259003,0.666101163,1.04539911,train,-1.156126119,-1.156094366,-1.155796112,-1.129316834,-1.126749051,-1.133465506,1.297820446,1.320074609,1.252392807,0.814402081,0.817465606,0.807316617
2001,51,1.774784409,1.284240554,2.008596172,1.04539911,0.460183915,1.452788662,0.865374449,train,-1.36849773,-1.385993078,-1.337205475,-1.262311924,-1.271043722,-1.246500793,-0.174818208,-0.172402723,-0.179335892,0.561501119,0.573835943,0.536528458
2001,52,-0.04403551,-0.347234809,0.237215682,0.865374449,0.468502873,1.122905927,0.144429219,train,-1.040434002,-1.049751645,-1.023664398,-1.204465866,-1.217872361,-1.180434936,0.54751772,0.546081975,0.549622542,0.186349756,0.186839626,0.185143325
2002,1,0.332893949,0.615080763,0.036152565,0.144429219,0.133922977,0.136684123,2.34166789,train,-1.898181882,-1.891404076,-1.909493996,-1.469307942,-1.47057786,-1.466579197,3.16191291,3.173300486,3.135398986,1.854715315,1.859691231,1.842510764
2002,2,4.35044183,5.72195103,2.580741124,2.34166789,3.168515896,1.308446844,4.236847327,train,-2.085800309,-2.110828695,-2.040991674,-1.991991095,-2.001116385,-1.975242835,-0.582434378,-0.583919765,-0.578753482,1.289739266,1.294690361,1.278322752
2002,3,4.123252824,5.225885792,2.625510763,4.236847327,5.473918411,2.603125943,3.757946421,train,-1.754849307,-1.764614534,-1.737052332,-1.920324808,-1.937721615,-1.889022003,1.383497222,1.402317027,1.344705993,0.400531422,0.409198631,0.382976256
2002,4,3.392640019,3.852585269,2.567431171,3.757946421,4.53923553,2.596470967,2.859688491,train,-1.586609046,-1.605001569,-1.553662712,-1.670729177,-1.684808052,-1.645357522,0.475397271,0.451458369,0.521815192,0.929447247,0.926887698,0.933260593
2002,5,2.326736964,1.841764208,2.489333588,2.859688491,2.847174738,2.52838238,1.758470621,train,-1.03591746,-1.059397469,-0.994188328,-1.311263253,-1.332199519,-1.27392552,-0.689057507,-0.688304442,-0.689635659,-0.106830118,-0.118423037,-0.083910233
2002,6,1.190204279,0.343258741,1.818469609,1.758470621,1.092511475,2.153901599,0.997744234,train,-0.947543106,-0.946182384,-0.949625029,-0.991730283,-1.002789927,-0.971906678,1.518787123,1.519223183,1.515942952,0.414864808,0.415459371,0.413153647
2002,7,0.805284189,-0.036900441,1.47534374,0.997744234,0.15317915,1.646906675,0.673429023,train,-1.113845152,-1.132504956,-1.080585569,-1.030694129,-1.03934367,-1.015105299,-0.473684776,-0.483131283,-0.454502567,0.522551174,0.51804595,0.530720193
2002,8,0.541573857,-0.194587657,1.146732659,0.673429023,-0.115744049,1.311038199,0.417784057,train,-1.054194202,-1.056703482,-1.049419679,-1.084019677,-1.094604219,-1.065002624,1.306444963,1.376251759,1.167565059,0.416380094,0.446560238,0.356531246
2002,9,0.293994258,-0.308470224,0.807130264,0.417784057,-0.251528941,0.976931461,0.100317931,train,-0.610867325,-0.626598394,-0.582937528,-0.832530764,-0.841650938,-0.816178604,-0.689250759,-0.688491093,-0.689841627,0.308597102,0.343880333,0.238861716
2002,10,-0.093358396,-0.364085099,0.164246716,0.100317931,-0.336277662,0.48568849,-0.256459524,train,-0.244821548,-0.249941165,-0.235716539,-0.427844437,-0.43826978,-0.409327034,-0.613176752,-0.616948037,-0.604963838,-0.651213755,-0.652719565,-0.647402733
2002,11,-0.419560651,-0.368709893,-0.415566515,-0.256459524,-0.366397496,-0.125659899,-0.490922338,train,-0.802247845,-0.795835708,-0.813281347,-0.523534697,-0.522888436,-0.524498943,2.000441913,2.006832587,1.98526668,0.693632581,0.694942275,0.690151421
2002,12,-0.562284025,-0.375038981,-0.665333392,-0.490922338,-0.371874437,-0.540449954,-0.300224377,train,-0.948067487,-0.936053804,-0.968924979,-0.875157666,-0.865944756,-0.891103163,2.840874623,2.882019174,2.756308282,2.420658268,2.444425881,2.370787481
2002,13,-0.038164729,0.18472105,-0.236463374,-0.300224377,-0.095158966,-0.450898383,-0.075398714,train,-1.18534692,-1.17785128,-1.198162189,-1.066707204,-1.056952542,-1.083543584,1.739898563,1.743067612,1.731394743,2.290386593,2.312543393,2.243851513
2002,14,-0.112632699,-0.344027152,0.111481698,-0.075398714,-0.079653051,-0.062490838,-0.226908759,train,-0.497527244,-0.504022886,-0.485912638,-0.841437082,-0.840937083,-0.842037414,-0.176741107,-0.168672004,-0.192365641,0.781578728,0.787197804,0.769514551
2002,15,-0.341184819,-0.374857281,-0.269649377,-0.226908759,-0.359442217,-0.079083839,-0.343043094,train,0.053629994,0.070011195,0.024740379,-0.221948625,-0.217005846,-0.230586129,-0.276246625,-0.302821577,-0.223665347,-0.226493866,-0.23574679,-0.208015494
2002,16,-0.34490137,-0.360859044,-0.289044671,-0.343043094,-0.367858163,-0.279347024,-0.40014009,train,-0.649197677,-0.645149883,-0.65611514,-0.297783841,-0.287569344,-0.315687381,0.457266684,0.474926482,0.421966831,0.090510029,0.086052453,0.099150742
2002,17,-0.455378809,-0.375038981,-0.473933493,-0.40014009,-0.367949013,-0.381489082,-0.478392438,train,-0.412378856,-0.424173511,-0.391453215,-0.530788266,-0.534661697,-0.523784178,-0.639328936,-0.638782234,-0.639566653,-0.091031126,-0.081927876,-0.108799911
2002,18,-0.501406066,-0.374886778,-0.556477853,-0.478392438,-0.374962879,-0.515205673,-0.508441859,train,-0.115241748,-0.111473421,-0.121844914,-0.263810302,-0.267823466,-0.256649065,-0.413916303,-0.423495921,-0.394550738,-0.52662262,-0.531139078,-0.517058696
2002,19,-0.515477651,-0.365153875,-0.590530153,-0.508441859,-0.370020326,-0.573504003,-0.528825908,train,0.024760168,0.03994823,-0.002016913,-0.04524079,-0.035762596,-0.061930914,0.701431126,0.678221348,0.746120553,0.143757411,0.127362713,0.175784907
2002,20,-0.542174164,-0.375038981,-0.629329298,-0.528825908,-0.370096428,-0.609929726,-0.547351418,train,0.173257838,0.175937952,0.168476319,0.099009003,0.107943091,0.083229703,-0.465307741,-0.463497984,-0.468255066,0.118061692,0.107361682,0.138932743
2002,21,-0.552528672,-0.375038981,-0.647867698,-0.547351418,-0.375038981,-0.638598498,-0.55574126,train,0.476218723,0.46452556,0.496668826,0.324738281,0.320231756,0.332572573,-0.613227096,-0.613985919,-0.610933609,-0.539267418,-0.538741951,-0.539594337
2002,22,-0.558953848,-0.375038981,-0.659371142,-0.55574126,-0.375038981,-0.65361942,-0.560567583,train,0.375489407,0.370734113,0.383745209,0.425854065,0.417629837,0.440207018,-0.586418286,-0.591579177,-0.575509808,-0.599822691,-0.602782548,-0.593221708
2002,23,-0.562181318,-0.375038981,-0.665149508,-0.560567583,-0.375038981,-0.662260325,-0.562207994,train,1.077762971,1.082667231,1.06875945,0.726626189,0.726700672,0.72625233,-0.689208326,-0.688405017,-0.689885009,-0.637813306,-0.639992097,-0.632697408
2002,24,-0.562234669,-0.375038981,-0.665245025,-0.562207994,-0.375038981,-0.665197267,-0.562259347,train,0.822767917,0.81746538,0.831838907,0.950265444,0.950066305,0.950299178,-0.629761993,-0.630927925,-0.626646899,-0.659485159,-0.659666471,-0.658265954
2002,25,-0.562284025,-0.375038981,-0.665333392,-0.562259347,-0.375038981,-0.665289208,-0.562284025,train,0.855794172,0.850635272,0.864600979,0.839281044,0.834050326,0.848219943,-0.676859477,-0.67595606,-0.677749032,-0.653310735,-0.653441992,-0.652197965
2002,26,-0.562284025,-0.375038981,-0.665333392,-0.562284025,-0.375038981,-0.665333392,-0.562284025,train,1.078342031,1.080673797,1.073872312,0.967068102,0.965654535,0.969236645,-0.666223098,-0.667290735,-0.663253445,-0.671541287,-0.671623397,-0.670501238
2002,27,-0.562284025,-0.375038981,-0.665333392,-0.562284025,-0.375038981,-0.665333392,-0.561729476,train,1.221292671,1.230210299,1.20516771,1.149817351,1.155442048,1.139520011,-0.689475996,-0.688705948,-0.690086972,-0.677849547,-0.677998342,-0.676670209
2002,28,-0.561174926,-0.373692818,-0.664572981,-0.561729476,-0.3743659,-0.664953186,-0.560850677,train,1.092806187,1.091251181,1.095182038,1.157049429,1.16073074,1.150174874,-0.569830934,-0.570037687,-0.568679047,-0.629653465,-0.629371817,-0.62938301
2002,29,-0.560526428,-0.372826205,-0.664200725,-0.560850677,-0.373259512,-0.664386853,-0.561405227,train,1.356352771,1.341530693,1.382023724,1.224579479,1.216390937,1.238602881,-0.635614614,-0.635427913,-0.635149788,-0.602722774,-0.6027328,-0.601914417
2002,30,-0.562284025,-0.375038981,-0.665333392,-0.561405227,-0.373932593,-0.664767059,-0.562284025,train,1.424823396,1.448102911,1.383317798,1.390588083,1.394816802,1.382670761,-0.689353139,-0.688589977,-0.689950744,-0.662483877,-0.662008945,-0.662550266
2002,31,-0.562284025,-0.375038981,-0.665333392,-0.562284025,-0.375038981,-0.665333392,-0.562284025,train,1.329137279,1.340914246,1.307936757,1.376980338,1.394508578,1.345627278,-0.637762958,-0.636179364,-0.640040218,-0.663558049,-0.66238467,-0.664995481
2002,32,-0.562284025,-0.375038981,-0.665333392,-0.562284025,-0.375038981,-0.665333392,-0.561875779,train,1.347143219,1.343338213,1.353399764,1.338140249,1.342126229,1.330668261,-0.688060845,-0.687065806,-0.689115779,-0.662911901,-0.661622585,-0.664577998
2002,33,-0.561467533,-0.373685561,-0.665103461,-0.561875779,-0.374362271,-0.665218426,-0.561875779,train,0.852917377,0.839711559,0.87590776,1.100030298,1.091524886,1.114653762,-0.652376002,-0.650688817,-0.654837697,-0.670218424,-0.668877312,-0.671976738
2002,34,-0.562284025,-0.375038981,-0.665333392,-0.561875779,-0.374362271,-0.665218426,-0.562179463,train,0.985309154,0.985649851,0.984379733,0.919113265,0.912680705,0.930143746,-0.670161702,-0.67022542,-0.669159598,-0.661268852,-0.660457118,-0.661998648
2002,35,-0.562074901,-0.374741782,-0.665229494,-0.562179463,-0.374890382,-0.665281443,-0.562086676,train,0.885942021,0.869579685,0.914484712,0.935625587,0.927614768,0.949432222,-0.677433981,-0.677077841,-0.677247382,-0.673797841,-0.67365163,-0.67320349
2002,36,-0.562098452,-0.374673959,-0.665333392,-0.562086676,-0.374707871,-0.665281443,-0.561533035,train,0.714406239,0.713950025,0.714971809,0.80017413,0.791764855,0.81472826,-0.510127583,-0.520641184,-0.488800849,-0.593780782,-0.598859513,-0.583024116
2002,37,-0.560967617,-0.373243479,-0.664610812,-0.561533035,-0.373958719,-0.664972102,-0.561625821,train,0.81358437,0.829242882,0.785714777,0.763995305,0.771596454,0.750343293,-0.620181304,-0.621879731,-0.616032394,-0.565154444,-0.571260458,-0.552416622
2002,38,-0.562284025,-0.375038981,-0.665333392,-0.561625821,-0.37414123,-0.664972102,-0.562284025,train,0.825953317,0.82359107,0.829841011,0.819768843,0.826416976,0.807777894,-0.659000461,-0.660771533,-0.654658008,-0.639590882,-0.641325632,-0.635345201
2002,39,-0.562284025,-0.375038981,-0.665333392,-0.562284025,-0.375038981,-0.665333392,-0.562263431,train,1.150438154,1.168656787,1.117943915,0.988195735,0.996123928,0.973892463,-0.609879462,-0.611653826,-0.605594815,-0.634439961,-0.636212679,-0.630126411
2002,40,-0.562242837,-0.374957963,-0.665333392,-0.562263431,-0.374998472,-0.665333392,-0.560017274,train,0.352845276,0.35405259,0.350599598,0.751641715,0.761354688,0.734271757,-0.231452256,-0.2385978,-0.2171084,-0.420665859,-0.425125813,-0.411351607
2002,41,-0.557791711,-0.367807402,-0.66387272,-0.560017274,-0.371382683,-0.664603056,-0.559990015,train,0.712383783,0.726234676,0.687733887,0.532614529,0.540143633,0.519166743,0.518774036,0.499581805,0.555807983,0.14366089,0.130492002,0.169349792
2002,42,-0.562188319,-0.374923017,-0.665267593,-0.559990015,-0.37136521,-0.664570156,-0.562132591,train,0.116401799,0.123325827,0.104159406,0.414392791,0.424780252,0.395946647,-0.266109263,-0.287547207,-0.223635476,0.126332387,0.106017299,0.166086253
2002,43,-0.562076864,-0.374723178,-0.665249943,-0.562132591,-0.374823097,-0.665258768,-0.553613789,train,0.249106779,0.257312805,0.234560573,0.182754289,0.190319316,0.16935999,-0.575239168,-0.574987604,-0.574980798,-0.420674215,-0.431267405,-0.399308137
2002,44,-0.545150714,-0.373799494,-0.635786614,-0.553613789,-0.374261336,-0.650518278,-0.552446529,train,-0.192926848,-0.183706071,-0.209113971,0.028089966,0.036803367,0.012723301,0.316076212,0.265862247,0.414333132,-0.129581478,-0.154562678,-0.080323833
2002,45,-0.559742345,-0.374371436,-0.661390447,-0.552446529,-0.374085465,-0.64858853,-0.552463234,train,-0.209761958,-0.207306682,-0.214019329,-0.201344403,-0.195506377,-0.21156665,0.043931949,0.03274709,0.065852727,0.180004081,0.149304669,0.24009293
2002,46,-0.545184123,-0.375017954,-0.634737377,-0.552463234,-0.374694695,-0.648063912,-0.411747839,train,-0.390135517,-0.415131987,-0.345949232,-0.299948738,-0.311219335,-0.279984281,-0.680305193,-0.67931055,-0.681369496,-0.318186622,-0.32328173,-0.307758384
2002,47,-0.278311554,-0.309099517,-0.216936141,-0.411747839,-0.342058736,-0.425836759,-0.248383046,train,-0.612826231,-0.612608541,-0.613005316,-0.501480874,-0.513870264,-0.479477274,0.120251324,0.16425635,0.033624048,-0.280026934,-0.2575271,-0.323872724
2002,48,-0.218454537,-0.361638926,-0.061948193,-0.248383046,-0.335369222,-0.139442167,-0.269341584,train,-0.792861154,-0.808393815,-0.765220291,-0.702843692,-0.710501178,-0.689112804,0.148635803,0.117084065,0.210440518,0.134443563,0.140670207,0.122032283
2002,49,-0.320228631,-0.35780568,-0.247650531,-0.269341584,-0.359722303,-0.154799362,0.447170776,train,-0.888714296,-0.878918768,-0.905682124,-0.840787725,-0.843656291,-0.835451208,1.944406098,2.046734125,1.740787173,1.046520951,1.081909095,0.975613846
2002,50,1.214570182,0.227179904,1.96774936,0.447170776,-0.065312888,0.860049414,2.018296917,train,-1.407482712,-1.413746471,-1.39597301,-1.148098504,-1.14633262,-1.150827567,1.694238814,1.646781107,1.785276377,1.819322456,1.846757616,1.763031775
2002,51,2.822023652,3.742102302,1.646379078,2.018296917,1.984641103,1.807064219,2.386749811,train,-1.731853579,-1.72133795,-1.749809098,-1.569668146,-1.567542211,-1.572891054,5.98030908,5.946032028,6.039838373,3.837273947,3.796406568,3.912557375
2002,52,1.95147597,1.119556289,2.474836218,2.386749811,2.430829295,2.060607648,1.41159391,train,-1.328381838,-1.326632375,-1.331021772,-1.530117709,-1.523985162,-1.540415435,-0.092296151,-0.087992692,-0.100631683,2.944006465,2.929019668,2.969603345
2003,1,0.871711851,-0.14053071,1.688598829,1.41159391,0.48951279,2.081717524,0.740995833,train,-0.875361888,-0.881261555,-0.864671543,-1.101871863,-1.103946965,-1.097846657,1.172963916,1.233897442,1.051694656,0.540333883,0.572952375,0.475531487
2003,2,0.610279815,-0.245626623,1.316197771,0.740995833,-0.193078666,1.5023983,1.057499981,train,-0.872902707,-0.88936522,-0.843596269,-0.874132298,-0.885313387,-0.854133906,0.359434862,0.394833903,0.289405387,0.766199389,0.814365673,0.670550021
2003,3,1.504720147,0.807244786,1.959246074,1.057499981,0.280809082,1.637721923,1.309753203,train,-1.480558566,-1.487503692,-1.467823566,-1.176730637,-1.188434456,-1.155709917,1.247657219,1.218115874,1.304073455,0.80354604,0.806474888,0.796739421
2003,4,1.114786258,0.031183594,1.967496416,1.309753203,0.41921419,1.963371245,1.70873104,train,-1.233835223,-1.22893347,-1.242062601,-1.357196894,-1.358218581,-1.354943083,0.88186188,0.903127151,0.838921691,1.064759549,1.060621512,1.071497573
2003,5,2.302675822,1.847250926,2.441261191,1.70873104,0.93921726,2.204378804,2.589372697,train,-1.294725127,-1.297201709,-1.289927932,-1.264280175,-1.26306759,-1.265995266,0.421475285,0.440555804,0.38343055,0.651668583,0.671841477,0.61117612
2003,6,2.876069573,3.30581363,2.140254265,2.589372697,2.576532278,2.290757728,1.907950008,train,-1.485684876,-1.480472511,-1.494375625,-1.390205001,-1.38883711,-1.392151778,2.536520692,2.500211452,2.604549389,1.478997989,1.470383628,1.493989969
2003,7,0.939830443,1.207294597,0.583756337,1.907950008,2.256554114,1.362005301,0.486801548,train,-1.42440634,-1.410511439,-1.448420435,-1.455045608,-1.445491975,-1.47139803,3.956577696,4.046070142,3.775547802,3.246549194,3.273140797,3.190048595
2003,8,0.033772652,0.221512396,-0.14115658,0.486801548,0.714403497,0.221299878,2.16065173,train,-1.928614927,-1.918971809,-1.944966965,-1.676510634,-1.664741624,-1.6966937,6.661219943,6.642097465,6.690079517,5.30889882,5.344083803,5.23281366
2003,9,4.287530808,5.526987958,2.645563858,2.16065173,2.874250177,1.252203639,3.069174521,train,-1.62355924,-1.627663785,-1.615782996,-1.776087084,-1.773317797,-1.78037498,0.308930496,0.305057351,0.316136997,3.485075219,3.473577408,3.503108257
2003,10,1.850818234,1.42711578,2.014678831,3.069174521,3.477051869,2.330121345,1.908043551,train,-1.341606673,-1.333582127,-1.355301965,-1.482582957,-1.480622956,-1.485542481,0.726898927,0.755658805,0.669434595,0.517914711,0.530358078,0.492785796
2003,11,1.965268868,1.455192953,2.19403178,1.908043551,1.441154366,2.104355306,0.968129155,train,-1.032717057,-1.027987681,-1.040707766,-1.187161865,-1.180784904,-1.198004866,1.497179552,1.543844322,1.403524183,1.112039239,1.149751563,1.036479389
2003,12,-0.029010558,-0.061803589,0.004314423,0.968129155,0.696694682,1.099173102,1.100747943,train,-1.54276465,-1.534370521,-1.557044172,-1.287740854,-1.281179101,-1.298875969,4.449675458,4.439025118,4.464781047,2.973427505,2.99143472,2.934152615
2003,13,2.230506444,1.774681963,2.378104075,1.100747943,0.856439187,1.191209249,1.379110847,train,-1.109206973,-1.101044136,-1.123223587,-1.325985811,-1.317707329,-1.340133879,-0.563918196,-0.562343971,-0.566273672,1.942878631,1.938340574,1.949253688
2003,14,0.52771525,0.084243867,0.868126231,1.379110847,0.929462915,1.623115153,0.421595435,train,0.04877483,0.046222912,0.053256278,-0.530216071,-0.527410612,-0.534983655,-0.504736604,-0.510559179,-0.492634795,-0.5343274,-0.536451575,-0.529454233
2003,15,0.315475619,-0.007299763,0.571462399,0.421595435,0.038472052,0.719794315,0.061277041,train,-0.574172942,-0.574687279,-0.573074743,-0.262699056,-0.264232183,-0.259909233,0.00684326,-0.004028732,0.028197784,-0.248946672,-0.257293955,-0.232218506
2003,16,-0.192921538,-0.348597914,-0.028104696,0.061277041,-0.177948838,0.271678851,-0.162161794,train,-0.468420089,-0.466069066,-0.472407364,-0.521296516,-0.520378172,-0.522741053,0.331412188,0.347132208,0.300088682,0.169127724,0.171551738,0.164143233
2003,17,-0.13140205,-0.351891479,0.085035779,-0.162161794,-0.350244697,0.028465541,-0.18123694,train,-0.479872384,-0.472206595,-0.493223059,-0.474146236,-0.46913783,-0.482815211,0.465724733,0.47859427,0.439826682,0.398568461,0.412863239,0.369957682
2003,18,-0.231071829,-0.360852314,-0.085253796,-0.18123694,-0.356371897,-0.000109008,-0.295705895,train,0.477423377,0.500915774,0.435858863,-0.001224503,0.01435459,-0.028682098,-0.673241043,-0.672979737,-0.672873584,-0.103758155,-0.097192733,-0.116523451
2003,19,-0.360339961,-0.374459751,-0.304306004,-0.295705895,-0.367656032,-0.1947799,-0.403422361,train,0.732635339,0.757742877,0.688138955,0.605029358,0.629329326,0.561998909,-0.428148534,-0.438598121,-0.407054856,-0.550694789,-0.555788929,-0.53996422
2003,20,-0.446504762,-0.372105849,-0.460715422,-0.403422361,-0.3732828,-0.382510713,-0.471913732,train,0.624644648,0.646188014,0.586466133,0.678639993,0.701965445,0.637302544,-0.368749578,-0.399056554,-0.308713831,-0.398449056,-0.418827337,-0.357884343
2003,21,-0.497322702,-0.375038981,-0.549028584,-0.471913732,-0.373572415,-0.504872003,-0.511662813,train,0.352612055,0.350472985,0.356264427,0.488628351,0.498330499,0.47136528,-0.666142424,-0.665634801,-0.666268267,-0.517446001,-0.532345677,-0.487491049
2003,22,-0.526002923,-0.375038981,-0.600376792,-0.511662813,-0.375038981,-0.574702688,-0.533134412,train,0.294345595,0.303118732,0.27878476,0.323478825,0.326795858,0.317524593,-0.345673133,-0.334044076,-0.368071936,-0.505907779,-0.499839438,-0.517170101
2003,23,-0.5402659,-0.375038981,-0.6259128,-0.533134412,-0.375038981,-0.613144796,-0.544438111,train,0.805552826,0.821786584,0.776672049,0.549949211,0.562452658,0.527728404,-0.64828991,-0.65119412,-0.641734857,-0.496981522,-0.492619098,-0.504903396
2003,24,-0.548610322,-0.374903587,-0.640975639,-0.544438111,-0.374971284,-0.633444219,-0.552443145,train,0.855862821,0.868368781,0.833535457,0.830707823,0.845077682,0.805103753,-0.381523034,-0.373571236,-0.396649108,-0.514906472,-0.512382678,-0.519191983
2003,25,-0.556275968,-0.375038981,-0.654576746,-0.552443145,-0.374971284,-0.647776193,-0.558467911,train,0.928380972,0.925954725,0.93234727,0.892121897,0.897161753,0.882941364,-0.683829948,-0.683544891,-0.683495304,-0.532676491,-0.528558063,-0.540072206
2003,26,-0.560659853,-0.375038981,-0.662425522,-0.558467911,-0.375038981,-0.658501134,-0.561445034,train,1.099033534,1.105853867,1.08664585,1.013707253,1.015904296,1.00949656,-0.674429204,-0.674969836,-0.672484382,-0.679129576,-0.679257363,-0.677989843
2003,27,-0.562230216,-0.375038981,-0.665237052,-0.561445034,-0.375038981,-0.663831287,-0.562257121,train,1.309000933,1.307642061,1.310958925,1.204017234,1.206747964,1.198802387,-0.680574417,-0.679769209,-0.681266129,-0.677501811,-0.677369522,-0.676875256
2003,28,-0.562284025,-0.375038981,-0.665333392,-0.562257121,-0.375038981,-0.665285222,-0.562284025,train,1.128420579,1.108087955,1.163879914,1.218710756,1.207865008,1.237419419,-0.688327829,-0.687646014,-0.688766929,-0.684451123,-0.683707612,-0.685016529
2003,29,-0.562284025,-0.375038981,-0.665333392,-0.562284025,-0.375038981,-0.665333392,-0.562274271,train,1.107485929,1.111666581,1.099747838,1.117953254,1.109877268,1.131813876,-0.688898501,-0.68816665,-0.689435174,-0.688613165,-0.687906332,-0.689101051
2003,30,-0.562264517,-0.375000609,-0.665333392,-0.562274271,-0.375019795,-0.665333392,-0.562274271,train,0.989663285,0.999639243,0.971750358,1.048574607,1.055652912,1.035749098,-0.648876464,-0.651891108,-0.642103641,-0.668887483,-0.670028879,-0.665769407
2003,31,-0.562284025,-0.375038981,-0.665333392,-0.562274271,-0.375019795,-0.665333392,-0.562284025,train,1.314732011,1.309448974,1.32360439,1.152197648,1.154544109,1.147677374,-0.68862338,-0.687837853,-0.689265888,-0.668749922,-0.66986448,-0.665684764
2003,32,-0.562284025,-0.375038981,-0.665333392,-0.562284025,-0.375038981,-0.665333392,-0.562284025,train,1.44214385,1.399261978,1.517241283,1.378437931,1.354355476,1.420422837,-0.682647389,-0.681710088,-0.683595953,-0.685635385,-0.684773971,-0.68643092
2003,33,-0.562284025,-0.375038981,-0.665333392,-0.562284025,-0.375038981,-0.665333392,-0.562284025,train,1.320418578,1.309253,1.339656982,1.381281214,1.354257489,1.428449133,-0.689069561,-0.68833448,-0.689612357,-0.685858475,-0.685022284,-0.686604155
2003,34,-0.562284025,-0.375038981,-0.665333392,-0.562284025,-0.375038981,-0.665333392,-0.562284025,train,1.077033129,1.071598702,1.08625169,1.198725853,1.190425851,1.212954336,-0.688067192,-0.687403303,-0.688471408,-0.688568376,-0.687868891,-0.689041883
2003,35,-0.562284025,-0.375038981,-0.665333392,-0.562284025,-0.375038981,-0.665333392,-0.562266467,train,1.265409151,1.266547834,1.262979778,1.17122114,1.169073268,1.174615734,-0.671157747,-0.670637573,-0.671301686,-0.679612469,-0.679020438,-0.679886547
2003,36,-0.562248909,-0.374981971,-0.665322412,-0.562266467,-0.375010476,-0.665327902,-0.562266467,train,0.71845852,0.703044378,0.745385941,0.991933835,0.984796106,1.00418286,-0.648249997,-0.644570651,-0.654631691,-0.659703872,-0.657604112,-0.662966689
2003,37,-0.562284025,-0.375038981,-0.665333392,-0.562266467,-0.375010476,-0.665327902,-0.562269611,train,0.830073976,0.817507736,0.851944735,0.774266248,0.760276057,0.798665338,-0.684976277,-0.683841493,-0.686309845,-0.666613137,-0.664206072,-0.670470768
2003,38,-0.562255196,-0.374993206,-0.665323441,-0.562269611,-0.375016094,-0.665328416,-0.56225923,train,0.622480044,0.62236232,0.622479717,0.72627701,0.719935028,0.737212226,-0.677933166,-0.676462752,-0.679935465,-0.681454721,-0.680152122,-0.683122655
2003,39,-0.562263264,-0.374998143,-0.665333392,-0.56225923,-0.374995675,-0.665328416,-0.562163607,train,0.568308288,0.548180285,0.603593971,0.595394166,0.585271303,0.613036844,-0.577807648,-0.581204415,-0.570376942,-0.627870407,-0.628833583,-0.625156204
2003,40,-0.562063951,-0.374732346,-0.665218478,-0.562163607,-0.374865245,-0.665275935,-0.562173988,train,0.494807929,0.500079715,0.485351265,0.531558108,0.52413,0.544472618,-0.419547832,-0.412413237,-0.433018346,-0.49867774,-0.496808826,-0.501697644
2003,41,-0.562284025,-0.375038981,-0.665333392,-0.562173988,-0.374885664,-0.665275935,-0.562284025,train,0.539506925,0.532035221,0.55249562,0.517157427,0.516057468,0.518923442,-0.67498353,-0.674299627,-0.675444193,-0.547265681,-0.543356432,-0.55423127
2003,42,-0.562284025,-0.375038981,-0.665333392,-0.562284025,-0.375038981,-0.665333392,-0.562216906,train,0.477682109,0.472989187,0.485793865,0.508594517,0.502512204,0.519144742,-0.648967388,-0.648183424,-0.649658712,-0.661975459,-0.661241525,-0.662551453
2003,43,-0.562149787,-0.374890195,-0.665228481,-0.562216906,-0.374964588,-0.665280936,-0.553695085,train,0.335776308,0.342922679,0.323068798,0.406729208,0.407955933,0.404431332,0.937094184,0.974086176,0.863178701,0.144063398,0.162951376,0.106759995
2003,44,-0.545240383,-0.375038981,-0.634818965,-0.553695085,-0.374964588,-0.650023723,-0.509222504,train,0.063234278,0.05783833,0.072723476,0.199505293,0.200380504,0.197896137,-0.466451227,-0.478425172,-0.442312065,0.235321479,0.247830502,0.210433318
2003,45,-0.473204624,-0.33511406,-0.54218824,-0.509222504,-0.355076521,-0.588503602,-0.45539068,train,-0.363582116,-0.356052576,-0.376731478,-0.150173919,-0.149107123,-0.152004001,0.472719605,0.50706344,0.404615381,0.003134189,0.014319134,-0.018848342
2003,46,-0.437576735,-0.374383934,-0.442657421,-0.45539068,-0.354748997,-0.492422831,-0.487789104,train,-0.783969261,-0.797101278,-0.76056248,-0.573775689,-0.576576927,-0.568646979,-0.648326462,-0.64593132,-0.652184594,-0.087803429,-0.06943394,-0.123784606
2003,47,-0.538001473,-0.372584933,-0.624092329,-0.487789104,-0.373484433,-0.533374875,-0.514287692,train,-0.669414548,-0.681811455,-0.647341634,-0.726691904,-0.739456366,-0.703952057,0.790112997,0.769057722,0.830452784,0.070893267,0.061563201,0.089134095
2003,48,-0.490573911,-0.362287988,-0.548551792,-0.514287692,-0.367436461,-0.58632206,-0.452468725,train,-0.968039718,-0.966699612,-0.970078464,-0.818727133,-0.824255533,-0.808710049,0.117786159,0.078367582,0.195089589,0.453949578,0.423712652,0.512771187
2003,49,-0.414363538,-0.370124659,-0.404974031,-0.452468725,-0.366206323,-0.476762912,-0.463319792,train,-0.970569188,-0.971206768,-0.969121438,-0.969304453,-0.96895319,-0.969599951,-0.070031147,-0.07614305,-0.057929615,0.023877506,0.001112266,0.068579987
2003,50,-0.512276045,-0.373434291,-0.577261201,-0.463319792,-0.371779475,-0.491117616,-0.537280035,train,-0.771436711,-0.787612039,-0.742670307,-0.87100295,-0.879409403,-0.855895872,1.093388031,1.064397983,1.148922827,0.511678442,0.494127466,0.545496606
2003,51,-0.562284025,-0.375038981,-0.665333392,-0.537280035,-0.374236636,-0.621297296,1.067462636,train,-1.871244537,-1.88438009,-1.847468536,-1.321340624,-1.335996065,-1.295069421,2.937358636,2.939985279,2.928353784,2.015373333,2.002191631,2.038638305
2003,52,2.697209297,2.666537279,2.401901969,1.067462636,1.145749149,0.868284289,1.883448303,train,-1.480695251,-1.488625185,-1.466224488,-1.675969894,-1.686502638,-1.656846512,0.281613711,0.295278104,0.254394673,1.609486173,1.617631691,1.591374229
2004,1,1.069687308,0.617547816,1.353039806,1.883448303,1.642042547,1.877470888,1.48083916,train,-1.432553602,-1.425649077,-1.444244506,-1.456624426,-1.457137131,-1.455234497,1.597150949,1.5829921,1.622883253,0.93938233,0.939135102,0.938638963
2004,2,1.891991012,2.189552852,1.394417807,1.48083916,1.403550334,1.373728807,2.142097909,train,-1.7393319,-1.737889927,-1.741292691,-1.585942751,-1.581769502,-1.592768598,2.463499023,2.427410305,2.531189941,2.030324986,2.005201203,2.077036597
2004,3,2.392204805,1.856456478,2.593172246,2.142097909,2.023004665,1.993795026,2.042360628,train,-1.205296783,-1.217723212,-1.182992932,-1.472314342,-1.47780657,-1.462142811,-0.552135639,-0.550767373,-0.554101821,0.955681692,0.938321466,0.98854406
2004,4,1.692516451,1.587139528,1.585605329,2.042360628,1.721798003,2.089388787,2.59622847,train,-1.615282373,-1.612039424,-1.620458779,-1.410289578,-1.414881318,-1.401725856,4.700585117,4.63606353,4.821219461,2.074224739,2.042648078,2.13355882
2004,5,3.499940489,4.284581223,2.366332994,2.59622847,2.935860376,1.975969161,3.155970592,train,-1.556773442,-1.547710286,-1.572227442,-1.586027907,-1.579874855,-1.596343111,0.567465986,0.555276359,0.590676096,2.634025552,2.595669944,2.705947778
2004,6,2.812000696,2.626042502,2.644279681,3.155970592,3.455311863,2.505306337,2.567779255,train,-1.065460992,-1.070361767,-1.056467719,-1.311117217,-1.309036027,-1.31434758,-0.067904479,-0.058321037,-0.0866471,0.249780754,0.248477661,0.252014498
2004,7,2.323557814,2.520181186,1.866141876,2.567779255,2.573111844,2.255210778,2.805494618,train,-1.730317452,-1.726351115,-1.736730419,-1.397889222,-1.398356441,-1.396599069,3.863057667,3.896982375,3.791340815,1.897576594,1.919330669,1.852346857
2004,8,3.287431422,3.826268862,2.403022225,2.805494618,3.173225024,2.134582051,2.523868436,train,-1.672667383,-1.681355087,-1.65679697,-1.701492418,-1.703853101,-1.696763695,1.361222017,1.380286995,1.321978172,2.612139842,2.638634685,2.556659494
2004,9,1.76030545,1.454307394,1.827877457,2.523868436,2.640288128,2.115449841,1.175548905,train,-0.229146262,-0.229795367,-0.22792572,-0.950906823,-0.955575227,-0.942361345,-0.647557472,-0.649946174,-0.642016349,0.356832273,0.365170411,0.339980911
2004,10,0.59079236,0.230758755,0.847698728,1.175548905,0.842533074,1.337788092,0.521694804,train,-0.759477179,-0.776157451,-0.729824807,-0.49431172,-0.502976409,-0.478875264,0.025035664,0.024148205,0.026746764,-0.311260904,-0.312898984,-0.307634793
2004,11,0.452597247,0.073965712,0.742992455,0.521694804,0.152362234,0.795345591,0.425100329,train,-1.270322107,-1.263987149,-1.281063315,-1.014899643,-1.0200723,-1.005444061,-0.451834787,-0.460625986,-0.433968851,-0.213399561,-0.218238891,-0.203611043
2004,12,0.397603412,0.004750486,0.707533318,0.425100329,0.039358099,0.725262886,0.191593231,train,-0.83708632,-0.834127334,-0.842022044,-1.053704214,-1.049057242,-1.061542679,-0.179172317,-0.203318752,-0.131490099,-0.315503552,-0.331972369,-0.282729475
2004,13,-0.01441695,-0.242196751,0.194637495,0.191593231,-0.118723132,0.451085406,-0.120320308,train,-0.163816136,-0.157091022,-0.175614396,-0.500451228,-0.495609178,-0.50881822,-0.649591045,-0.651870275,-0.644262374,-0.414381681,-0.427594514,-0.387876236
2004,14,-0.226223667,-0.336499158,-0.098740204,-0.120320308,-0.289347954,0.047948645,-0.265096772,train,-0.689566154,-0.685469567,-0.696556139,-0.426691145,-0.421280294,-0.436085268,-0.185147385,-0.185605892,-0.184004155,-0.417369215,-0.418738083,-0.414133264
2004,15,-0.303969878,-0.362530501,-0.214240781,-0.265096772,-0.349514829,-0.156490492,-0.421105058,train,0.015909133,0.032306367,-0.012996148,-0.336828511,-0.3265816,-0.354776143,-0.581307679,-0.582472137,-0.578258884,-0.383227532,-0.384039014,-0.381131519
2004,16,-0.538240239,-0.370707372,-0.626228778,-0.421105058,-0.366618936,-0.420234779,-0.493075379,train,-0.473575395,-0.467680867,-0.483806342,-0.228833131,-0.21768725,-0.248401245,0.882027554,0.853759774,0.936419655,0.150359938,0.135643818,0.179080386
2004,17,-0.447910519,-0.375008374,-0.460590349,-0.493075379,-0.372857873,-0.543409563,-0.471580513,train,-0.321130121,-0.315100531,-0.331650007,-0.397352758,-0.391390699,-0.407728175,-0.121699741,-0.116069775,-0.132603389,0.380163906,0.368844999,0.401908133
2004,18,-0.495250508,-0.373619711,-0.546610419,-0.471580513,-0.374314042,-0.503600384,-0.509402042,train,-0.233140173,-0.226207042,-0.245281917,-0.277135147,-0.270653787,-0.288465962,0.268539455,0.239556465,0.325139684,0.073419857,0.061743345,0.096268147
2004,19,-0.523553575,-0.375038981,-0.595991554,-0.509402042,-0.374329346,-0.571300986,-0.527224032,train,0.469182143,0.466048065,0.47454929,0.118020985,0.119920512,0.114633686,-0.66871285,-0.669445941,-0.666397323,-0.200086698,-0.214944738,-0.17062882
2004,20,-0.530894488,-0.375038981,-0.609134504,-0.527224032,-0.375038981,-0.602563029,-0.538967109,train,-0.017610809,-0.013318159,-0.025170683,0.225785667,0.226364953,0.224689303,-0.258150827,-0.23171989,-0.309749861,-0.463431838,-0.450582916,-0.488073592
2004,21,-0.547039729,-0.375038981,-0.63804046,-0.538967109,-0.375038981,-0.623587482,-0.551306646,train,0.302963122,0.29144339,0.323165398,0.142676157,0.139062615,0.148997357,-0.611087275,-0.612540087,-0.607432898,-0.434619051,-0.422129988,-0.458591379
2004,22,-0.555573563,-0.374988901,-0.653364763,-0.551306646,-0.375013941,-0.645702612,-0.558002363,train,0.393518481,0.39775668,0.385917321,0.348240802,0.344600035,0.354541359,-0.661225521,-0.663867112,-0.655169587,-0.636156398,-0.638203599,-0.631301242
2004,23,-0.560431164,-0.375038981,-0.662016083,-0.558002363,-0.375013941,-0.657690423,-0.56133082,train,0.777306631,0.775860702,0.779595564,0.585412556,0.586808691,0.582756443,-0.68811668,-0.687436068,-0.688553693,-0.674671101,-0.67565159,-0.67186164
2004,24,-0.562230477,-0.375038981,-0.66523752,-0.56133082,-0.375038981,-0.663626801,-0.562257251,train,0.776968629,0.789457094,0.754698439,0.77713763,0.782658898,0.767147002,-0.62690861,-0.630837472,-0.61836809,-0.657512645,-0.65913677,-0.653460891
2004,25,-0.562284025,-0.375038981,-0.665333392,-0.562257251,-0.375038981,-0.665285456,-0.562284025,train,0.956500279,0.94961618,0.968314111,0.866734454,0.869536637,0.861506275,-0.654395881,-0.654997189,-0.652358041,-0.640652245,-0.64291733,-0.635363065
2004,26,-0.562284025,-0.375038981,-0.665333392,-0.562284025,-0.375038981,-0.665333392,-0.562284025,train,0.933176617,0.927419212,0.943012447,0.944838448,0.938517696,0.955663279,-0.669329526,-0.668439029,-0.670203546,-0.661862703,-0.661718109,-0.661280793
2004,27,-0.562284025,-0.375038981,-0.665333392,-0.562284025,-0.375038981,-0.665333392,-0.562284025,train,1.38126497,1.383175154,1.377437156,1.157220793,1.155297183,1.160224801,-0.657635122,-0.65862577,-0.654827992,-0.663482324,-0.663532399,-0.662515769
2004,28,-0.562284025,-0.375038981,-0.665333392,-0.562284025,-0.375038981,-0.665333392,-0.562284025,train,1.324265268,1.329099307,1.315303216,1.352765119,1.35613723,1.346370186,-0.680855166,-0.680868933,-0.679937224,-0.669245144,-0.669747351,-0.667382608
2004,29,-0.562284025,-0.375038981,-0.665333392,-0.562284025,-0.375038981,-0.665333392,-0.562284025,train,1.159527604,1.14740873,1.180499897,1.241896436,1.238254018,1.247901557,-0.615573881,-0.614515461,-0.616848208,-0.648214524,-0.647692197,-0.648392716
2004,30,-0.562284025,-0.375038981,-0.665333392,-0.562284025,-0.375038981,-0.665333392,-0.562284025,train,1.048281335,1.050142603,1.044650901,1.10390447,1.098775667,1.112575399,-0.659564638,-0.661301249,-0.655289163,-0.63756926,-0.637908355,-0.636068686
2004,31,-0.562284025,-0.375038981,-0.665333392,-0.562284025,-0.375038981,-0.665333392,-0.562284025,train,1.206399387,1.185690808,1.242495306,1.127340361,1.117916706,1.143573103,-0.673666553,-0.671847143,-0.676360211,-0.666615595,-0.666574196,-0.665824687
2004,32,-0.562284025,-0.375038981,-0.665333392,-0.562284025,-0.375038981,-0.665333392,-0.562128299,train,1.122959432,1.105465757,1.153416968,1.16467941,1.145578283,1.197956137,-0.675388001,-0.675305699,-0.674665989,-0.674527277,-0.673576421,-0.6755131
2004,33,-0.561972573,-0.374716992,-0.665068854,-0.562128299,-0.374877987,-0.665201123,-0.562116075,train,1.021467788,1.006700228,1.047154455,1.07221361,1.056082993,1.100285712,-0.667122186,-0.667108868,-0.666275434,-0.671255093,-0.671207283,-0.670470711
2004,34,-0.562259577,-0.374990892,-0.665333392,-0.562116075,-0.374853942,-0.665201123,-0.562271801,train,1.07778597,1.077747226,1.077494439,1.049626879,1.042223727,1.062324447,-0.644899199,-0.646347135,-0.641210161,-0.656010692,-0.656728002,-0.653742798
2004,35,-0.562284025,-0.375038981,-0.665333392,-0.562271801,-0.375014937,-0.665333392,-0.562236373,train,1.151182288,1.140931913,1.168864157,1.114484129,1.109339569,1.123179298,-0.686354925,-0.685356461,-0.687418821,-0.665627062,-0.665851798,-0.664314491
2004,36,-0.562188721,-0.374862475,-0.665323419,-0.562236373,-0.374950728,-0.665328405,-0.562236373,train,1.040034626,1.035090988,1.048400526,1.095608457,1.088011451,1.108632341,-0.660959873,-0.660709283,-0.660587424,-0.673657399,-0.673032872,-0.674003122
2004,37,-0.562284025,-0.375038981,-0.665333392,-0.562236373,-0.374950728,-0.665328405,-0.562284025,train,0.670352687,0.648751318,0.708201098,0.855193657,0.841921153,0.878300812,-0.686878733,-0.686147423,-0.687416988,-0.673919303,-0.673428353,-0.674002206
2004,38,-0.562284025,-0.375038981,-0.665333392,-0.562284025,-0.375038981,-0.665333392,-0.562284025,train,0.903488959,0.90573518,0.899228387,0.786920823,0.777243249,0.803714742,-0.682183252,-0.681966835,-0.681715883,-0.684530993,-0.684057129,-0.684566435
2004,39,-0.562284025,-0.375038981,-0.665333392,-0.562284025,-0.375038981,-0.665333392,-0.562284025,train,1.091980526,1.092037357,1.091515805,0.997734742,0.998886268,0.995372096,-0.642367222,-0.641661458,-0.642913522,-0.662275237,-0.661814146,-0.662314702
2004,40,-0.562284025,-0.375038981,-0.665333392,-0.562284025,-0.375038981,-0.665333392,-0.562274289,train,0.750463143,0.760763827,0.732057745,0.921221834,0.926400592,0.911786775,-0.581885013,-0.585536307,-0.573948828,-0.612126118,-0.613598882,-0.608431175
2004,41,-0.562264553,-0.37500068,-0.665333392,-0.562274289,-0.375019831,-0.665333392,-0.561655916,train,0.319510937,0.323794757,0.311854076,0.53498704,0.542279292,0.521955911,-0.20582098,-0.214956473,-0.187600412,-0.393852997,-0.40024639,-0.38077462
2004,42,-0.561047279,-0.375038981,-0.663119157,-0.561655916,-0.375019831,-0.664226274,-0.558753344,train,0.534675718,0.552714147,0.502704656,0.427093327,0.438254452,0.407279366,-0.636358029,-0.635956434,-0.636314496,-0.421089504,-0.425456453,-0.411957454
2004,43,-0.55645941,-0.371843662,-0.657813576,-0.558753344,-0.373441322,-0.660466366,-0.55705146,train,0.362151106,0.379082686,0.332188454,0.448413412,0.465898417,0.417446555,-0.573033229,-0.579637261,-0.559306492,-0.604695629,-0.607796847,-0.597810494
2004,44,-0.55764351,-0.371258148,-0.660466493,-0.55705146,-0.371550905,-0.659140034,-0.55734797,train,0.011026492,0.035372515,-0.031886823,0.186588799,0.207227601,0.150150816,0.130388191,0.086498988,0.216459915,-0.221322519,-0.246569136,-0.171423289
2004,45,-0.55705243,-0.374949051,-0.656048754,-0.55734797,-0.3731036,-0.658257624,-0.533088704,train,-0.109804057,-0.089488034,-0.145574196,-0.049388783,-0.027057759,-0.088730509,0.054387467,0.060245605,0.042805054,0.092387829,0.073372296,0.129632484
2004,46,-0.509124978,-0.320280723,-0.620000373,-0.533088704,-0.347614887,-0.638024564,0.145304875,train,-0.241817609,-0.233367856,-0.256629487,-0.175810833,-0.161427945,-0.201101841,1.988925947,2.03523019,1.895335571,1.021656707,1.047737897,0.969070313
2004,47,0.799734728,0.652378183,0.838021948,0.145304875,0.16604873,0.109010787,1.906636522,train,-1.224729232,-1.21435939,-1.242597107,-0.733273421,-0.723863623,-0.749613297,3.237896769,3.251196307,3.207526414,2.613411358,2.643213248,2.551430993
2004,48,3.013538315,3.251213062,2.436072001,1.906636522,1.951795623,1.637046975,2.413123977,train,-1.573110727,-1.582454905,-1.556116521,-1.39891998,-1.398407147,-1.399356814,3.218327026,3.235565638,3.180241993,3.228111897,3.243380973,3.193884204
2004,49,1.812709638,1.162616245,2.187199661,2.413123977,2.206914654,2.311635831,1.641579696,train,-1.179620429,-1.185825485,-1.168290262,-1.376365578,-1.384140195,-1.362203391,0.343485955,0.311036304,0.40680011,1.78090649,1.773300971,1.793521051
2004,50,1.470449754,0.433136023,2.23840579,1.641579696,0.797876134,2.212802725,1.301754359,train,-1.459126711,-1.477825271,-1.425683548,-1.31937357,-1.331825378,-1.296986905,-0.046599869,-0.068914346,-0.002690921,0.148443043,0.121060979,0.202054594
2004,51,1.133058965,0.097821042,1.939557453,1.301754359,0.265478533,2.088981621,1.169163115,train,-1.670761085,-1.678436728,-1.656675057,-1.564943898,-1.578131,-1.541179302,-0.426084994,-0.425582698,-0.42651448,-0.236342432,-0.247248522,-0.2146027
2004,52,1.205267265,0.156628842,2.015309762,1.169163115,0.127224942,1.977433608,0.900098,train,-1.10216652,-1.120042774,-1.070291835,-1.386463803,-1.399239751,-1.363483446,0.35643695,0.346507598,0.375481745,-0.034824022,-0.03953755,-0.025516367
2004,53,0.594928736,-0.238558235,1.282279963,0.900098,-0.040964696,1.648794863,1.261480925,train,-0.913366454,-0.920516845,-0.900459031,-1.007766487,-1.02027981,-0.985375433,3.203415402,3.225094308,3.156624701,1.779926176,1.785800953,1.766053223
2005,1,1.928033114,1.176634904,2.380911479,1.261480925,0.469038335,1.831595721,1.632528157,train,-1.692998239,-1.698648675,-1.682474192,-1.303182346,-1.30958276,-1.291466611,-0.676628875,-0.675863977,-0.677246542,1.263393264,1.274615166,1.239689079
2005,2,1.3370232,0.352789624,2.072654734,1.632528157,0.764712264,2.226783106,1.85445463,train,-1.41485123,-1.414896262,-1.414299516,-1.553924734,-1.556772468,-1.548386854,0.522210498,0.515818719,0.534087046,-0.077209188,-0.080022629,-0.071579748
2005,3,2.371886061,2.02217967,2.40595177,1.85445463,1.187484647,2.239303252,2.053442794,train,-1.550169472,-1.555724977,-1.539860425,-1.482510351,-1.485310619,-1.477079971,1.582468187,1.614666527,1.517127771,1.052339343,1.065242623,1.025607409
2005,4,1.734999527,0.958444599,2.233908258,2.053442794,1.490312135,2.319930014,1.913965425,train,-1.107260499,-1.105799882,-1.109465166,-1.328714986,-1.33076243,-1.324662796,1.500153429,1.513842368,1.471291714,1.541310808,1.564254448,1.494209743
2005,5,2.092931323,2.351328827,1.606925705,1.913965425,1.654886713,1.920416981,3.276363652,train,-2.050294356,-2.034990572,-2.076582639,-1.578777427,-1.570395227,-1.593023902,4.325582781,4.381928398,4.209203607,2.912868105,2.947885383,2.84024766
2005,6,4.459795981,5.916944423,2.599041176,3.276363652,4.134136625,2.102983441,3.677650383,train,-2.1009951,-2.09735825,-2.106703599,-2.075644728,-2.066174411,-2.091643119,-0.465903765,-0.464115641,-0.468807802,1.929839508,1.958906379,1.870197902
2005,7,2.895504785,3.06611194,2.393228634,3.677650383,4.491528182,2.496134905,2.00331868,train,-0.970930921,-0.958655322,-0.992242402,-1.53596301,-1.528006786,-1.549473001,-0.255388177,-0.250153029,-0.265341078,-0.360645971,-0.357134335,-0.36707444
2005,8,1.111132576,0.477141777,1.555040728,2.00331868,1.771626859,1.974134681,0.564453338,train,-0.822016248,-0.808290381,-0.845933528,-0.896473584,-0.883472852,-0.919087965,-0.414256935,-0.410384281,-0.421324654,-0.334822556,-0.330268655,-0.343332866
2005,9,0.0177741,-0.270998024,0.278486507,0.564453338,0.103071876,0.916763617,0.476851139,train,-0.658293165,-0.664570767,-0.647009182,-0.740154707,-0.736430574,-0.746471355,0.952755237,0.964330729,0.928762714,0.269249151,0.276973224,0.25371903
2005,10,0.935928179,0.500528705,1.220073076,0.476851139,0.11476534,0.749279791,0.56529773,train,-1.325804421,-1.321558214,-1.3328457,-0.992048793,-0.993064491,-0.989927441,0.471221384,0.500575172,0.41292457,0.711988311,0.732452951,0.670843642
2005,11,0.194667282,-0.244755121,0.571304288,0.56529773,0.127886792,0.895688682,0.049499633,train,-0.885725165,-0.881968218,-0.892051049,-1.105764793,-1.101763216,-1.112448375,-0.293349929,-0.268155592,-0.342472987,0.088935728,0.11620979,0.035225792
2005,12,-0.095668015,-0.345428516,0.143130292,0.049499633,-0.295091818,0.35721729,0.193073936,train,-0.606797002,-0.610198887,-0.600598633,-0.746261083,-0.746083553,-0.746324841,-0.678000372,-0.678869785,-0.675404819,-0.485675151,-0.473512689,-0.508938903
2005,13,0.481815886,0.081765116,0.78820556,0.193073936,-0.1318317,0.465667926,0.1487858,train,-0.914458427,-0.910771699,-0.92065096,-0.760627714,-0.760485293,-0.760624796,1.162206459,1.206290573,1.074060389,0.242103043,0.263710394,0.199327785
2005,14,-0.184244287,-0.352402814,-0.009105958,0.1487858,-0.135318849,0.389549801,-0.281184021,train,0.001847714,0.008509743,-0.009894664,-0.456305356,-0.451130978,-0.465272812,-0.570494221,-0.57688243,-0.557194899,0.295856119,0.314704071,0.258432745
2005,15,-0.378123756,-0.374980961,-0.33567117,-0.281184021,-0.363691888,-0.172388564,-0.423799598,train,-0.254718194,-0.263077624,-0.239899742,-0.12643524,-0.12728394,-0.124897203,-0.574586719,-0.5798787,-0.563436132,-0.57254047,-0.578380565,-0.560315515
2005,16,-0.46947544,-0.375038981,-0.499171678,-0.423799598,-0.375009971,-0.417421424,-0.470869231,train,0.098496223,0.105891554,0.085429141,-0.078110986,-0.078593035,-0.077235301,0.00648893,-0.015305655,0.049306826,-0.284048894,-0.297592178,-0.257064653
2005,17,-0.472263022,-0.375038981,-0.504162483,-0.470869231,-0.375038981,-0.50166708,-0.469621105,train,-0.437459473,-0.429748865,-0.450903299,-0.169481625,-0.161928656,-0.182737079,0.10465198,0.096412565,0.120705505,0.055570455,0.040553455,0.085006166
2005,18,-0.466979189,-0.373166972,-0.496406381,-0.469621105,-0.374102977,-0.500284432,-0.495149083,train,0.087063494,0.085037531,0.09060517,-0.175197989,-0.172355667,-0.180149064,-0.421528436,-0.43060539,-0.403140646,-0.158438228,-0.167096413,-0.141217571
2005,19,-0.523318977,-0.375038981,-0.595571536,-0.495149083,-0.374102977,-0.545988958,-0.533461672,train,0.427654101,0.448871406,0.390116031,0.257358797,0.266954468,0.240360601,-0.511119052,-0.532585301,-0.468269054,-0.466323744,-0.481595346,-0.43570485
2005,20,-0.543604367,-0.375038981,-0.631889891,-0.533461672,-0.375038981,-0.613730713,-0.547621917,train,0.59994711,0.586519759,0.623412398,0.513800605,0.517695582,0.506764215,-0.625136342,-0.63104137,-0.612714972,-0.568127697,-0.581813336,-0.540492013
2005,21,-0.551639466,-0.374850704,-0.646447062,-0.547621917,-0.374944843,-0.639168476,-0.553411063,train,0.212035978,0.217355981,0.202588737,0.405991544,0.40193787,0.413000567,-0.344793886,-0.348662071,-0.336741739,-0.484965114,-0.48985172,-0.474728355
2005,22,-0.55518266,-0.372888053,-0.654577109,-0.553411063,-0.373869379,-0.650512085,-0.558505087,train,0.499832107,0.500625025,0.498267728,0.355934043,0.358990503,0.350428233,-0.223820103,-0.244059284,-0.183757222,-0.284306994,-0.296360677,-0.260249481
2005,23,-0.561827514,-0.375038981,-0.664516067,-0.558505087,-0.373963517,-0.659546588,-0.56205577,train,0.726868363,0.710811627,0.754925542,0.613350235,0.605718326,0.626596635,-0.617208468,-0.621721265,-0.607533208,-0.420514285,-0.432890274,-0.395645215
2005,24,-0.562284025,-0.375038981,-0.665333392,-0.56205577,-0.375038981,-0.664924729,-0.562284025,train,0.865494031,0.862749049,0.870043092,0.796181197,0.786780338,0.812484317,-0.689255898,-0.688495827,-0.689847557,-0.653232183,-0.655108546,-0.648690383
2005,25,-0.562284025,-0.375038981,-0.665333392,-0.562284025,-0.375038981,-0.665333392,-0.562284025,train,0.884787997,0.877148379,0.897957366,0.875141014,0.869948714,0.884000229,-0.678229741,-0.678424883,-0.676958832,-0.683742819,-0.683460355,-0.683403194
2005,26,-0.562284025,-0.375038981,-0.665333392,-0.562284025,-0.375038981,-0.665333392,-0.562230417,train,0.903415859,0.906039086,0.898490842,0.894101928,0.891593733,0.898224104,-0.649293787,-0.644079778,-0.65868973,-0.663761764,-0.66125233,-0.667824281
2005,27,-0.562176808,-0.374828085,-0.665333392,-0.562230417,-0.374933533,-0.665333392,-0.562230417,train,1.288316549,1.285893004,1.292157922,1.095866204,1.095966045,1.095324382,-0.685123127,-0.684669538,-0.685117957,-0.667208457,-0.664374658,-0.671903844
2005,28,-0.562284025,-0.375038981,-0.665333392,-0.562230417,-0.374933533,-0.665333392,-0.562284025,train,1.209073059,1.19170751,1.239276024,1.248694804,1.238800257,1.265716973,-0.681501449,-0.68082136,-0.681946088,-0.683312288,-0.682745449,-0.683532023
2005,29,-0.562284025,-0.375038981,-0.665333392,-0.562284025,-0.375038981,-0.665333392,-0.562104611,train,1.253392193,1.24645317,1.265203713,1.231232626,1.21908034,1.252239869,-0.68556292,-0.685030832,-0.685711424,-0.683532185,-0.682926096,-0.683828756
2005,30,-0.561925197,-0.374815908,-0.664893999,-0.562104611,-0.374927445,-0.665113695,-0.562096269,train,1.192545449,1.185996367,1.203690014,1.222968821,1.216224768,1.234446864,-0.627117993,-0.628971584,-0.622655109,-0.656340457,-0.657001208,-0.654183267
2005,31,-0.56226734,-0.375006161,-0.665333392,-0.562096269,-0.374911035,-0.665113695,-0.562275683,train,1.060669696,1.045603621,1.086869405,1.126607572,1.115799994,1.145279709,-0.625784194,-0.624184295,-0.628109166,-0.626451093,-0.626577939,-0.625382137
2005,32,-0.562284025,-0.375038981,-0.665333392,-0.562275683,-0.375022571,-0.665333392,-0.562284025,train,1.408469354,1.409299229,1.406536492,1.234569525,1.227451425,1.246702948,-0.688076178,-0.687675196,-0.687963769,-0.656930186,-0.655929745,-0.658036468
2005,33,-0.562284025,-0.375038981,-0.665333392,-0.562284025,-0.375038981,-0.665333392,-0.562284025,train,1.302897972,1.275626652,1.350528443,1.355683663,1.34246294,1.378532468,-0.689103203,-0.688324642,-0.689731393,-0.68858969,-0.687999919,-0.688847581
2005,34,-0.562284025,-0.375038981,-0.665333392,-0.562284025,-0.375038981,-0.665333392,-0.562105131,train,1.082368529,1.058556473,1.123975702,1.19263325,1.167091562,1.237252072,-0.689302008,-0.688511114,-0.689954172,-0.689202605,-0.688417878,-0.689842782
2005,35,-0.561926237,-0.374443354,-0.665234963,-0.562105131,-0.374741167,-0.665284177,-0.562105131,train,0.81459862,0.817821567,0.808646255,0.948483575,0.93818902,0.966310979,-0.687309091,-0.686435637,-0.688126093,-0.688305549,-0.687473375,-0.689040132
2005,36,-0.562284025,-0.375038981,-0.665333392,-0.562105131,-0.374741167,-0.665284177,-0.562146831,train,0.831017111,0.829707417,0.833048,0.822807866,0.823764492,0.820847128,-0.688117828,-0.687337886,-0.688750022,-0.687713459,-0.686886762,-0.688438057
2005,37,-0.562009636,-0.374524464,-0.66531045,-0.562146831,-0.374781723,-0.665321921,-0.562007883,train,0.896274713,0.901843406,0.886160723,0.863645912,0.865775412,0.859604362,-0.635429771,-0.633581367,-0.638230434,-0.6617738,-0.660459627,-0.663490228
2005,38,-0.56200613,-0.374545297,-0.665285211,-0.562007883,-0.37453488,-0.66529783,-0.541087277,train,0.574172083,0.577351463,0.568376771,0.735223398,0.739597434,0.727268747,-0.640177226,-0.6394776,-0.640714328,-0.637803498,-0.636529484,-0.639472381
2005,39,-0.520168425,-0.333852544,-0.627419064,-0.541087277,-0.35419892,-0.646352137,-0.541226225,train,0.389552043,0.395918756,0.37820072,0.481862063,0.486635109,0.473288746,-0.540066699,-0.535926705,-0.547495122,-0.590121963,-0.587702153,-0.594104725
2005,40,-0.562284025,-0.375038981,-0.665333392,-0.541226225,-0.354445762,-0.646376228,-0.555292425,train,0.454816909,0.4606796,0.444332132,0.422184476,0.428299178,0.411266426,-0.560494945,-0.560656835,-0.55944343,-0.550280822,-0.54829177,-0.553469276
2005,41,-0.548300825,-0.369633508,-0.645218388,-0.555292425,-0.372336245,-0.65527589,-0.522463899,train,0.146777901,0.140172518,0.158370823,0.300797405,0.300426059,0.301351478,0.472608122,0.516598551,0.385548475,-0.043943411,-0.022029142,-0.086947478
2005,42,-0.496626972,-0.374354246,-0.54840622,-0.522463899,-0.371993877,-0.596812304,-0.49109822,train,-0.373122433,-0.376324756,-0.367353804,-0.113172266,-0.118076119,-0.10449149,-0.547789022,-0.545759033,-0.551061179,-0.03759045,-0.014580241,-0.082756352
2005,43,-0.485569467,-0.346268406,-0.554173121,-0.49109822,-0.360311326,-0.551289671,-0.285621191,train,-0.434491008,-0.430950946,-0.44058528,-0.403806721,-0.403637851,-0.403969542,0.58332296,0.599430938,0.550907494,0.017766969,0.026835953,-7.68E-05
2005,44,-0.085672915,-0.355643739,0.170323186,-0.285621191,-0.350956072,-0.191924967,-0.164141884,train,-0.862946443,-0.861775384,-0.864722328,-0.648718725,-0.646363165,-0.652653804,2.288210446,2.287421752,2.286766137,1.435766703,1.443426345,1.418836815
2005,45,-0.242610853,-0.373316543,-0.09456789,-0.164141884,-0.364480141,0.037877648,-0.12904285,train,-0.818271048,-0.81088149,-0.831021895,-0.840608745,-0.836328437,-0.847872111,-0.592969444,-0.587422718,-0.603092874,0.847620501,0.849999517,0.841836632
2005,46,-0.015474848,-0.298982422,0.244430179,-0.12904285,-0.336149483,0.074931145,-0.105803147,train,-0.915234751,-0.917524032,-0.910894365,-0.8667529,-0.864202761,-0.87095813,0.798253915,0.814861333,0.764575814,0.102642236,0.113719308,0.08074147
2005,47,-0.196131446,-0.365912494,-0.018091769,-0.105803147,-0.332447458,0.113169205,-0.316759976,train,-0.232731635,-0.252337168,-0.198099373,-0.573983193,-0.5849306,-0.554496869,-0.68899227,-0.688132063,-0.689781042,0.054630822,0.063364635,0.037397386
2005,48,-0.437388506,-0.374852796,-0.441893659,-0.316759976,-0.370382645,-0.229992714,-0.459005602,train,-0.168066743,-0.196983404,-0.117045296,-0.200399189,-0.224660286,-0.157572334,-0.686695368,-0.685797099,-0.687561936,-0.687843819,-0.686964581,-0.688671489
2005,49,-0.480622699,-0.374688493,-0.519448415,-0.459005602,-0.374770645,-0.480671037,-0.338554003,train,-0.372046342,-0.385446192,-0.348305026,-0.270056543,-0.291214798,-0.232675161,-0.688965963,-0.688197676,-0.689574146,-0.687830665,-0.686997387,-0.688568041
2005,50,-0.196485307,-0.357903877,-0.02601481,-0.338554003,-0.366296185,-0.272731612,1.289397603,train,-1.009325229,-1.009886762,-1.00799857,-0.690685785,-0.697666477,-0.678151798,0.36728594,0.417633187,0.267872951,-0.160840011,-0.135282244,-0.210850597
2005,51,2.775280513,3.447983722,1.830400343,1.289397603,1.545039922,0.902192767,2.071009114,train,-1.718075174,-1.717715116,-1.718136196,-1.363700202,-1.363800939,-1.363067383,2.559132934,2.554260728,2.565358232,1.463209437,1.485946958,1.416615592
2005,52,1.366737715,1.223681265,1.333163075,2.071009114,2.335832493,1.581781709,1.028432599,train,-1.143647694,-1.160635359,-1.113325292,-1.430861434,-1.439175238,-1.415730744,-0.503724073,-0.513269134,-0.484308899,1.027704431,1.020495797,1.040524667
2006,1,0.690127484,0.319341901,0.944916362,1.028432599,0.771511583,1.139039719,0.988892748,train,-1.296268822,-1.291023138,-1.305081531,-1.219958258,-1.225829249,-1.209203412,0.934735859,0.943187506,0.916905272,0.215505893,0.214959186,0.216298186
2006,2,1.287658013,0.795313691,1.581484293,0.988892748,0.557327796,1.263200328,1.701314623,train,-1.720777286,-1.708657141,-1.741564447,-1.508523054,-1.49984014,-1.523322989,0.726132727,0.748795046,0.680651106,0.830434293,0.845991276,0.798778189
2006,3,2.114971233,1.680409157,2.257061056,1.701314623,1.237861424,1.919272675,1.993916588,train,-1.277335714,-1.28509544,-1.263232835,-1.4990565,-1.496876291,-1.502398641,1.689450875,1.673778819,1.718035862,1.207791801,1.211286932,1.199343484
2006,4,1.872861943,1.667694008,1.835169248,1.993916588,1.674051583,2.046115152,1.393300758,train,-1.585034119,-1.595201971,-1.566584215,-1.431184917,-1.440148705,-1.414908525,0.603814422,0.637933286,0.53598073,1.146632649,1.155856052,1.127008296
2006,5,0.913739574,0.273511794,1.386979636,1.393300758,0.970602901,1.611074442,2.159718729,train,-1.167738,-1.165004562,-1.172165809,-1.376386059,-1.380103266,-1.369375012,0.677144665,0.668064719,0.694100735,0.640479544,0.652999002,0.615040733
2006,6,3.405697883,4.34872335,2.139221244,2.159718729,2.311117572,1.76310044,2.988954802,train,-1.491287574,-1.487866208,-1.496819835,-1.329512787,-1.326435385,-1.334492822,2.083157412,2.083285669,2.080179603,1.380151038,1.375675194,1.387140169
2006,7,2.57221172,2.861693408,2.000477582,2.988954802,3.605208379,2.069849413,1.668526703,train,-1.525110244,-1.523103368,-1.528138188,-1.508198909,-1.505484788,-1.512479011,0.164914788,0.170836556,0.153062717,1.1240361,1.127061112,1.11662116
2006,8,0.764841686,0.300224904,1.096082856,1.668526703,1.580959156,1.548280219,0.440375157,train,-0.682398656,-0.690750249,-0.667451235,-1.10375445,-1.106926809,-1.097794712,-0.638559006,-0.63810177,-0.638621928,-0.236822109,-0.233632607,-0.242779606
2006,9,0.115908628,-0.198050164,0.387785976,0.440375157,0.05108737,0.741934416,0.80610557,train,-0.697705901,-0.7164736,-0.664395084,-0.690052279,-0.703611924,-0.66592316,-0.43509303,-0.424618014,-0.455107136,-0.536826018,-0.531359892,-0.546864532
2006,10,1.496302513,1.475406698,1.336009768,0.80610557,0.638678267,0.861897872,0.819451432,train,-1.161416872,-1.153513946,-1.174957966,-0.929561387,-0.934993773,-0.919676525,1.088631497,1.105428092,1.054201708,0.326769234,0.340405039,0.299547286
2006,11,0.142600351,-0.237213521,0.471220798,0.819451432,0.619096588,0.903615283,-0.082817859,train,-0.897794326,-0.896038302,-0.900589574,-1.029605599,-1.024776124,-1.03777377,-0.488969974,-0.488156434,-0.489928772,0.299830761,0.308635829,0.282136468
2006,12,-0.30823607,-0.350447029,-0.232877305,-0.082817859,-0.293830275,0.119171747,-0.33105455,train,-0.656637504,-0.657579576,-0.654757895,-0.777215915,-0.776808939,-0.777673734,0.494511533,0.499356981,0.48434316,0.002770779,0.005600274,-0.002792806
2006,13,-0.35387303,-0.370865607,-0.29599922,-0.33105455,-0.360656318,-0.264438262,-0.255847486,train,-0.756080972,-0.751569775,-0.763779497,-0.706359238,-0.704574675,-0.709268696,3.553765455,3.557908729,3.54097386,2.024138494,2.028632855,2.01265851
2006,14,-0.157821942,-0.372152979,0.056176554,-0.255847486,-0.371509293,-0.119911333,-0.304140703,train,-0.37037119,-0.383746275,-0.346674083,-0.563226081,-0.567658025,-0.55522679,-0.540630773,-0.544535427,-0.532250715,1.506567341,1.506686651,1.504361572
2006,15,-0.450459463,-0.374770458,-0.465370456,-0.304140703,-0.373461719,-0.204596951,-0.463110054,train,0.028359305,0.019921703,0.043221029,-0.171005943,-0.181912286,-0.151726527,-0.492561806,-0.485266197,-0.506253176,-0.516596289,-0.514900812,-0.519251946
2006,16,-0.475760645,-0.369541985,-0.515427926,-0.463110054,-0.372156221,-0.490399191,-0.479160978,train,-0.163496205,-0.164515231,-0.161645598,-0.06756845,-0.072296764,-0.059212285,0.371170033,0.405004305,0.304199977,-0.060695886,-0.040130946,-0.101026599
2006,17,-0.482561311,-0.374783433,-0.522832833,-0.479160978,-0.372162709,-0.519130379,-0.512439364,train,-0.094379134,-0.095939413,-0.091597649,-0.128937669,-0.130227322,-0.126621624,-0.389251166,-0.40495729,-0.357879282,-0.009040567,2.35E-05,-0.026839652
2006,18,-0.542317417,-0.369215771,-0.634886101,-0.512439364,-0.371999602,-0.578859467,-0.549565966,train,0.006983204,-0.00616477,0.030154053,-0.043697965,-0.051052092,-0.030721798,-0.328618317,-0.33888571,-0.308012884,-0.358934741,-0.3719215,-0.332946083
2006,19,-0.556814514,-0.375038981,-0.655540942,-0.549565966,-0.372127376,-0.645213521,-0.558536162,train,0.213698745,0.205957027,0.227272105,0.110340975,0.099896128,0.128713079,-0.659708324,-0.658834389,-0.660562388,-0.49416332,-0.498860049,-0.484287636
2006,20,-0.56025781,-0.375038981,-0.661705716,-0.558536162,-0.375038981,-0.658623329,-0.56125954,train,0.376152972,0.382284129,0.365221288,0.294925858,0.294120578,0.296246697,-0.381687303,-0.380092472,-0.384321715,-0.520697813,-0.51946343,-0.522442052
2006,21,-0.562261271,-0.375038981,-0.665292652,-0.56125954,-0.375038981,-0.663499184,-0.562262649,train,1.048748022,1.053719008,1.039636584,0.712450497,0.718001568,0.702428936,-0.543165311,-0.557948453,-0.513405695,-0.462426307,-0.469020462,-0.448863705
2006,22,-0.562264028,-0.374999646,-0.665333392,-0.562262649,-0.375019314,-0.665313022,-0.562274027,train,1.384106269,1.388876852,1.375236078,1.216427146,1.22129793,1.207436331,-0.649717729,-0.652265615,-0.643860983,-0.59644152,-0.605107034,-0.578633339
2006,23,-0.562284025,-0.375038981,-0.665333392,-0.562274027,-0.375019314,-0.665333392,-0.562284025,train,0.716991303,0.689305484,0.765547928,1.050548786,1.039091168,1.070392003,-0.685164201,-0.684288351,-0.68598872,-0.667440965,-0.668276983,-0.664924851
2006,24,-0.562284025,-0.375038981,-0.665333392,-0.562284025,-0.375038981,-0.665333392,-0.562280411,train,0.992221864,0.966821235,1.036658978,0.854606583,0.828063359,0.901103453,-0.687872449,-0.687227156,-0.688240378,-0.686518325,-0.685757754,-0.687114549
2006,25,-0.562276797,-0.375024764,-0.665333392,-0.562280411,-0.375031873,-0.665333392,-0.562073714,train,1.041397386,1.03968322,1.044070918,1.016809625,1.003252227,1.040364948,-0.679384393,-0.679341732,-0.678579256,-0.683628421,-0.683284444,-0.683409817
2006,26,-0.56187063,-0.374601349,-0.664991598,-0.562073714,-0.374813056,-0.665162495,-0.56184415,train,0.954223484,0.961394508,0.941266057,0.997810435,1.000538864,0.992668487,-0.671977913,-0.671343175,-0.6723459,-0.675681153,-0.675342453,-0.675462578
2006,27,-0.561817669,-0.374476214,-0.665010676,-0.56184415,-0.374538782,-0.665001137,-0.562050847,train,0.847029803,0.841087837,0.857219682,0.900626644,0.901241173,0.89924287,-0.592742132,-0.591935482,-0.593551604,-0.632360022,-0.631639328,-0.632948752
2006,28,-0.562284025,-0.375038981,-0.665333392,-0.562050847,-0.374757598,-0.665172034,-0.562284025,train,1.102778309,1.090663187,1.123762936,0.974904056,0.965875512,0.990491309,-0.635153963,-0.637230096,-0.63024327,-0.613948048,-0.614582789,-0.611897437
2006,29,-0.562284025,-0.375038981,-0.665333392,-0.562284025,-0.375038981,-0.665333392,-0.562284025,train,1.145358039,1.141613053,1.151576166,1.124068174,1.11613812,1.137669551,-0.689289958,-0.688527949,-0.68988538,-0.662221961,-0.662879022,-0.660064325
2006,30,-0.562284025,-0.375038981,-0.665333392,-0.562284025,-0.375038981,-0.665333392,-0.562284025,train,1.093128238,1.097205522,1.085577125,1.119243139,1.119409288,1.118576646,-0.688944732,-0.688213865,-0.689479412,-0.689117345,-0.688370907,-0.689682396
2006,31,-0.562284025,-0.375038981,-0.665333392,-0.562284025,-0.375038981,-0.665333392,-0.562284025,train,1.307810659,1.291669936,1.335821918,1.200469449,1.194437729,1.210699521,-0.688887967,-0.688097107,-0.689540607,-0.68891635,-0.688155486,-0.689510009
2006,32,-0.562284025,-0.375038981,-0.665333392,-0.562284025,-0.375038981,-0.665333392,-0.560853857,train,1.283302122,1.251725656,1.338526915,1.29555639,1.271697796,1.337174416,-0.688748814,-0.687814742,-0.689683049,-0.688818391,-0.687955925,-0.689611828
2006,33,-0.559423689,-0.371023818,-0.663866961,-0.560853857,-0.3730314,-0.664600176,-0.560853857,train,1.330863177,1.340238027,1.313895785,1.307082649,1.295981841,1.32621135,-0.30002673,-0.301540378,-0.296659828,-0.494387772,-0.49467756,-0.493171439
2006,34,-0.562284025,-0.375038981,-0.665333392,-0.560853857,-0.3730314,-0.664600176,-0.562284025,train,1.287171929,1.283110445,1.293900536,1.309017553,1.311674236,1.303898161,-0.656476568,-0.65633849,-0.655888898,-0.478251649,-0.478939434,-0.476274363
2006,35,-0.562284025,-0.375038981,-0.665333392,-0.562284025,-0.375038981,-0.665333392,-0.562284025,train,1.007272249,0.980112664,1.054804483,1.147222089,1.131611554,1.17435251,-0.675616513,-0.674748518,-0.676438089,-0.66604654,-0.665543504,-0.666163494
2006,36,-0.562284025,-0.375038981,-0.665333392,-0.562284025,-0.375038981,-0.665333392,-0.562284025,train,1.210219954,1.201337044,1.225471968,1.108746102,1.090724854,1.140138226,-0.677648143,-0.676940955,-0.678151074,-0.676632328,-0.675844736,-0.677294582
2006,37,-0.562284025,-0.375038981,-0.665333392,-0.562284025,-0.375038981,-0.665333392,-0.561984662,train,0.94793267,0.959179895,0.927793076,1.079076312,1.08025847,1.076632522,-0.688846897,-0.688062169,-0.689487541,-0.68324752,-0.682501562,-0.683819307
2006,38,-0.561685299,-0.374036887,-0.665173563,-0.561984662,-0.374537934,-0.665253477,-0.561984662,train,0.465907702,0.460051638,0.476073416,0.706920186,0.709615767,0.701933246,-0.553058411,-0.544075477,-0.569986215,-0.620952654,-0.616068823,-0.629736878
2006,39,-0.562284025,-0.375038981,-0.665333392,-0.561984662,-0.374537934,-0.665253477,-0.56221261,train,0.662682485,0.669589176,0.650288273,0.564295093,0.564820407,0.563180844,-0.419156951,-0.424661677,-0.407791697,-0.486107681,-0.484368577,-0.488888956
2006,40,-0.562141194,-0.374901085,-0.665203185,-0.56221261,-0.374970033,-0.665268288,-0.557807465,train,0.608210204,0.607108363,0.609949137,0.635446344,0.638348769,0.630118705,-0.520174365,-0.5200027,-0.519831046,-0.469665658,-0.472332188,-0.463811372
2006,41,-0.553473735,-0.371333427,-0.652932532,-0.557807465,-0.373117256,-0.659067859,-0.553461748,train,0.187665197,0.19976873,0.166270184,0.3979377,0.403438546,0.388109661,-0.321987454,-0.3035692,-0.357758029,-0.42108091,-0.41178595,-0.438794537
2006,42,-0.553449761,-0.369663771,-0.654409343,-0.553461748,-0.370498599,-0.653670938,-0.506347183,train,-0.081865363,-0.073423323,-0.096717045,0.052899917,0.063172703,0.034776569,0.868764533,0.811214493,0.980713664,0.273388539,0.253822646,0.311477817
2006,43,-0.459244605,-0.329736796,-0.522089063,-0.506347183,-0.349700284,-0.588249203,-0.446860569,train,-0.473378443,-0.462798897,-0.491866756,-0.277621903,-0.26811111,-0.294291901,1.733503136,1.747948664,1.702849391,1.301133835,1.279581579,1.341781527
2006,44,-0.434476534,-0.320301092,-0.486333493,-0.446860569,-0.325018944,-0.504211278,-0.463384781,train,-0.751569379,-0.75646596,-0.742688291,-0.612473911,-0.609632428,-0.617277523,0.749967787,0.777335789,0.695208308,1.241735462,1.262642227,1.199028849
2006,45,-0.492293028,-0.370634501,-0.544032593,-0.463384781,-0.345467797,-0.515183043,-0.498603388,train,-0.762142066,-0.765436348,-0.756081485,-0.756855722,-0.760951154,-0.749384888,-0.438411955,-0.423867429,-0.466418311,0.155777916,0.17673418,0.114394998
2006,46,-0.504913749,-0.37479052,-0.562845517,-0.498603388,-0.372712511,-0.553439055,-0.517485614,train,-0.835275548,-0.84564652,-0.816717953,-0.798708807,-0.805541434,-0.786399719,-0.68835979,-0.687729908,-0.688696798,-0.563385873,-0.555798668,-0.577557555
2006,47,-0.53005748,-0.374885437,-0.607775706,-0.517485614,-0.374837978,-0.585310612,-0.531447962,train,-0.835622593,-0.842184868,-0.823777674,-0.83544907,-0.843915694,-0.820247813,-0.687730468,-0.686958444,-0.68834761,-0.688045129,-0.687344176,-0.688522204
2006,48,-0.532838445,-0.374810798,-0.612822599,-0.531447962,-0.374848117,-0.610299153,-0.535042016,train,-1.103682943,-1.104964194,-1.101056287,-0.969652768,-0.973574531,-0.962416981,-0.68806472,-0.687298421,-0.688670175,-0.687897594,-0.687128433,-0.688508893
2006,49,-0.537245587,-0.373449089,-0.621952452,-0.535042016,-0.374129944,-0.617387526,-0.53896907,train,-1.180954125,-1.183528856,-1.176021927,-1.142318534,-1.144246525,-1.138539107,-0.671140108,-0.671691618,-0.669178213,-0.679602414,-0.67949502,-0.678924194
2006,50,-0.540692552,-0.373722796,-0.627874666,-0.53896907,-0.373585942,-0.624913559,-0.335296899,train,-1.121690788,-1.149454757,-1.072382581,-1.151322457,-1.166491806,-1.124202254,-0.689181263,-0.688408782,-0.689797406,-0.680160686,-0.6800502,-0.67948781
2006,51,-0.129901246,-0.216170446,-0.035811456,-0.335296899,-0.294946621,-0.331843061,0.943557185,train,-1.479526307,-1.483723295,-1.471635216,-1.300608547,-1.316589026,-1.272008899,1.287636288,1.293341041,1.274741587,0.299227512,0.30246613,0.29247209
2006,52,2.017015616,1.633824217,2.124086189,0.943557185,0.708826885,1.044137367,2.048924838,train,-1.919972957,-1.939144967,-1.885541491,-1.699749632,-1.711434131,-1.678588353,-0.422308667,-0.405018101,-0.455732065,0.432663811,0.44416147,0.409504761
2007,1,2.080834059,1.637878662,2.234654435,2.048924838,1.635851439,2.179370312,1.855107515,train,-1.517679907,-1.532859883,-1.490418669,-1.718826432,-1.736002425,-1.68798008,0.780747908,0.800824532,0.740275721,0.179219621,0.197903216,0.142271828
2007,2,1.629380971,0.850300874,2.143245129,1.855107515,1.244089768,2.188949782,1.658672617,train,-1.516838759,-1.534854241,-1.484580249,-1.517259333,-1.533857062,-1.487499459,-0.651820638,-0.651783321,-0.651041068,0.064463635,0.074520605,0.044617326
2007,3,1.687964263,0.971879699,2.137469009,1.658672617,0.911090287,2.140357069,1.433871658,train,-1.378338725,-1.411569221,-1.319310136,-1.447588742,-1.473211731,-1.401945192,1.510304519,1.488922265,1.55034446,0.42924194,0.418569472,0.449651696
2007,4,1.179779052,0.510597323,1.647491852,1.433871658,0.741238511,1.892480431,1.655545206,train,-1.295656759,-1.312864235,-1.264896191,-1.336997742,-1.362216728,-1.292103164,1.563840159,1.576978205,1.53597762,1.537072339,1.532950235,1.54316104
2007,5,2.13131136,2.296772875,1.725297382,1.655545206,1.403685099,1.686394617,2.489528099,train,-1.644464096,-1.645922489,-1.641344689,-1.470060427,-1.479393362,-1.45312044,2.491934576,2.49031285,2.491860606,2.027887368,2.033645527,2.013919113
2007,6,2.847744837,3.061294719,2.312105322,2.489528099,2.679033797,2.018701352,2.14343842,train,-1.288083668,-1.287611508,-1.288485822,-1.466273882,-1.466766998,-1.464915256,0.194558079,0.20706877,0.169719979,1.343246327,1.34869081,1.330790292
2007,7,1.439132002,0.628073899,2.004901612,2.14343842,1.844684309,2.158503467,1.277545735,train,-1.187953359,-1.185281259,-1.192266312,-1.238018514,-1.236446383,-1.240376067,0.48653417,0.493071488,0.473051707,0.340546124,0.350070129,0.321385843
2007,8,1.115959468,0.219127595,1.798528958,1.277545735,0.423600747,1.901715285,0.920190223,train,-0.945170601,-0.943791101,-0.947286413,-1.06656198,-1.06453618,-1.069776363,0.425202373,0.458145707,0.359912311,0.455868271,0.475608598,0.416482009
2007,9,0.724420979,-0.097496442,1.385723572,0.920190223,0.060815576,1.592126265,0.557615749,train,-1.025827766,-1.03977234,-1.000908117,-0.985499184,-0.991781721,-0.974097265,0.119841793,0.135108946,0.089685007,0.272522083,0.296627327,0.224798659
2007,10,0.390810519,-0.216829958,0.89705559,0.557615749,-0.1571632,1.141389581,0.589700477,train,-0.741269614,-0.745803282,-0.733031596,-0.88354869,-0.892787811,-0.866969856,0.717523766,0.785155996,0.583687483,0.41868278,0.460132471,0.336686245
2007,11,0.788590435,0.239256507,1.194095766,0.589700477,0.011213275,1.045575678,0.437317699,train,-1.295560524,-1.288719699,-1.307184892,-1.018415069,-1.01726149,-1.020108244,0.281695841,0.291895797,0.261284319,0.499609803,0.538525896,0.422485901
2007,12,0.086044962,-0.30817986,0.434559778,0.437317699,-0.034461677,0.814327772,0.029093541,train,-0.808009421,-0.800379289,-0.821187705,-1.051784973,-1.044549494,-1.064186298,-0.076535534,-0.09118041,-0.047658188,0.102580153,0.100357693,0.106813065
2007,13,-0.027857879,-0.340210086,0.259785677,0.029093541,-0.324194973,0.347172728,-0.176814632,train,-0.920228105,-0.916023088,-0.92733219,-0.864118763,-0.858201188,-0.874259948,0.460594613,0.509772827,0.363356682,0.19202954,0.209296208,0.157849247
2007,14,-0.325771385,-0.299748577,-0.310418092,-0.176814632,-0.319979332,-0.025316208,-0.344007255,train,-0.493078684,-0.486487692,-0.504530631,-0.706653395,-0.70125539,-0.71593141,0.199100547,0.178137135,0.240033157,0.32984758,0.343954981,0.30169492
2007,15,-0.362243124,-0.368587752,-0.313058105,-0.344007255,-0.334168165,-0.311738098,-0.350317434,train,-0.800885951,-0.783409007,-0.831421522,-0.646982317,-0.63494835,-0.667976076,0.810101029,0.781057624,0.866111347,0.504600788,0.479597379,0.553072252
2007,16,-0.338391743,-0.374269693,-0.265183565,-0.350317434,-0.371428722,-0.289120835,-0.408193378,train,-0.45870613,-0.456348314,-0.46270862,-0.62979604,-0.61987866,-0.647065071,-0.230361517,-0.241990825,-0.207208487,0.289869756,0.2695334,0.32945143
2007,17,-0.477995013,-0.375038981,-0.514424868,-0.408193378,-0.374654337,-0.389804216,-0.502079106,train,-0.045958266,-0.040550889,-0.055473375,-0.252332198,-0.248449601,-0.259090997,-0.451588865,-0.469135221,-0.416519356,-0.340975191,-0.355563023,-0.311863921
2007,18,-0.526163199,-0.37480107,-0.600880294,-0.502079106,-0.374920026,-0.557652581,-0.541126976,train,0.830583763,0.846786219,0.801749801,0.392312748,0.403117665,0.373138213,-0.265412601,-0.284335334,-0.22788212,-0.358500733,-0.376735278,-0.322200738
2007,19,-0.556090752,-0.373751935,-0.655416619,-0.541126976,-0.374276503,-0.628148456,-0.558998578,train,0.180649301,0.188219408,0.167246752,0.505616532,0.517502813,0.484498276,3.208006566,3.011624526,3.589699876,1.471296982,1.363644596,1.680908878
2007,20,-0.561906404,-0.375038981,-0.664657309,-0.558998578,-0.374395458,-0.660036964,-0.561772964,train,0.351685109,0.335170546,0.380674459,0.266167205,0.261694977,0.273960606,1.018573622,0.915668538,1.219449446,2.113290094,1.963646532,2.404574661
2007,21,-0.561639525,-0.374365065,-0.664792901,-0.561772964,-0.374702023,-0.664725105,-0.561961775,train,0.577688886,0.581419035,0.570921673,0.464686998,0.458294791,0.475798066,-0.368225329,-0.389070487,-0.326782749,0.325174147,0.263299026,0.446333349
2007,22,-0.562284025,-0.375038981,-0.665333392,-0.561961775,-0.374702023,-0.665063146,-0.562284025,train,0.650907287,0.63261391,0.682931886,0.614298087,0.607016473,0.62692678,-0.668147497,-0.66806011,-0.66744495,-0.518186413,-0.528565298,-0.497113849
2007,23,-0.562284025,-0.375038981,-0.665333392,-0.562284025,-0.375038981,-0.665333392,-0.562284025,train,0.619424274,0.604819092,0.644958973,0.63516578,0.618716501,0.663945429,-0.649006421,-0.65233442,-0.641617684,-0.658576959,-0.660197265,-0.654531317
2007,24,-0.562284025,-0.375038981,-0.665333392,-0.562284025,-0.375038981,-0.665333392,-0.562284025,train,0.923301149,0.905732543,0.953957407,0.771362711,0.755275818,0.79945819,-0.689383746,-0.688603864,-0.690014167,-0.669195084,-0.670469142,-0.665815925
2007,25,-0.562284025,-0.375038981,-0.665333392,-0.562284025,-0.375038981,-0.665333392,-0.562278429,train,1.308846864,1.331632527,1.268250393,1.116074007,1.118682535,1.1111039,-0.68801485,-0.687826535,-0.687484632,-0.688699298,-0.688215199,-0.688749399
2007,26,-0.562272833,-0.375016967,-0.665333392,-0.562278429,-0.375027974,-0.665333392,-0.562278429,train,1.110463019,1.118828715,1.095347832,1.209654941,1.225230621,1.181799112,-0.626706745,-0.631154943,-0.617145994,-0.657360798,-0.659490739,-0.652315313
2007,27,-0.562284025,-0.375038981,-0.665333392,-0.562278429,-0.375027974,-0.665333392,-0.562277296,train,1.171241796,1.161099888,1.188725793,1.140852407,1.139964302,1.142036813,-0.689451957,-0.688683071,-0.690060681,-0.658079351,-0.659919007,-0.653603337
2007,28,-0.562270566,-0.375012506,-0.665333392,-0.562277296,-0.375025744,-0.665333392,-0.562205025,train,0.991405515,0.984225989,1.003728381,1.081323655,1.072662939,1.096227087,-0.687143779,-0.686079186,-0.688336587,-0.688297868,-0.687381128,-0.689198634
2007,29,-0.562139484,-0.3748244,-0.665269922,-0.562205025,-0.374918453,-0.665301657,-0.56216055,train,1.380188655,1.387361491,1.367085825,1.185797085,1.18579374,1.185407103,-0.569164942,-0.568966613,-0.568809915,-0.628154361,-0.6275229,-0.628573251
2007,30,-0.562181616,-0.374859401,-0.665313495,-0.56216055,-0.374841901,-0.665291709,-0.562232821,train,1.781252451,1.791911671,1.76187101,1.580720553,1.589636581,1.564478417,-0.41202972,-0.427409105,-0.381270074,-0.490597331,-0.498187859,-0.475039994
2007,31,-0.562284025,-0.375038981,-0.665333392,-0.562232821,-0.374949191,-0.665323443,-0.562284025,train,1.16111933,1.136264458,1.204538167,1.471185891,1.464088065,1.483204588,-0.687485835,-0.686247611,-0.689019381,-0.549757777,-0.556828358,-0.535144727
2007,32,-0.562284025,-0.375038981,-0.665333392,-0.562284025,-0.375038981,-0.665333392,-0.562284025,train,1.163612825,1.129157926,1.223950785,1.162366077,1.132711192,1.214244476,-0.689029509,-0.688221571,-0.689715522,-0.688257672,-0.687234591,-0.689367452
2007,33,-0.562284025,-0.375038981,-0.665333392,-0.562284025,-0.375038981,-0.665333392,-0.562280412,train,1.200541619,1.20159828,1.198278465,1.182077222,1.165378103,1.211114625,-0.678405709,-0.677612144,-0.67907738,-0.683717609,-0.682916857,-0.684396451
2007,34,-0.562276799,-0.375024766,-0.665333392,-0.562280412,-0.375031874,-0.665333392,-0.562274313,train,1.227206661,1.243603519,1.197897654,1.21387414,1.222600899,1.198088059,-0.662014007,-0.660550697,-0.664023176,-0.670209858,-0.66908142,-0.671550278
2007,35,-0.562271827,-0.375038981,-0.665311553,-0.562274313,-0.375031874,-0.665322472,-0.562181896,train,1.305370053,1.310257481,1.296320213,1.266288357,1.2769305,1.247108934,-0.495987153,-0.495188806,-0.496906913,-0.57900058,-0.577869752,-0.580465044
2007,36,-0.562091965,-0.374704732,-0.665293769,-0.562181896,-0.374871857,-0.665302661,-0.562187995,train,0.862724712,0.83821213,0.905639884,1.084047383,1.074234805,1.100980049,-0.642602856,-0.64048686,-0.645919954,-0.569295005,-0.567837833,-0.571413433
2007,37,-0.562284025,-0.375038981,-0.665333392,-0.562187995,-0.374871857,-0.66531358,-0.562284025,train,0.874466019,0.875039305,0.873163669,0.868595366,0.856625718,0.889401777,-0.678303273,-0.678076809,-0.677860724,-0.660453065,-0.659281835,-0.661890339
2007,38,-0.562284025,-0.375038981,-0.665333392,-0.562284025,-0.375038981,-0.665333392,-0.556982324,train,0.763701107,0.760223138,0.769576034,0.819083563,0.817631222,0.821369852,-0.652065183,-0.650101648,-0.655070311,-0.665184228,-0.664089229,-0.666465517
2007,39,-0.551680623,-0.363089322,-0.657226041,-0.556982324,-0.369064152,-0.661279716,-0.556982324,train,0.904629314,0.92353767,0.871001506,0.83416521,0.841880404,0.82028877,-0.490851579,-0.498033875,-0.476096085,-0.571458381,-0.574067762,-0.565583198
2007,40,-0.562284025,-0.375038981,-0.665333392,-0.556982324,-0.369064152,-0.661279716,-0.562264568,train,0.506813489,0.520181104,0.483083997,0.705721401,0.721859387,0.677042751,-0.393467647,-0.396926378,-0.386156389,-0.442159613,-0.447480126,-0.431126237
2007,41,-0.562245111,-0.374962437,-0.665333392,-0.562264568,-0.375000709,-0.665333392,-0.562264568,train,0.333664554,0.326974886,0.345343638,0.420239022,0.423577995,0.414213817,-0.380238594,-0.384499103,-0.371369151,-0.38685312,-0.39071274,-0.37876277
2007,42,-0.562284025,-0.375038981,-0.665333392,-0.562264568,-0.375000709,-0.665333392,-0.562269503,train,0.381012959,0.397397978,0.35200732,0.357338757,0.362186432,0.348675479,-0.377843444,-0.386338209,-0.360656817,-0.379041019,-0.385418656,-0.366012984
2007,43,-0.562254981,-0.374981852,-0.665333392,-0.562269503,-0.375010417,-0.665333392,-0.562114145,train,0.073131692,0.070088602,0.078470694,0.227072326,0.23374329,0.215239007,-0.583088458,-0.575649333,-0.596943383,-0.480465951,-0.480993771,-0.4788001
2007,44,-0.561973308,-0.374516587,-0.66525258,-0.562114145,-0.374749219,-0.665292986,-0.558998895,train,0.109565547,0.135246801,0.064266004,0.09134862,0.102667702,0.071368349,-0.240719581,-0.232310625,-0.25692821,-0.411904019,-0.403979979,-0.426935796
2007,45,-0.556024481,-0.363079395,-0.66501219,-0.558998895,-0.368797991,-0.665132385,-0.544551411,train,-0.539499925,-0.544101331,-0.531209878,-0.214967189,-0.204427265,-0.233471937,-0.060287626,-0.025169649,-0.129215606,-0.150503603,-0.128740137,-0.193071908
2007,46,-0.533078342,-0.373249681,-0.614673043,-0.544551411,-0.368164538,-0.639842616,0.016298104,train,-0.497652836,-0.496328329,-0.499821126,-0.51857638,-0.52021483,-0.515515502,0.391939883,0.415474858,0.345180779,0.165826129,0.195152605,0.107982587
2007,47,0.56567455,-0.353074027,1.334137216,0.016298104,-0.363161854,0.359732086,0.261605267,train,-0.94370926,-0.958915388,-0.916593547,-0.720681048,-0.727621859,-0.708207336,-0.571955053,-0.567032359,-0.580879756,-0.090007585,-0.075778751,-0.117849488
2007,48,-0.042464015,-0.372421564,0.2629544,0.261605267,-0.362747795,0.798545808,0.410897288,train,-0.685655186,-0.696575169,-0.666179914,-0.814682223,-0.827745279,-0.79138673,-0.077652364,-0.075220792,-0.082328799,-0.324803709,-0.321126576,-0.331604278
2007,49,0.864258591,-0.103116243,1.641199829,0.410897288,-0.237768903,0.952077115,0.640775449,train,-0.983759265,-0.979030752,-0.991764796,-0.834707225,-0.837802961,-0.828972355,1.036151052,1.060081957,0.987771003,0.479249344,0.492430583,0.452721102
2007,50,0.417292307,-0.259938359,0.983705357,0.640775449,-0.181527301,1.312452593,0.359959236,train,-1.180230677,-1.178814342,-1.182332936,-1.081994971,-1.078922547,-1.087048866,0.691681428,0.719407025,0.636295542,0.86391624,0.889744491,0.812033272
2007,51,0.302626166,-0.360771922,0.870189942,0.359959236,-0.310355141,0.92694765,0.251489974,train,-1.502073561,-1.511981914,-1.484108719,-1.341152119,-1.345398128,-1.333220828,-0.392593097,-0.394053329,-0.389210035,0.149544166,0.162676848,0.123542753
2007,52,0.200353782,-0.363596534,0.689655509,0.251489974,-0.362184228,0.779922726,0.717604433,train,-1.385248502,-1.40537068,-1.349320892,-1.443661032,-1.458676297,-1.416714806,-0.581189646,-0.57432235,-0.593923411,-0.486891371,-0.48418784,-0.491566723
2008,1,1.234855085,0.231237834,2.000373286,0.717604433,-0.06617935,1.345014398,1.122988355,train,-1.592452638,-1.593468895,-1.590129857,-1.48885057,-1.499419787,-1.469725375,0.209672915,0.221514621,0.186129595,-0.185758365,-0.176403865,-0.203896908
2008,2,1.011121626,0.084925004,1.732982555,1.122988355,0.158081419,1.866677921,0.927455878,train,-2.01799282,-2.0348992,-1.987521781,-1.805222729,-1.814184048,-1.788825819,-0.540828577,-0.551923253,-0.518319857,-0.165577831,-0.165204316,-0.166095131
2008,3,0.843790131,-0.029251317,1.537321339,0.927455878,0.027836844,1.635151947,1.221898724,train,-1.612823506,-1.638997249,-1.566154095,-1.815408163,-1.836948225,-1.776837938,0.205746121,0.186933717,0.242443302,-0.167541228,-0.182494768,-0.137938277
2008,4,1.600007318,1.04932101,1.909505906,1.221898724,0.510034847,1.723413623,2.953165725,train,-1.736550289,-1.731842767,-1.744267505,-1.674686898,-1.685420008,-1.6552108,3.461494641,3.429810278,3.519225133,1.833620381,1.808371997,1.880834217
2008,5,4.306324133,5.69112741,2.529809992,2.953165725,3.37022421,2.219657949,3.633052644,train,-2.000641758,-2.036026603,-1.937608396,-1.868596024,-1.883934685,-1.840937951,-0.506436167,-0.499150942,-0.520088978,1.477529237,1.465329668,1.499568077
2008,6,2.959781155,3.208530211,2.378677021,3.633052644,4.449828811,2.454243507,1.779182528,train,-1.495419667,-1.494682114,-1.496220354,-1.748030713,-1.765354359,-1.716914375,-0.211534201,-0.185253919,-0.262898195,-0.358985184,-0.342202431,-0.391493586
2008,7,0.598583901,0.253946659,0.840542677,1.779182528,1.731238435,1.609609849,1.828623881,train,-1.716479105,-1.713210023,-1.721667786,-1.605949386,-1.603946069,-1.60894407,2.156932092,2.169841678,2.128742422,0.972698945,0.992293879,0.932922113
2008,8,3.05866386,3.602115887,2.197469232,1.828623881,1.928031273,1.519005954,2.306813219,train,-1.305025822,-1.324463434,-1.270331535,-1.510752463,-1.518836728,-1.495999661,-0.498296509,-0.497267118,-0.49966725,0.829317791,0.83628728,0.814537586
2008,9,1.554962578,0.973551806,1.897824809,2.306813219,2.287833847,2.047647021,1.037162357,train,-0.86978627,-0.872727243,-0.864312457,-1.087406046,-1.098595338,-1.067321996,-0.15532192,-0.135891731,-0.193299027,-0.326809214,-0.316579424,-0.346483138
2008,10,0.519362137,-0.002448429,0.932078997,1.037162357,0.485551689,1.414951903,0.466368634,train,-0.233628142,-0.236933704,-0.227724124,-0.551707206,-0.554830474,-0.546018291,-0.51020846,-0.522432329,-0.485520942,-0.33276519,-0.32916203,-0.339409984
2008,11,0.413375132,-0.192188951,0.915026182,0.466368634,-0.09731869,0.923552589,0.08873917,train,-0.74333454,-0.743202686,-0.743318769,-0.488481341,-0.490068195,-0.485521446,0.9125523,0.9383821,0.860602648,0.20117192,0.207974885,0.187540853
2008,12,-0.235896792,-0.363974126,-0.09105077,0.08873917,-0.278081538,0.411987706,-0.30171284,train,0.198738985,0.2132536,0.173090766,-0.272297777,-0.264974543,-0.285114001,-0.68455592,-0.683631764,-0.685476154,0.11399819,0.127375168,0.087563247
2008,13,-0.367528887,-0.374193522,-0.317419166,-0.30171284,-0.369083824,-0.204234968,-0.395455568,train,-0.710869247,-0.710896361,-0.710584134,-0.256065131,-0.248821381,-0.268746684,0.308289443,0.294938672,0.334120333,-0.188133238,-0.194346546,-0.175677911
2008,14,-0.423382249,-0.374881066,-0.416791546,-0.395455568,-0.374537294,-0.367105356,-0.451296558,train,-0.481365975,-0.48957021,-0.466745385,-0.596117611,-0.600233286,-0.588664759,-0.566996219,-0.562430102,-0.575226737,-0.129353388,-0.133745715,-0.120553202
2008,15,-0.479210867,-0.375038981,-0.516601696,-0.451296558,-0.374960024,-0.466696621,-0.49948445,train,0.248208446,0.260862906,0.225822218,-0.116578764,-0.114353652,-0.120461583,-0.616905485,-0.621412325,-0.607242326,-0.591950852,-0.591921213,-0.591234532
2008,16,-0.519758033,-0.375038981,-0.589196127,-0.49948445,-0.375038981,-0.552898912,-0.53065585,train,0.419165673,0.418004877,0.421071627,0.33368706,0.339433891,0.323446922,-0.687233133,-0.686637816,-0.687503694,-0.652069309,-0.654025071,-0.64737301
2008,17,-0.541553667,-0.371291315,-0.63162953,-0.53065585,-0.373165148,-0.610412829,-0.54718364,train,0.284597874,0.27760721,0.29682384,0.351881773,0.347806043,0.358947734,-0.567958504,-0.574849196,-0.553675119,-0.627595818,-0.630743506,-0.620589407
2008,18,-0.552813614,-0.374813771,-0.648582838,-0.54718364,-0.373052543,-0.640106184,-0.548945964,train,-0.165399233,-0.166461139,-0.163472415,0.059599321,0.055573035,0.066675713,-0.632151272,-0.629488123,-0.636557201,-0.600054888,-0.602168659,-0.59511616
2008,19,-0.545078313,-0.374987,-0.634576113,-0.548945964,-0.374900386,-0.641579476,-0.553046267,train,-0.13548047,-0.12409219,-0.155506975,-0.150439852,-0.145276665,-0.159489695,-0.166831734,-0.161951875,-0.176202368,-0.399491503,-0.395719999,-0.406379785
2008,20,-0.561014221,-0.375038981,-0.663059971,-0.553046267,-0.375012991,-0.648818042,-0.561644914,train,0.39007282,0.3935558,0.383803877,0.127296175,0.134731805,0.114148451,-0.480854008,-0.484879653,-0.472314418,-0.323842871,-0.323415764,-0.324258393
2008,21,-0.562275608,-0.375038981,-0.665318322,-0.561644914,-0.375038981,-0.664189146,-0.562279817,train,0.466351346,0.462546623,0.472901444,0.428212083,0.428051212,0.42835266,-0.661950995,-0.662553254,-0.659901402,-0.571402502,-0.573716454,-0.56610791
2008,22,-0.562284025,-0.375038981,-0.665333392,-0.562279817,-0.375038981,-0.665325857,-0.562284025,train,0.857636211,0.868537969,0.838135644,0.661993779,0.665542296,0.655518544,-0.676844533,-0.67753811,-0.674596012,-0.669397764,-0.670045682,-0.667248707
2008,23,-0.562284025,-0.375038981,-0.665333392,-0.562284025,-0.375038981,-0.665333392,-0.562284025,train,0.700975604,0.712271942,0.680831896,0.779305907,0.790404956,0.75948377,-0.670122277,-0.669614836,-0.670242551,-0.673483405,-0.673576473,-0.672419282
2008,24,-0.562284025,-0.375038981,-0.665333392,-0.562284025,-0.375038981,-0.665333392,-0.562284025,train,0.830731636,0.836555765,0.820189325,0.76585362,0.774413853,0.750510611,-0.689149794,-0.688375986,-0.689768584,-0.679636035,-0.678995411,-0.680005568
2008,25,-0.562284025,-0.375038981,-0.665333392,-0.562284025,-0.375038981,-0.665333392,-0.562274874,train,1.290573956,1.30490244,1.264889283,1.060652796,1.070729102,1.042539304,-0.678908916,-0.679216959,-0.677415266,-0.684029355,-0.683796473,-0.683591925
2008,26,-0.562265722,-0.375002978,-0.665333392,-0.562274874,-0.37502098,-0.665333392,-0.562274874,train,1.329829035,1.332282779,1.325060372,1.310201495,1.318592609,1.294974827,-0.68885432,-0.688066966,-0.689500114,-0.683881618,-0.683641963,-0.68345769
2008,27,-0.562284025,-0.375038981,-0.665333392,-0.562274874,-0.37502098,-0.665333392,-0.562284025,train,1.09821782,1.106009023,1.084119262,1.214023427,1.219145901,1.204589817,-0.640506985,-0.643402457,-0.633979285,-0.664680652,-0.665734711,-0.661739699
2008,28,-0.562284025,-0.375038981,-0.665333392,-0.562284025,-0.375038981,-0.665333392,-0.562284025,train,1.270025815,1.268650068,1.272026561,1.184121818,1.187329545,1.178072911,-0.671826641,-0.671096148,-0.672382983,-0.656166813,-0.657249302,-0.653181134
2008,29,-0.562284025,-0.375038981,-0.665333392,-0.562284025,-0.375038981,-0.665333392,-0.562284025,train,1.391425637,1.379285743,1.412357558,1.330725726,1.323967905,1.342192059,-0.688814613,-0.688019124,-0.689476444,-0.680320627,-0.679557636,-0.680929713
2008,30,-0.562284025,-0.375038981,-0.665333392,-0.562284025,-0.375038981,-0.665333392,-0.562284025,train,1.104918356,1.076072778,1.155389536,1.248171996,1.22767926,1.283873547,-0.686944125,-0.686046335,-0.687809427,-0.687879369,-0.68703273,-0.688642935
2008,31,-0.562284025,-0.375038981,-0.665333392,-0.562284025,-0.375038981,-0.665333392,-0.562284025,train,1.214560076,1.200457788,1.239009745,1.159739216,1.138265283,1.197199641,-0.689368017,-0.688598999,-0.689977109,-0.688156071,-0.687322667,-0.688893268
2008,32,-0.562284025,-0.375038981,-0.665333392,-0.562284025,-0.375038981,-0.665333392,-0.562189021,train,1.169274247,1.170731496,1.166315497,1.191917162,1.185594642,1.202662621,-0.67251629,-0.67318198,-0.670328232,-0.680942154,-0.680890489,-0.68015267
2008,33,-0.562094016,-0.375003012,-0.665025945,-0.562189021,-0.375020997,-0.665179668,-0.561571016,train,1.397721722,1.405216875,1.384044959,1.283497984,1.287974186,1.275180228,-0.641518051,-0.639564699,-0.644516971,-0.65701717,-0.656373339,-0.657422602
2008,34,-0.561048015,-0.373590237,-0.664439133,-0.561571016,-0.374296624,-0.664732539,-0.56166602,train,1.388620869,1.388285578,1.388748227,1.393171296,1.396751227,1.386396593,-0.461339385,-0.475651663,-0.432612086,-0.551428718,-0.557608181,-0.538564528
2008,35,-0.562284025,-0.375038981,-0.665333392,-0.56166602,-0.374314609,-0.664886262,-0.562284025,train,1.493662089,1.476835617,1.522819927,1.441141479,1.432560597,1.455784077,-0.630566283,-0.630977529,-0.628933096,-0.545952834,-0.553314596,-0.530772591
2008,36,-0.562284025,-0.375038981,-0.665333392,-0.562284025,-0.375038981,-0.665333392,-0.562278434,train,1.379821398,1.369310336,1.397886393,1.436741743,1.423072976,1.46035316,-0.556036934,-0.575817107,-0.516441304,-0.593301609,-0.603397318,-0.5726872
2008,37,-0.562272843,-0.375016985,-0.665333392,-0.562278434,-0.375027983,-0.665333392,-0.561557501,train,0.911516848,0.925785723,0.886063783,1.145669123,1.147548029,1.141975088,-0.379791862,-0.40390866,-0.331905373,-0.467914398,-0.489862883,-0.424173338
2008,38,-0.560842159,-0.372329958,-0.665217688,-0.561557501,-0.373673472,-0.66527554,-0.561258413,train,0.62475454,0.622888786,0.627834341,0.768135694,0.774337254,0.756949062,-0.50063023,-0.499902494,-0.501405164,-0.440211046,-0.451905577,-0.416655268
2008,39,-0.561674668,-0.374398471,-0.664825413,-0.561258413,-0.373364215,-0.665021551,-0.561979347,train,0.314124626,0.314637881,0.313115151,0.469439583,0.468763333,0.470474746,0.335018435,0.384605009,0.237142392,-0.082805897,-0.057648743,-0.132131386
2008,40,-0.562284025,-0.375038981,-0.665333392,-0.561979347,-0.374718726,-0.665079402,-0.56200113,train,0.467424182,0.469063092,0.46437957,0.390774404,0.391850487,0.38874736,-0.664932187,-0.667327165,-0.659355998,-0.164956876,-0.141361078,-0.211106803
2008,41,-0.561718235,-0.374042487,-0.665227434,-0.56200113,-0.374540734,-0.665280413,-0.561830926,train,0.385788726,0.392808396,0.373287829,0.426606454,0.430935744,0.418833699,0.565386888,0.560000584,0.575231179,-0.04977265,-0.05366329,-0.042062409
2008,42,-0.561943617,-0.374753424,-0.664983851,-0.561830926,-0.374397956,-0.665105642,-0.560239627,train,0.154312475,0.161410638,0.141750514,0.270050601,0.277109517,0.257519171,0.082305198,0.052178082,0.141397321,0.323846043,0.306089333,0.35831425
2008,43,-0.558535638,-0.369761811,-0.663425708,-0.560239627,-0.372257618,-0.664204779,-0.559211985,train,-0.321871075,-0.310828008,-0.341226918,-0.0837793,-0.074708685,-0.099738202,1.373110523,1.359286814,1.39847743,0.72770786,0.705732448,0.769937376
2008,44,-0.559888333,-0.374658162,-0.661390839,-0.559211985,-0.372209987,-0.662408273,-0.560626674,train,-0.420234968,-0.406158876,-0.444903652,-0.371053021,-0.358493442,-0.393065285,-0.656523709,-0.65381615,-0.660985013,0.358293407,0.352735332,0.368746209
2008,45,-0.561365016,-0.373846959,-0.664773011,-0.560626674,-0.374252561,-0.663081925,-0.520962343,train,-0.361550204,-0.359332149,-0.365338802,-0.390892586,-0.382745513,-0.405121227,-0.573546831,-0.57379414,-0.572310388,-0.61503527,-0.613805145,-0.6166477
2008,46,-0.480559671,-0.374182012,-0.519796574,-0.520962343,-0.374014486,-0.592284792,-0.436444852,train,-0.507887035,-0.507682016,-0.508078823,-0.43471862,-0.433507083,-0.436708812,-0.576768961,-0.573669824,-0.582104074,-0.575157896,-0.573731982,-0.577207231
2008,47,-0.392330033,-0.314038085,-0.416576292,-0.436444852,-0.344110049,-0.468186433,-0.361441074,train,-0.502775546,-0.492242355,-0.521172344,-0.505331291,-0.499962186,-0.514625583,-0.441198442,-0.428526288,-0.465521938,-0.508983702,-0.501098056,-0.523813006
2008,48,-0.330552116,-0.331801832,-0.289802273,-0.361441074,-0.322919959,-0.353189283,-0.344670858,train,-0.721005869,-0.735995951,-0.694345287,-0.611890708,-0.614119153,-0.607758815,-0.124654809,-0.111693006,-0.149961658,-0.282926626,-0.270109647,-0.307741798
2008,49,-0.358789599,-0.36950817,-0.306037246,-0.344670858,-0.350655001,-0.29791976,-0.372326412,train,-0.592013934,-0.610432741,-0.559353319,-0.656509902,-0.673214346,-0.626849303,0.284118831,0.300378342,0.251797105,0.079732011,0.094342668,0.050917723
2008,50,-0.385863224,-0.370700928,-0.353423398,-0.372326412,-0.370104549,-0.329730322,-0.369766255,train,-1.07398829,-1.090038138,-1.045342036,-0.833001112,-0.85023544,-0.802347678,-0.619371268,-0.618158909,-0.620943118,-0.167626219,-0.158890283,-0.184573006
2008,51,-0.353669285,-0.254529091,-0.401524748,-0.369766255,-0.312615009,-0.377474073,0.596119081,train,-0.906470578,-0.913602926,-0.893597259,-0.990229434,-1.001820532,-0.969469647,1.518356737,1.520265501,1.512619264,0.449492734,0.451053296,0.445838073
2008,52,1.545907446,0.750418354,2.084710395,0.596119081,0.247944632,0.841592824,1.528237136,train,-1.453420617,-1.459446441,-1.442314937,-1.179945598,-1.186524683,-1.167956098,0.728555068,0.757787905,0.670159204,1.123455902,1.139026703,1.091389234
2009,1,1.510566826,0.670173007,2.094477481,1.528237136,0.71029568,2.089593938,1.242926866,train,-1.568076778,-1.576598104,-1.552534523,-1.510748698,-1.518022272,-1.49742473,-0.555292532,-0.5510058,-0.562989371,0.086631268,0.103391052,0.053584916
2009,2,0.975286906,0.096827629,1.657991294,1.242926866,0.383500318,1.876234388,0.831566117,train,-1.409141748,-1.423748864,-1.382926405,-1.488609263,-1.500173484,-1.467730464,-0.126788377,-0.123756636,-0.132579853,-0.341040455,-0.337381218,-0.347784612
2009,3,0.687845328,-0.117085692,1.338069894,0.831566117,-0.010129032,1.498030594,0.513433984,train,-1.016056296,-1.030983862,-0.989407394,-1.212599022,-1.227366363,-1.186166899,-0.579120735,-0.574326141,-0.587784345,-0.352954556,-0.349041388,-0.360182099
2009,4,0.33902264,-0.268716351,0.85156348,0.513433984,-0.192901022,1.094816687,0.784784326,train,-0.952273233,-0.959981359,-0.938369819,-0.984164765,-0.995482611,-0.963888606,-0.342194263,-0.333735334,-0.358368311,-0.460657499,-0.454030738,-0.473076328
2009,5,1.230546011,0.571195681,1.683226448,0.784784326,0.151239665,1.267394964,1.200714534,train,-1.174316716,-1.17367253,-1.175060045,-1.063294975,-1.066826944,-1.056714932,0.538725179,0.552795355,0.51037235,0.098265458,0.10953001,0.07600202
2009,6,1.170883058,0.530744871,1.613226292,1.200714534,0.550970276,1.64822637,1.148000515,train,-0.859545522,-0.862843801,-0.853445379,-1.016931119,-1.018258165,-1.014252712,0.128338931,0.168359334,0.049530863,0.333532055,0.360577344,0.279951607
2009,7,1.125117973,0.238784669,1.797034064,1.148000515,0.38476477,1.705130178,0.729974007,train,-1.181354039,-1.179114289,-1.184907183,-1.02044978,-1.020979045,-1.019176281,0.714529566,0.74644241,0.650885837,0.421434249,0.457400872,0.35020835
2009,8,0.33483004,0.320792441,0.307482166,0.729974007,0.279788555,1.052258115,1.429331336,train,-1.56277238,-1.547564254,-1.589054826,-1.372063209,-1.363339271,-1.386981005,3.543751227,3.573712936,3.480239481,2.129140397,2.160077673,2.065562659
2009,9,2.523832632,2.479623733,2.261623589,1.429331336,1.400208087,1.284552878,2.141215548,train,-1.50666197,-1.484885807,-1.544539253,-1.534717175,-1.51622503,-1.56679704,1.569237433,1.605844251,1.495251665,2.55649433,2.589778593,2.487745573
2009,10,1.758598464,1.099613466,2.147666203,2.141215548,1.789618599,2.204644896,1.188686611,train,-0.657572539,-0.655385161,-0.661208241,-1.082117254,-1.070135484,-1.102873747,-0.355510025,-0.371214119,-0.324186281,0.606863704,0.617315066,0.585532692
2009,11,0.618774759,-0.020641247,1.126623609,1.188686611,0.539486109,1.637144906,0.784417147,train,-1.127399043,-1.131005766,-1.120665847,-0.892485791,-0.893195464,-0.890937044,0.293705657,0.316807507,0.247926184,-0.030902184,-0.027203306,-0.038130049
2009,12,0.950059536,0.215389399,1.504909217,0.784417147,0.097374076,1.315766413,0.978439633,train,-1.108813377,-1.109839205,-1.106635189,-1.11810621,-1.120422485,-1.113650518,1.587714103,1.567919596,1.624532832,0.94070988,0.942363552,0.936229508
2009,13,1.006819731,0.315997397,1.514956871,0.978439633,0.265693398,1.509933044,0.564233272,train,-1.049952127,-1.045479658,-1.057484286,-1.079382752,-1.077659431,-1.082059737,1.084990138,1.091330348,1.071111921,1.336352121,1.329624972,1.347822377
2009,14,0.121646813,-0.274385108,0.467540048,0.564233272,0.020806144,0.99124846,0.007462026,train,-0.408968861,-0.397069144,-0.429805464,-0.729460494,-0.721274401,-0.743644875,-0.262639998,-0.273140294,-0.241663242,0.41117507,0.409095027,0.41472434
2009,15,-0.106722762,-0.348824985,0.126429693,0.007462026,-0.311605046,0.29698487,-0.062261178,train,-0.450447216,-0.441573962,-0.465935859,-0.429708038,-0.419321553,-0.447870661,0.336236068,0.334202171,0.339792716,0.036798035,0.030530939,0.049064737
2009,16,-0.017799595,-0.362892083,0.29843904,-0.062261178,-0.355858534,0.212434366,-0.186171119,train,-0.421857684,-0.410496718,-0.441740441,-0.43615245,-0.42603534,-0.45383815,0.198215013,0.252414177,0.091454231,0.267225541,0.293308174,0.215623474
2009,17,-0.354542642,-0.373269127,-0.295010373,-0.186171119,-0.368080605,0.001714333,-0.386317957,train,-0.289422781,-0.290581018,-0.287284776,-0.355640232,-0.350538868,-0.364512608,-0.625215566,-0.628196982,-0.618538993,-0.213500276,-0.187891403,-0.263542381
2009,18,-0.418093272,-0.375038981,-0.407178583,-0.386317957,-0.374154054,-0.351094478,-0.445281834,train,-0.144459952,-0.146675121,-0.14050751,-0.216941366,-0.21862807,-0.213896143,-0.384114727,-0.366930532,-0.417379081,-0.504665146,-0.497563757,-0.517959037
2009,19,-0.472470396,-0.371971899,-0.507325437,-0.445281834,-0.37350544,-0.45725201,-0.489670183,train,-0.185545674,-0.179882013,-0.195465879,-0.165002813,-0.163278567,-0.167986694,-0.259063322,-0.288252795,-0.20136699,-0.321589024,-0.327591664,-0.309373036
2009,20,-0.506869971,-0.37501991,-0.566139087,-0.489670183,-0.373495904,-0.536732262,-0.523834614,train,0.655633649,0.666744946,0.635831212,0.235043988,0.243431467,0.220182667,-0.19218111,-0.215621866,-0.14586853,-0.225622216,-0.25193733,-0.17361776
2009,21,-0.540799257,-0.37500592,-0.626897797,-0.523834614,-0.375012915,-0.596518442,-0.545038255,train,0.259347692,0.264432876,0.250298519,0.45749067,0.465588911,0.443064866,-0.508731412,-0.512487636,-0.50068476,-0.350456261,-0.364054751,-0.323276645
2009,22,-0.549277254,-0.375038981,-0.642046458,-0.545038255,-0.375022451,-0.634472128,-0.553823272,train,0.760366621,0.769087146,0.744742931,0.509857156,0.516760011,0.497520725,-0.688539173,-0.687838522,-0.689015008,-0.598635292,-0.600163079,-0.594849884
2009,23,-0.558369289,-0.375038981,-0.658324564,-0.553823272,-0.375038981,-0.650185511,-0.560161789,train,0.85091489,0.874897558,0.80836159,0.805640756,0.821992352,0.77655226,-0.456337817,-0.475202364,-0.418671849,-0.572438495,-0.581520443,-0.553843429
2009,24,-0.561954289,-0.375038981,-0.664743042,-0.560161789,-0.375038981,-0.661533803,-0.562119157,train,0.873178978,0.885966812,0.850349032,0.862046934,0.880432185,0.829355311,-0.604279917,-0.607964995,-0.596248042,-0.530308867,-0.541583679,-0.507459946
2009,25,-0.562284025,-0.375038981,-0.665333392,-0.562119157,-0.375038981,-0.665038217,-0.56206259,train,1.037097134,1.050635315,1.012889986,0.955138056,0.968301064,0.931619509,-0.656194215,-0.658965022,-0.649890955,-0.630237066,-0.633465008,-0.623069499
2009,26,-0.561841154,-0.374489679,-0.665040467,-0.56206259,-0.37476433,-0.665186929,-0.561835179,train,1.123902844,1.126390527,1.119143113,1.080499989,1.088512921,1.06601655,-0.616384939,-0.618570924,-0.611282945,-0.636289577,-0.638767973,-0.63058695
2009,27,-0.561829204,-0.37441126,-0.665090449,-0.561835179,-0.374450469,-0.665065458,-0.562026626,train,0.940297651,0.927459386,0.962611053,1.032100247,1.026924956,1.040877083,-0.675552289,-0.674470939,-0.676793192,-0.645968614,-0.646520932,-0.644038069
2009,28,-0.562224047,-0.374950306,-0.665306722,-0.562026626,-0.374680783,-0.665198585,-0.562254036,train,1.10200788,1.108531191,1.090142703,1.021152766,1.017995289,1.026376878,-0.678894672,-0.674387779,-0.686862397,-0.677223481,-0.674429359,-0.681827795
2009,29,-0.562284025,-0.375038981,-0.665333392,-0.562254036,-0.374994644,-0.665320057,-0.562233899,train,1.089509103,1.102490559,1.06626568,1.095758492,1.105510875,1.078204192,-0.678324202,-0.676999007,-0.680040635,-0.678609437,-0.675693393,-0.683451516
2009,30,-0.562183773,-0.374991044,-0.665197536,-0.562233899,-0.375015012,-0.665265464,-0.562233899,train,1.25639816,1.272182594,1.2281588,1.172953632,1.187336576,1.14721224,-0.670447253,-0.669942297,-0.67056222,-0.674385728,-0.673470652,-0.675301428
2009,31,-0.562284025,-0.375038981,-0.665333392,-0.562233899,-0.375015012,-0.665265464,-0.562201297,train,1.210589993,1.219593236,1.19431771,1.233494077,1.245887915,1.211238255,-0.679693439,-0.679164904,-0.67984264,-0.675070346,-0.674553601,-0.67520243
2009,32,-0.562118568,-0.37482292,-0.665233822,-0.562201297,-0.37493095,-0.665283607,-0.562201297,train,1.027328031,1.025462281,1.030273426,1.118959012,1.122527758,1.112295568,-0.673186042,-0.672282603,-0.674080446,-0.67643974,-0.675723753,-0.676961543
2009,33,-0.562284025,-0.375038981,-0.665333392,-0.562201297,-0.37493095,-0.665283607,-0.562284025,train,1.292186979,1.28545946,1.303612771,1.159757505,1.15546087,1.166943099,-0.681269524,-0.680905396,-0.681093603,-0.677227783,-0.676593999,-0.677587025
2009,34,-0.562284025,-0.375038981,-0.665333392,-0.562284025,-0.375038981,-0.665333392,-0.562189623,train,1.19913912,1.190717727,1.213581414,1.24566305,1.238088594,1.258597093,-0.687030223,-0.686327533,-0.687512038,-0.684149873,-0.683616465,-0.684302821
2009,35,-0.562095221,-0.374977612,-0.665051221,-0.562189623,-0.375008297,-0.665192306,-0.561797324,train,0.943568266,0.948085104,0.935292372,1.071353693,1.069401416,1.074436893,-0.525070757,-0.520194868,-0.533964836,-0.60605049,-0.603261201,-0.610738437
2009,36,-0.561499426,-0.375038981,-0.663928669,-0.561797324,-0.375008297,-0.664489945,-0.561765927,train,0.967108388,0.972730903,0.956875892,0.955338327,0.960408003,0.946084132,-0.493490211,-0.496135526,-0.487646438,-0.509280484,-0.508165197,-0.510805637
2009,37,-0.562032428,-0.374612727,-0.665270919,-0.561765927,-0.374825854,-0.664599794,-0.558110076,train,0.754827716,0.744373801,0.773000644,0.860968052,0.858552352,0.864938268,-0.629024949,-0.624537385,-0.637019947,-0.56125758,-0.560336455,-0.562333192
2009,38,-0.554187725,-0.361799201,-0.662888957,-0.558110076,-0.368205964,-0.664079938,-0.558115685,train,0.394142998,0.404328947,0.376058776,0.574485357,0.574351374,0.57452971,-0.137486179,-0.122615849,-0.166526497,-0.383255564,-0.373576617,-0.401773222
2009,39,-0.562043645,-0.374566155,-0.665333392,-0.558115685,-0.368182678,-0.664111174,-0.561187706,train,0.431568956,0.440350606,0.415947302,0.412855977,0.422339777,0.396003039,-0.635274695,-0.632931361,-0.639048101,-0.386380437,-0.377773605,-0.402787299
2009,40,-0.560331768,-0.371198906,-0.665333392,-0.561187706,-0.37288253,-0.665333392,-0.561046141,train,0.515587393,0.530214939,0.489634355,0.473578174,0.485282773,0.452790828,-0.606985876,-0.601691253,-0.616595584,-0.621130286,-0.617311307,-0.627821843
2009,41,-0.561760515,-0.374084296,-0.665265075,-0.561046141,-0.372641601,-0.665299233,-0.561769086,train,0.552518225,0.570313222,0.520970255,0.534052809,0.550264081,0.505302305,-0.652640903,-0.653950868,-0.649212848,-0.62981339,-0.62782106,-0.632904216
2009,42,-0.561777658,-0.374432727,-0.664978623,-0.561769086,-0.374258511,-0.665121849,-0.560550419,train,0.869912879,0.895664057,0.824236254,0.711215552,0.73298864,0.672603254,-0.451644495,-0.468456788,-0.418017347,-0.552142699,-0.561203828,-0.533615097
2009,43,-0.559323181,-0.372249612,-0.662571287,-0.560550419,-0.373341169,-0.663774955,-0.350385713,train,0.164559301,0.188363482,0.12254972,0.51723609,0.54201377,0.473392987,0.573384932,0.552103787,0.614452142,0.060870219,0.0418235,0.098217397
2009,44,-0.141448245,-0.290634657,0.011292986,-0.350385713,-0.331442135,-0.325639151,-0.231903451,train,-0.462545061,-0.450231202,-0.484093701,-0.14899288,-0.13093386,-0.18077199,2.424140809,2.506988617,2.258172809,1.498762871,1.529546202,1.436312475
2009,45,-0.322358656,-0.374684898,-0.236100483,-0.231903451,-0.332659778,-0.112403749,-0.332715066,train,-0.103341913,-0.126253422,-0.062926095,-0.282943487,-0.288242312,-0.273509898,-0.688732813,-0.687823144,-0.689619115,0.867703998,0.909582736,0.784276847
2009,46,-0.343071476,-0.344531001,-0.300630383,-0.332715066,-0.35960795,-0.268365433,-0.350036887,train,-0.767661363,-0.764567911,-0.772857259,-0.435501638,-0.445410666,-0.417891677,-0.017288806,0.001620672,-0.05442333,-0.353010809,-0.343101236,-0.372021223
2009,47,-0.357002297,-0.373903358,-0.298836784,-0.350036887,-0.35921718,-0.299733583,-0.396762184,train,-0.75664782,-0.771585688,-0.730067365,-0.762154591,-0.768076799,-0.751462312,-0.382676519,-0.390184271,-0.367423049,-0.199982662,-0.1942818,-0.210923189
2009,48,-0.436522071,-0.373590827,-0.441491075,-0.396762184,-0.373747092,-0.370163929,-0.430348511,train,-0.895478583,-0.90959921,-0.870292158,-0.826063201,-0.840592449,-0.800179761,-0.683239622,-0.682067795,-0.684648254,-0.53295807,-0.536126033,-0.526035652
2009,49,-0.42417495,-0.365126729,-0.42708924,-0.430348511,-0.369358778,-0.434290157,-0.30528304,train,-0.970974162,-0.961498411,-0.987350923,-0.933226372,-0.93554881,-0.92882154,0.660421703,0.646208891,0.687485741,-0.01140896,-0.017929452,0.001418743
2009,50,-0.18639113,-0.340012175,-0.024227649,-0.30528304,-0.352569452,-0.225658444,0.108951016,train,-1.059363433,-1.056197292,-1.06459006,-1.015168797,-1.008847852,-1.025970491,0.963540563,0.964533861,0.960327952,0.811981133,0.805371376,0.823906847
2009,51,0.404293162,-0.294669314,0.992044434,0.108951016,-0.317340745,0.483908392,0.202221773,train,-0.853484421,-0.851062482,-0.857468131,-0.956423927,-0.953629887,-0.961029095,1.609674857,1.686639288,1.456333418,1.28660771,1.325586575,1.208330685
2009,52,0.000150385,-0.372249434,0.339093272,0.202221773,-0.333459374,0.665568853,-0.078900869,train,-0.686877217,-0.699785469,-0.663897232,-0.770180819,-0.775423976,-0.760682681,0.019060784,0.03551256,-0.013291915,0.81436782,0.861075924,0.721520751
2009,53,-0.157952122,-0.368500067,0.052618577,-0.078900869,-0.370374751,0.195855924,-0.227757107,train,-0.825356909,-0.845556053,-0.789480567,-0.756117063,-0.772670761,-0.726688899,-0.462585547,-0.439425162,-0.507490444,-0.221762381,-0.201956301,-0.260391179
2010,1,-0.297562091,-0.37245133,-0.193738465,-0.227757107,-0.370475699,-0.070559944,-0.263922245,train,-0.599944979,-0.628708124,-0.54904992,-0.712650944,-0.737132088,-0.669265243,-0.248823308,-0.256639528,-0.233138845,-0.355704427,-0.348032345,-0.370314644
2010,2,-0.230282398,-0.338883486,-0.103836602,-0.263922245,-0.355667408,-0.148787533,1.133796776,train,-0.944920863,-0.949258369,-0.936960589,-0.772432921,-0.788983246,-0.743005254,3.474196621,3.440274776,3.536307149,1.612686657,1.591817624,1.651584152
2010,3,2.49787595,2.460231143,2.232802794,1.133796776,1.060673829,1.064483096,1.72038619,train,-1.490626226,-1.490652703,-1.490081917,-1.217773544,-1.219955536,-1.213521253,1.369171272,1.390349333,1.325764813,2.421683947,2.415312054,2.431035981
2010,4,0.942896429,0.258363378,1.45296939,1.72038619,1.359297261,1.842886092,1.975474717,train,-1.089908286,-1.092242209,-1.085430905,-1.290267256,-1.291447456,-1.287756411,0.359711217,0.36749094,0.343953373,0.864441244,0.878920137,0.834859093
2010,5,3.008053004,3.527056146,2.17517697,1.975474717,1.892709762,1.81407318,1.825195139,train,-1.921308704,-1.923029474,-1.917634435,-1.505608495,-1.507635842,-1.50153267,0.915132239,0.91515532,0.913889446,0.637421728,0.64132313,0.62892141
2010,6,0.642337273,-0.092849888,1.234534037,1.825195139,1.717103129,1.704855504,0.233406284,train,-0.381423931,-0.381640705,-0.38091453,-1.151366317,-1.15233509,-1.149274483,-0.685979764,-0.68518864,-0.686636728,0.114576238,0.11498334,0.113626359
2010,7,-0.175524706,-0.364336857,0.017367767,0.233406284,-0.228593373,0.625950902,0.375861223,train,-0.642533989,-0.643981425,-0.639768388,-0.51197896,-0.512811065,-0.510341459,-0.328411112,-0.321689902,-0.341188576,-0.507195438,-0.503439271,-0.513912652
2010,8,0.927247151,-0.088366741,1.740547561,0.375861223,-0.226351799,0.878957664,0.421442297,train,-1.024479008,-1.018441708,-1.034777672,-0.833506499,-0.831211566,-0.83727303,3.409011052,3.433656684,3.356121711,1.54029997,1.555983391,1.507466567
2010,9,-0.084362557,-0.372149158,0.18769256,0.421442297,-0.23025795,0.96412006,-0.256170397,train,-0.232562943,-0.241453116,-0.216816457,-0.628520976,-0.629947412,-0.625797064,-0.66499234,-0.664808552,-0.664483351,1.372009356,1.384424066,1.34581918
2010,10,-0.427978238,-0.375006153,-0.424906211,-0.256170397,-0.373577656,-0.118606826,-0.385363448,train,0.070142643,0.071610953,0.067531343,-0.08121015,-0.084921082,-0.074642557,-0.591634945,-0.593266551,-0.587654692,-0.628313643,-0.629037551,-0.626069021
2010,11,-0.342748657,-0.369567911,-0.277263648,-0.385363448,-0.372287032,-0.35108493,-0.407448021,train,-0.885502635,-0.885939434,-0.884437157,-0.407679996,-0.40716424,-0.408452907,-0.281846928,-0.275094166,-0.294747321,-0.436740937,-0.434180358,-0.441201006
2010,12,-0.472147385,-0.374937298,-0.504048003,-0.407448021,-0.372252604,-0.390655826,-0.482168398,train,-0.685646866,-0.683303287,-0.689548499,-0.78557475,-0.78462136,-0.786992828,0.627375654,0.600693447,0.678985311,0.172764363,0.16279964,0.192118995
2010,13,-0.492189411,-0.375038981,-0.539838092,-0.482168398,-0.37498814,-0.521943047,-0.506857506,train,-0.061888022,-0.065504331,-0.055493651,-0.373767444,-0.374403809,-0.372521075,-0.670575913,-0.667743849,-0.675263482,-0.021600129,-0.033525201,0.001860915
2010,14,-0.521525601,-0.375012263,-0.592385048,-0.506857506,-0.375025622,-0.56611157,-0.525047612,train,-0.486634958,-0.493521594,-0.474334865,-0.27426149,-0.279512963,-0.264914258,-0.421662194,-0.416999771,-0.430272121,-0.546119053,-0.54237181,-0.552767802
2010,15,-0.528569623,-0.374814822,-0.605176166,-0.525047612,-0.374913542,-0.598780607,-0.535514208,train,0.133096358,0.152433237,0.09897086,-0.1767693,-0.170544179,-0.187682003,-0.169761082,-0.227122332,-0.056824027,-0.295711638,-0.322061051,-0.243548074
2010,16,-0.542458792,-0.374788485,-0.630066892,-0.535514208,-0.374801653,-0.617621529,-0.545405312,train,-0.079715543,-0.069359311,-0.09794169,0.026690408,0.041536963,0.000514585,-0.278289859,-0.279809542,-0.274939541,-0.22402547,-0.253465937,-0.165881784
2010,17,-0.548351832,-0.374970175,-0.640452237,-0.545405312,-0.37487933,-0.635259564,-0.552270398,train,-0.178642404,-0.173313488,-0.187974928,-0.129178973,-0.121336399,-0.142958309,-0.31574474,-0.331576908,-0.284221362,-0.297017299,-0.305693225,-0.279580451
2010,18,-0.556188964,-0.37499264,-0.654463157,-0.552270398,-0.374981408,-0.647457697,-0.558115872,train,0.717288785,0.724629494,0.704111389,0.269323191,0.275658003,0.258068231,-0.571473898,-0.580557625,-0.552876597,-0.443609319,-0.456067267,-0.418548979
2010,19,-0.560042779,-0.374968504,-0.66138488,-0.558115872,-0.374980572,-0.657924019,-0.561138055,train,0.735950884,0.732380121,0.741998624,0.726619835,0.728504808,0.723055006,-0.663406332,-0.668679582,-0.652176331,-0.617440115,-0.624618604,-0.602526464
2010,20,-0.56223333,-0.375038981,-0.665242629,-0.561138055,-0.375003743,-0.663313755,-0.561437107,train,0.261828278,0.255416111,0.273042252,0.498889581,0.493898116,0.507520438,-0.619191539,-0.61037906,-0.635697866,-0.641298936,-0.639529321,-0.643937099
2010,21,-0.560640884,-0.373244872,-0.664024572,-0.561437107,-0.374141927,-0.6646336,-0.561462455,train,0.965354704,0.972644033,0.952185049,0.613591491,0.614030072,0.612613651,-0.502730153,-0.510469235,-0.486865034,-0.560960846,-0.560424147,-0.56128145
2010,22,-0.562284025,-0.375038981,-0.665333392,-0.561462455,-0.374141927,-0.664678982,-0.562284025,train,0.879394734,0.861067152,0.911403337,0.922374719,0.916855592,0.931794193,-0.596974104,-0.602728574,-0.58488543,-0.549852129,-0.556598904,-0.535875232
2010,23,-0.562284025,-0.375038981,-0.665333392,-0.562284025,-0.375038981,-0.665333392,-0.562098039,train,0.981006998,0.97378582,0.993406749,0.930200866,0.917426486,0.952405043,-0.631592075,-0.63356641,-0.626886076,-0.61428309,-0.618147492,-0.605885753
2010,24,-0.561912053,-0.374573462,-0.665091142,-0.562098039,-0.374806221,-0.665212267,-0.562017889,train,1.124408586,1.146568594,1.0849764,1.052707792,1.060177207,1.039191574,-0.423504501,-0.428152184,-0.413817648,-0.527548288,-0.530859297,-0.520351862
2010,25,-0.562123726,-0.374765716,-0.665295125,-0.562017889,-0.374669589,-0.665193134,-0.562203876,train,0.65965215,0.655424312,0.666883451,0.892030368,0.900996453,0.875929925,-0.469876192,-0.457547236,-0.493487778,-0.446690347,-0.44284971,-0.453652713
2010,26,-0.562284025,-0.375038981,-0.665333392,-0.562203876,-0.374902348,-0.665314258,-0.562284025,train,1.180853685,1.16614497,1.206383428,0.920252918,0.910784641,0.93663344,-0.689250395,-0.688492242,-0.689838291,-0.579563294,-0.573019739,-0.591663035
2010,27,-0.562284025,-0.375038981,-0.665333392,-0.562284025,-0.375038981,-0.665333392,-0.562268464,train,1.55482998,1.523342946,1.6098065,1.367841833,1.344743958,1.408094964,-0.689182749,-0.688314053,-0.689987951,-0.689216572,-0.688403148,-0.689913121
2010,28,-0.562252902,-0.375026953,-0.665288617,-0.562268464,-0.375032967,-0.665311005,-0.562264851,train,1.187852644,1.182196101,1.197425684,1.371341312,1.352769523,1.403616092,-0.676070331,-0.676420842,-0.674496946,-0.68262654,-0.682367448,-0.682242449
2010,29,-0.5622768,-0.375038981,-0.665320455,-0.562264851,-0.375032967,-0.665304536,-0.562265026,train,1.23767341,1.229898897,1.250962719,1.212763027,1.206047499,1.224194202,-0.68782721,-0.687023772,-0.688505956,-0.681948771,-0.681722307,-0.681501451
2010,30,-0.562253252,-0.375038981,-0.665278295,-0.562265026,-0.375038981,-0.665299375,-0.562268639,train,1.930920601,1.942682429,1.909545856,1.584297006,1.586290663,1.580254288,-0.615799486,-0.613443128,-0.619623967,-0.651813348,-0.65023345,-0.654064961
2010,31,-0.562284025,-0.375038981,-0.665333392,-0.562268639,-0.375038981,-0.665305843,-0.562284025,train,1.583367484,1.576454536,1.595022884,1.757144043,1.759568483,1.75228437,-0.617545203,-0.625804632,-0.600507364,-0.616672344,-0.61962388,-0.610065665
2010,32,-0.562284025,-0.375038981,-0.665333392,-0.562284025,-0.375038981,-0.665333392,-0.562284025,train,1.590610031,1.59100873,1.589376306,1.586988758,1.583731633,1.592199595,-0.68427725,-0.68441711,-0.683107056,-0.650911226,-0.655110871,-0.64180721
2010,33,-0.562284025,-0.375038981,-0.665333392,-0.562284025,-0.375038981,-0.665333392,-0.562284025,train,1.711955698,1.718164689,1.700440877,1.651282865,1.654586709,1.644908592,-0.660859724,-0.658605825,-0.664423914,-0.672568487,-0.671511468,-0.673765485
2010,34,-0.562284025,-0.375038981,-0.665333392,-0.562284025,-0.375038981,-0.665333392,-0.562151863,train,1.267672154,1.26688598,1.268634568,1.489813926,1.492525335,1.484537722,-0.59606579,-0.597670809,-0.592131983,-0.628462757,-0.628138317,-0.628277948
2010,35,-0.5620197,-0.374622784,-0.665238977,-0.562151863,-0.374830883,-0.665286184,-0.562136175,train,1.110108968,1.102001003,1.124028569,1.188890561,1.184443492,1.196331569,-0.637800342,-0.637737287,-0.63708969,-0.616933066,-0.617704048,-0.614610836
2010,36,-0.56225265,-0.374977267,-0.665333392,-0.562136175,-0.374800025,-0.665286184,-0.562153295,train,0.975711447,0.950502674,1.019815928,1.042910207,1.026251839,1.071922248,-0.680244007,-0.679216654,-0.681372668,-0.659022175,-0.65847697,-0.659231179
2010,37,-0.56205394,-0.374676746,-0.665251163,-0.562153295,-0.374827006,-0.665292277,-0.562078167,train,1.078635387,1.075046294,1.084601028,1.027173417,1.012774484,1.052208478,-0.423979385,-0.432541222,-0.406600593,-0.552111696,-0.555878938,-0.543986631
2010,38,-0.562102393,-0.374766624,-0.665256105,-0.562078167,-0.374721685,-0.665253634,-0.562193209,train,1.042987448,1.05225703,1.026301696,1.060811417,1.063651662,1.055451362,-0.376163287,-0.382838906,-0.362553485,-0.400071336,-0.407690064,-0.384577039
2010,39,-0.562284025,-0.375038981,-0.665333392,-0.562193209,-0.374902803,-0.665294748,-0.561823579,train,0.805017266,0.821460384,0.775767674,0.924002357,0.936858707,0.901034685,-0.584779049,-0.584356453,-0.584844274,-0.480471168,-0.483597679,-0.47369888
2010,40,-0.561363132,-0.373567143,-0.665024329,-0.561823579,-0.374303062,-0.66517886,-0.561823579,train,0.224474324,0.232138839,0.21089075,0.514745795,0.526799611,0.493329212,-0.107833087,-0.10430942,-0.114615998,-0.346306068,-0.344332937,-0.349730136
2010,41,-0.562284025,-0.375038981,-0.665333392,-0.561823579,-0.374303062,-0.66517886,-0.562274316,train,0.844308424,0.865816633,0.806118539,0.534391374,0.548977736,0.508504644,-0.609001348,-0.612253327,-0.601814336,-0.358417218,-0.358281373,-0.358215167
2010,42,-0.562264607,-0.375038981,-0.665298626,-0.562274316,-0.375038981,-0.665316009,-0.561093511,train,0.472606147,0.466653058,0.482940631,0.658457285,0.666234846,0.644529585,-0.460450164,-0.459905024,-0.460918872,-0.534725756,-0.536079175,-0.531366604
2010,43,-0.559922415,-0.372105038,-0.66377573,-0.561093511,-0.37357201,-0.664537178,-0.561097078,train,-0.079654085,-0.075991934,-0.086081999,0.196476031,0.195330562,0.198429316,-0.054774236,-0.023695089,-0.115773125,-0.2576122,-0.241800056,-0.288345999
2010,44,-0.562271742,-0.37501482,-0.665333392,-0.561097078,-0.373559929,-0.664554561,-0.55986456,train,0.01514888,0.01068182,0.023016975,-0.032252603,-0.032655057,-0.031532512,-0.685189805,-0.684797576,-0.685063973,-0.36998202,-0.354246332,-0.400418549
2010,45,-0.557457379,-0.366285243,-0.664659621,-0.55986456,-0.370650031,-0.664996506,-0.559843207,train,0.242923487,0.259589869,0.213468049,0.129036184,0.135135844,0.118242512,-0.646180143,-0.647336867,-0.643061659,-0.665684974,-0.666067222,-0.664062816
2010,46,-0.562229035,-0.374930816,-0.665333392,-0.559843207,-0.370608029,-0.664996506,-0.562106915,train,-0.01257517,-0.008381624,-0.019962055,0.115174159,0.125604122,0.096752997,-0.684020925,-0.682991986,-0.685147761,-0.665100534,-0.665164426,-0.66410471
2010,47,-0.561984795,-0.374450397,-0.665333392,-0.562106915,-0.374690606,-0.665333392,-0.532931733,train,-0.101124508,-0.10718961,-0.090401063,-0.056849839,-0.057785617,-0.055181559,-0.689175605,-0.688412698,-0.68977294,-0.686598265,-0.685702342,-0.68746035
2010,48,-0.503878671,-0.359266368,-0.575122536,-0.532931733,-0.366858382,-0.620227964,1.13468619,train,-0.304640472,-0.312538689,-0.290618235,-0.20288249,-0.20986415,-0.190509649,0.104959258,0.102923417,0.108822351,-0.292108173,-0.29274464,-0.290475294
2010,49,2.773251052,3.749397687,1.552417764,1.13468619,1.69506566,0.488647614,2.927208847,train,-1.181950349,-1.180217034,-1.184610708,-0.743295411,-0.746377862,-0.737614471,1.902503997,1.872216367,1.959529823,1.003731627,0.987569892,1.034176087
2010,50,3.081166643,3.396301801,2.425090955,2.927208847,3.572849744,1.98875436,1.971128906,train,-1.002248348,-0.997627613,-1.01005775,-1.092099349,-1.088922324,-1.097334229,-0.190090699,-0.168264932,-0.232729627,0.856206649,0.851975718,0.863400098
2010,51,0.861091169,-0.005899983,1.547042054,1.971128906,1.695200909,1.986066504,0.51946804,train,-0.771349535,-0.786207218,-0.744905495,-0.886798941,-0.891917416,-0.877481622,-0.689419218,-0.688653634,-0.690021496,-0.439754958,-0.428459283,-0.461375561
2010,52,0.177844912,-0.284909324,0.577734656,0.51946804,-0.145404653,1.062388355,0.482900902,train,-1.141372121,-1.132993227,-1.155758795,-0.956360828,-0.959600223,-0.950332145,0.663165055,0.660358254,0.667812679,-0.013127081,-0.01414769,-0.011104408
2011,1,0.787956891,0.140993252,1.282401387,0.482900902,-0.071958036,0.930068021,0.608183448,train,-1.379760477,-1.376256501,-1.38547557,-1.260566299,-1.254624864,-1.270617183,0.048390653,0.064002356,0.017650319,0.355777854,0.362180305,0.342731499
2011,2,0.428410005,-0.238872438,0.984435803,0.608183448,-0.048939593,1.133418595,0.350090126,train,-1.317416837,-1.310881518,-1.328495456,-1.348588657,-1.343569009,-1.356985513,0.047828962,0.035996668,0.071016851,0.048109807,0.049999512,0.044333585
2011,3,0.271770247,-0.316583899,0.774726183,0.350090126,-0.277728169,0.879580993,0.451293794,train,-1.259991735,-1.2487623,-1.27936286,-1.288704286,-1.279821909,-1.303929158,-0.436792545,-0.423698592,-0.461950641,-0.194481791,-0.193850962,-0.195466895
2011,4,0.630817341,0.081901917,1.054848785,0.451293794,-0.117340991,0.914787484,0.86165638,train,-1.357053577,-1.347883991,-1.372761835,-1.308522656,-1.298323145,-1.326062347,2.729552328,2.782680332,2.621584153,1.146379892,1.17949087,1.079816756
2011,5,1.092495418,0.14528742,1.823729467,0.86165638,0.113594668,1.439289126,0.676954481,train,-1.2032904,-1.213747292,-1.18445851,-1.280171988,-1.280815641,-1.278610172,1.81350432,1.744536405,1.946653407,2.271528324,2.263608369,2.28411878
2011,6,0.261413543,-0.31348728,0.753365286,0.676954481,-0.08409993,1.288547376,0.544306969,train,-1.296353263,-1.29008062,-1.306975952,-1.249821831,-1.251913956,-1.245717231,0.856611504,0.865346332,0.838326693,1.335057912,1.304941369,1.39249005
2011,7,0.827200395,-0.20332171,1.666059656,0.544306969,-0.258404495,1.209712471,0.727727187,train,-0.964892821,-0.964697499,-0.964914945,-1.130623042,-1.127389059,-1.135945448,0.767383118,0.834042197,0.635393839,0.811997311,0.849694264,0.736860266
2011,8,0.62825398,-0.27015305,1.370702303,0.727727187,-0.23673738,1.51838098,0.546112916,train,-1.016729156,-1.008910637,-1.030169786,-0.990810988,-0.986804068,-0.997542365,1.033238145,1.092833719,0.914780792,0.900310632,0.963437958,0.775087316
2011,9,0.463971853,-0.334140119,1.134817978,0.546112916,-0.302146584,1.252760141,1.833885232,train,-0.904218447,-0.891518958,-0.926299304,-0.960473801,-0.950214798,-0.978234545,0.719809799,0.734651511,0.689703956,0.876523972,0.913742615,0.802242374
2011,10,3.203798611,3.795150729,2.281612487,1.833885232,1.730505305,1.708215233,2.210634146,train,-1.38406901,-1.381190745,-1.388679856,-1.144143729,-1.136354851,-1.15748958,0.852196947,0.879475702,0.797479072,0.786003373,0.807063607,0.743591514
2011,11,1.217469682,0.805993286,1.446100565,2.210634146,2.300572007,1.863856526,0.761201266,train,-0.573511188,-0.562989536,-0.591864032,-0.978790099,-0.97209014,-0.990271944,-0.044022645,-0.035470328,-0.060770354,0.404087151,0.422002687,0.368354359
2011,12,0.304932851,-0.306028268,0.824491708,0.761201266,0.249982509,1.135296137,0.156866893,train,-0.921512482,-0.924670021,-0.915639704,-0.747511835,-0.743829779,-0.753751868,-0.216712977,-0.224222562,-0.201673067,-0.130367811,-0.129846445,-0.131221711
2011,13,0.008800934,-0.348003252,0.332511912,0.156866893,-0.32701576,0.57850181,0.044392935,train,-0.442166353,-0.437369854,-0.45047252,-0.681839418,-0.681019938,-0.683056112,0.710674328,0.717766371,0.695808546,0.246980675,0.246771905,0.247067739
2011,14,0.079984936,-0.296603421,0.413173134,0.044392935,-0.322303337,0.372842523,-0.067345662,train,-0.832838848,-0.825576823,-0.845360055,-0.6375026,-0.631473338,-0.647916287,0.871129542,0.881185479,0.850229751,0.790901935,0.799475925,0.773019149
2011,15,-0.214676261,-0.368796953,-0.048668394,-0.067345662,-0.332700187,0.18225237,-0.281705986,train,-0.080238904,-0.071769055,-0.095140145,-0.456538876,-0.448672939,-0.4702501,-0.575003866,-0.579280486,-0.565847916,0.148062838,0.150952496,0.142190918
2011,16,-0.348735712,-0.374553479,-0.283444793,-0.281705986,-0.371675216,-0.166056594,-0.385008523,train,-0.566382423,-0.570756589,-0.55848391,-0.323310664,-0.321262822,-0.326812028,0.276397627,0.266187051,0.296099758,-0.149303119,-0.156546718,-0.134874079
2011,17,-0.421281334,-0.365452641,-0.421611948,-0.385008523,-0.37000306,-0.352528371,-0.449186883,train,-0.096995086,-0.087032546,-0.114521588,-0.331688755,-0.328894568,-0.336502749,1.237848209,1.210404108,1.290156191,0.757122918,0.738295579,0.793127975
2011,18,-0.477092431,-0.375038981,-0.512808912,-0.449186883,-0.370245811,-0.46721043,-0.496509457,train,-0.081037129,-0.080426277,-0.082086695,-0.089016108,-0.083729411,-0.098304141,-0.599028721,-0.597908327,-0.600446477,0.319409744,0.306247891,0.344854857
2011,19,-0.515926484,-0.36605807,-0.590510725,-0.496509457,-0.370548526,-0.551659818,-0.525378173,train,-0.28857754,-0.270198656,-0.320873808,-0.184807335,-0.175312466,-0.201480252,1.487553168,1.448047556,1.5632353,0.444262223,0.425069614,0.481394412
2011,20,-0.534829863,-0.375038981,-0.61618028,-0.525378173,-0.370548526,-0.603345503,-0.543400122,train,0.277970312,0.276690806,0.280132628,-0.005303614,0.003246075,-0.02037059,-0.605161236,-0.602049537,-0.610483882,0.441195966,0.422999009,0.476375709
2011,21,-0.551970381,-0.373974854,-0.647836727,-0.543400122,-0.374506918,-0.632008504,-0.555097973,train,0.415809774,0.419191689,0.409710365,0.346890043,0.347941247,0.344921496,1.07547741,1.019360457,1.184340041,0.235158087,0.20865546,0.28692808
2011,22,-0.558225565,-0.375038981,-0.658067246,-0.555097973,-0.374506918,-0.652951986,-0.560037721,train,0.647189254,0.635060817,0.668349444,0.531499514,0.527126253,0.539029904,-0.638901379,-0.643081848,-0.629850759,0.218288015,0.188139304,0.277244641
2011,23,-0.561849876,-0.374911207,-0.664672405,-0.560037721,-0.374975094,-0.661369825,-0.562066951,train,0.59403972,0.60258338,0.57878328,0.620614487,0.618822099,0.623566362,-0.611001889,-0.597443611,-0.636844433,-0.624951634,-0.62026273,-0.633347596
2011,24,-0.562284025,-0.375038981,-0.665333392,-0.562066951,-0.374975094,-0.665002898,-0.562284025,train,0.880095927,0.860729835,0.913934662,0.737067823,0.731656607,0.746358971,-0.688568261,-0.68775766,-0.68926011,-0.649785075,-0.642600635,-0.663052271
2011,25,-0.562284025,-0.375038981,-0.665333392,-0.562284025,-0.375038981,-0.665333392,-0.562284025,train,0.980160828,0.961623886,1.012504787,0.930128378,0.91117686,0.963219725,-0.673829104,-0.672023581,-0.676495264,-0.681198682,-0.67989062,-0.682877687
2011,26,-0.562284025,-0.375038981,-0.665333392,-0.562284025,-0.375038981,-0.665333392,-0.562284025,train,0.881587977,0.858107042,0.922678585,0.930874403,0.909865464,0.967591686,-0.681363702,-0.680603111,-0.681966708,-0.677596403,-0.676313346,-0.679230986
2011,27,-0.562284025,-0.375038981,-0.665333392,-0.562284025,-0.375038981,-0.665333392,-0.562281255,train,1.451841607,1.453958377,1.447626125,1.166714792,1.156032709,1.185152355,-0.689306852,-0.688541331,-0.689909153,-0.685335277,-0.684572221,-0.685937931
2011,28,-0.562278486,-0.375028084,-0.665333392,-0.562281255,-0.375033533,-0.665333392,-0.562281255,train,1.2614483,1.265446793,1.253979861,1.356644954,1.359702585,1.350802993,-0.688200235,-0.68758201,-0.688514546,-0.688753544,-0.688061671,-0.689211849
2011,29,-0.562284025,-0.375038981,-0.665333392,-0.562281255,-0.375033533,-0.665333392,-0.562284025,train,1.38991863,1.384827454,1.398427758,1.325683465,1.325137123,1.32620381,-0.678703806,-0.678899585,-0.677431026,-0.683452021,-0.683240798,-0.682972786
2011,30,-0.562284025,-0.375038981,-0.665333392,-0.562284025,-0.375038981,-0.665333392,-0.562284025,train,1.689939405,1.666183067,1.731245539,1.539929018,1.52550526,1.564836648,-0.689377387,-0.688600252,-0.690002416,-0.684040597,-0.683749919,-0.683716721
2011,31,-0.562284025,-0.375038981,-0.665333392,-0.562284025,-0.375038981,-0.665333392,-0.562213502,train,1.268299126,1.255906305,1.289717935,1.479119266,1.461044686,1.510481737,-0.689341283,-0.688573008,-0.689948951,-0.689359335,-0.68858663,-0.689975684
2011,32,-0.562142979,-0.374761543,-0.665333392,-0.562213502,-0.374900262,-0.665333392,-0.562213502,train,1.06991675,1.061150833,1.085009404,1.169107938,1.158528569,1.18736367,-0.628893838,-0.629545995,-0.626789449,-0.65911756,-0.659059501,-0.6583692
2011,33,-0.562284025,-0.375038981,-0.665333392,-0.562213502,-0.374900262,-0.665333392,-0.562284025,train,1.193906333,1.201865399,1.179479971,1.131911541,1.131508116,1.132244688,-0.657517023,-0.658302972,-0.65511228,-0.64320543,-0.643924484,-0.640950864
2011,34,-0.562284025,-0.375038981,-0.665333392,-0.562284025,-0.375038981,-0.665333392,-0.562196203,train,1.088878014,1.069483647,1.12269688,1.141392173,1.135674523,1.151088425,-0.631577845,-0.629048487,-0.635721626,-0.644547434,-0.64367573,-0.645416953
2011,35,-0.562108381,-0.37474157,-0.665289629,-0.562196203,-0.374890276,-0.66531151,-0.562187813,train,0.97186028,0.980459337,0.956380069,1.030369147,1.024971492,1.039538475,-0.341864734,-0.352808831,-0.319912245,-0.48672129,-0.490928659,-0.477816936
2011,36,-0.562267245,-0.375005975,-0.665333392,-0.562187813,-0.374873773,-0.66531151,-0.562275635,train,0.885474899,0.893224314,0.871521013,0.928667589,0.936841825,0.913950541,-0.630814543,-0.633704062,-0.624311224,-0.486339639,-0.493256446,-0.472111735
2011,37,-0.562284025,-0.375038981,-0.665333392,-0.562275635,-0.375022478,-0.665333392,-0.550689879,train,0.902898647,0.908152575,0.893337217,0.894186773,0.900688445,0.882429115,-0.688923921,-0.688180011,-0.689484256,-0.659869232,-0.660942036,-0.65689774
2011,38,-0.539095733,-0.361978507,-0.635705503,-0.550689879,-0.368508744,-0.650519447,-0.544263375,train,0.512937659,0.518784285,0.502461793,0.707918153,0.71346843,0.697899505,0.25028296,0.282678074,0.186299029,-0.219320481,-0.202750969,-0.251592613
2011,39,-0.549431017,-0.364448856,-0.651960956,-0.544263375,-0.363213682,-0.643833229,-0.555857521,train,0.282369734,0.286658484,0.274716583,0.397653696,0.402721384,0.388589188,-0.3697111,-0.365764076,-0.376983244,-0.05971407,-0.041543001,-0.095342107
2011,40,-0.562284025,-0.375038981,-0.665333392,-0.555857521,-0.369743919,-0.658647174,-0.562280138,train,0.509942076,0.510781437,0.508292467,0.396155905,0.398719961,0.391504525,-0.469413566,-0.454601111,-0.497905835,-0.419562333,-0.410182594,-0.43744454
2011,41,-0.562276251,-0.375023689,-0.665333392,-0.562280138,-0.375031335,-0.665333392,-0.561299537,train,0.124079178,0.118100379,0.134575331,0.317010627,0.314440908,0.321433899,-0.430097738,-0.433180349,-0.423477628,-0.449755652,-0.44389073,-0.460691732
2011,42,-0.560322822,-0.373894854,-0.662863505,-0.561299537,-0.374459271,-0.664098448,-0.550949479,train,0.007691915,0.005064111,0.012320827,0.065885547,0.061582245,0.073448079,-0.53375259,-0.539999121,-0.52077974,-0.481925164,-0.486589735,-0.472128684
2011,43,-0.541576136,-0.369629312,-0.633182525,-0.550949479,-0.371762083,-0.648023015,-0.28825196,train,-0.509555501,-0.490126916,-0.543628081,-0.250931793,-0.242531402,-0.265653627,-0.590803944,-0.595914602,-0.579988435,-0.562278267,-0.567956861,-0.550384088
2011,44,-0.034927785,-0.301757442,0.212128065,-0.28825196,-0.335693377,-0.21052723,-0.143951173,train,-0.868570852,-0.86393079,-0.876458945,-0.689063176,-0.677028853,-0.710043513,1.050734139,1.075800599,1.000103644,0.229965098,0.239942998,0.210057605
2011,45,-0.252974562,-0.331599569,-0.151093845,-0.143951173,-0.316678506,0.03051711,0.18720112,train,-0.751980947,-0.743423324,-0.76681263,-0.8102759,-0.803677057,-0.821635788,-0.078052663,-0.056060078,-0.121165989,0.486340738,0.509870261,0.439468828
2011,46,0.627376802,-0.192227967,1.298203876,0.18720112,-0.261913768,0.573555016,0.352412094,train,-1.050822185,-1.047094478,-1.057041417,-0.901401566,-0.895258901,-0.911927024,0.434677639,0.469657925,0.365372567,0.178312488,0.206798924,0.122103289
2011,47,0.077447387,-0.358284345,0.46477239,0.352412094,-0.275256156,0.881488133,-0.008642481,train,-1.265323881,-1.282803395,-1.234093977,-1.158073033,-1.164948936,-1.145567697,-0.671126795,-0.66965893,-0.673132992,-0.118224578,-0.100000503,-0.153880213
2011,48,-0.094732349,-0.371086912,0.168159931,-0.008642481,-0.364685629,0.316466161,0.690335752,train,-1.092828594,-1.116239345,-1.05120253,-1.179076237,-1.19952137,-1.142648254,-0.689482677,-0.688714931,-0.690089121,-0.680304736,-0.67918693,-0.681611056
2011,49,1.475403853,0.832635868,1.88364792,0.690335752,0.230774478,1.025903925,1.012590807,train,-1.17877706,-1.208949655,-1.125204616,-1.135802827,-1.1625945,-1.088203573,1.017749359,1.037394975,0.977813987,0.164133341,0.174340022,0.143862433
2011,50,0.549777761,-0.134264118,1.106513778,1.012590807,0.349185875,1.495080849,0.734580457,train,-0.928400131,-0.943809629,-0.900931091,-1.053588595,-1.076379642,-1.013067854,-0.583253928,-0.577150801,-0.594483398,0.217247716,0.230122087,0.191665294
2011,51,0.919383154,0.153650868,1.506181983,0.734580457,0.009693375,1.306347881,1.160946414,train,-1.265236391,-1.276163539,-1.245554999,-1.096818261,-1.109986584,-1.073243045,1.161139024,1.204324512,1.074760154,0.288942548,0.313586855,0.240138378
2011,52,1.402509673,0.466030219,2.086827377,1.160946414,0.309840543,1.79650468,1.323076258,train,-1.307166103,-1.317296444,-1.288875077,-1.286201247,-1.296729991,-1.267215038,0.090125035,0.099085395,0.072399989,0.625632029,0.651704953,0.573580071
2012,1,1.243642843,0.466397537,1.802062626,1.323076258,0.466213878,1.944445001,0.939985676,train,-1.401970709,-1.394867191,-1.414022545,-1.354568406,-1.356081818,-1.351448811,0.641000269,0.669430937,0.584295232,0.365562652,0.384258166,0.32834761
2012,2,0.636328508,0.77425695,0.434529441,0.939985676,0.620327244,1.118296033,1.283120862,train,-1.550602413,-1.544689241,-1.560506656,-1.476286561,-1.469778216,-1.487264601,1.471631667,1.492640887,1.428422912,1.056315968,1.081035912,1.006359072
2012,3,1.929913215,1.68125484,1.924968975,1.283120862,1.227755895,1.179749208,1.602100569,train,-1.720924607,-1.710652845,-1.738453961,-1.63576351,-1.627671043,-1.649480308,1.625481042,1.608004339,1.657695864,1.548556354,1.550322613,1.543059388
2012,4,1.274287922,1.390424754,1.015872649,1.602100569,1.535839797,1.470420812,1.93886019,train,-1.560854818,-1.546462617,-1.585699846,-1.640889713,-1.628557731,-1.662076903,3.241419095,3.24652272,3.227149111,2.433450069,2.42726353,2.442422487
2012,5,2.603432458,2.404289122,2.472706824,1.93886019,1.897356938,1.744289737,2.316604675,train,-1.43205142,-1.439775026,-1.41796055,-1.496453119,-1.493118821,-1.501830198,0.177624776,0.172190806,0.188070113,1.709521935,1.709356763,1.707609612
2012,6,2.029776891,1.612035033,2.16676626,2.316604675,2.008162077,2.319736542,3.091776798,train,-1.364170631,-1.355876656,-1.378333257,-1.398111026,-1.397825841,-1.398146903,1.299438392,1.31957994,1.258159927,0.738531584,0.745885373,0.72311502
2012,7,4.153776705,5.548837151,2.386207228,3.091776798,3.580436092,2.276486744,3.712238993,train,-2.063936193,-2.078800045,-2.037049754,-1.714053412,-1.71733835,-1.707691505,4.937801182,4.85906241,5.086061915,3.118619787,3.089321175,3.172110921
2012,8,3.270701282,3.576339141,2.600556857,3.712238993,4.562588146,2.493382043,3.898886854,train,-1.509828433,-1.49681587,-1.532258896,-1.786882313,-1.787807957,-1.784654325,2.234870181,2.194715462,2.310849955,3.586335682,3.526888936,3.698455935
2012,9,4.527072425,6.114153076,2.539990219,3.898886854,4.845246108,2.570273538,3.780567319,train,-1.932214822,-1.935473983,-1.925825515,-1.721021627,-1.716144927,-1.729042205,3.176157279,3.17415655,3.175932754,2.70551373,2.684436006,2.743391355
2012,10,3.034062213,3.336046977,2.395600954,3.780567319,4.725100026,2.467795587,2.781535482,train,-1.017645421,-1.010969889,-1.029071242,-1.474930121,-1.473221936,-1.477448378,0.074913215,0.101069673,0.023417721,1.625535247,1.637613111,1.599675238
2012,11,2.52900875,2.237807953,2.490993163,2.781535482,2.786927465,2.443297059,2.084161592,train,-1.431612443,-1.434992861,-1.425176546,-1.224628932,-1.222981375,-1.227123894,2.150913132,2.174933578,2.100898485,1.112913173,1.138001625,1.062158103
2012,12,1.639314435,1.005094059,2.020135871,2.084161592,1.621451006,2.255564517,1.300330182,train,-0.909176753,-0.890300588,-0.942142286,-1.170394598,-1.162646725,-1.183659416,-0.149199551,-0.13041168,-0.185922514,1.000856791,1.022260949,0.957487986
2012,13,0.961345929,0.328751831,1.421932761,1.300330182,0.666922945,1.721034316,0.735466023,train,-0.895757615,-0.892389812,-0.901394286,-0.902467184,-0.8913452,-0.921768286,-0.156471202,-0.145256331,-0.178303695,-0.152835376,-0.137834006,-0.182113105
2012,14,0.509586117,0.059627042,0.858074778,0.735466023,0.194189437,1.14000377,0.307461219,train,-0.113938833,-0.100084129,-0.13831958,-0.504848224,-0.496236971,-0.519856933,-0.437111141,-0.443220021,-0.42453523,-0.296791171,-0.294238176,-0.301419463
2012,15,0.105336321,-0.193634731,0.364838675,0.307461219,-0.067003844,0.611456726,-0.01387058,train,-0.223187832,-0.223414082,-0.222714557,-0.168563333,-0.161749106,-0.180517068,-0.22505734,-0.242418072,-0.190648995,-0.331084241,-0.342819047,-0.307592113
2012,16,-0.133077481,-0.311770451,0.045517697,-0.01387058,-0.252702591,0.205178186,-0.193946275,train,-0.196287922,-0.208507742,-0.174685075,-0.209737877,-0.215960912,-0.198699816,-0.586849264,-0.577706917,-0.604046103,-0.405953302,-0.410062495,-0.397347549
2012,17,-0.254815068,-0.349689691,-0.137923277,-0.193946275,-0.330730071,-0.04620279,-0.351610998,train,0.330562772,0.349051577,0.297866071,0.067137425,0.070271918,0.061590498,0.407688675,0.367602874,0.485923868,-0.089580295,-0.105052021,-0.059061118
2012,18,-0.448406929,-0.37440339,-0.462029767,-0.351610998,-0.36204654,-0.299976522,-0.468981246,train,0.096546014,0.113995445,0.065759327,0.213554393,0.231523511,0.181812699,-0.171061206,-0.177105382,-0.158960561,0.118313735,0.095248746,0.163481654
2012,19,-0.489555564,-0.374808628,-0.5353322,-0.468981246,-0.374606009,-0.498680984,-0.507814381,train,0.194570456,0.200781701,0.183558239,0.145558235,0.157388573,0.124658783,0.144426866,0.147229698,0.138730317,-0.01331717,-0.014937842,-0.010115122
2012,20,-0.526073197,-0.37496491,-0.600570029,-0.507814381,-0.374886769,-0.567951115,-0.535861238,train,0.248319252,0.245629661,0.252976728,0.221444854,0.223205681,0.218267483,-0.430234273,-0.434237243,-0.421805477,-0.142903704,-0.143503772,-0.14153758
2012,21,-0.545649279,-0.375038981,-0.635551039,-0.535861238,-0.375001946,-0.618060534,-0.549951253,train,0.429299052,0.428725711,0.430166239,0.338809152,0.337177686,0.341571484,-0.403681072,-0.421835792,-0.367478812,-0.416957672,-0.428036518,-0.394642144
2012,22,-0.554253228,-0.375025895,-0.650967204,-0.549951253,-0.375032438,-0.643259121,-0.557394278,train,0.69521756,0.694510468,0.696231706,0.562258306,0.561618089,0.563198972,-0.654091431,-0.656430461,-0.648639364,-0.528886251,-0.539133127,-0.508059088
2012,23,-0.560535329,-0.375038981,-0.662202578,-0.557394278,-0.375032438,-0.656584891,-0.561346569,train,1.051243438,1.039520666,1.071553755,0.873230499,0.867015567,0.88389273,-0.680854006,-0.680810988,-0.680047646,-0.667472718,-0.668620725,-0.664343505
2012,24,-0.562157809,-0.375038981,-0.665107418,-0.561346569,-0.375038981,-0.663654998,-0.562177493,train,1.618239728,1.628668678,1.599318556,1.334741583,1.334094672,1.335436155,-0.546840455,-0.545798491,-0.548172382,-0.61384723,-0.61330474,-0.614110014
2012,25,-0.562197176,-0.375038981,-0.665177899,-0.562177493,-0.375038981,-0.665142658,-0.562240601,train,0.871787235,0.879970835,0.857072672,1.245013482,1.254319757,1.228195614,-0.18463534,-0.187622955,-0.17852308,-0.365737898,-0.366710723,-0.363347731
2012,26,-0.562284025,-0.375038981,-0.665333392,-0.562240601,-0.375038981,-0.665255645,-0.562229863,train,0.999204624,1.006836131,0.985420582,0.935495929,0.943403483,0.921246627,-0.681845735,-0.682045655,-0.680560706,-0.433240538,-0.434834305,-0.429541893
2012,27,-0.562175701,-0.375038981,-0.665139451,-0.562229863,-0.375038981,-0.665236421,-0.562229863,train,1.123556536,1.139807238,1.09453973,1.06138058,1.073321685,1.039980156,-0.678244553,-0.676966893,-0.679867682,-0.680045144,-0.679506274,-0.680214194
2012,28,-0.562284025,-0.375038981,-0.665333392,-0.562229863,-0.375038981,-0.665236421,-0.562284025,train,1.609846342,1.619797884,1.591769399,1.366701439,1.379802561,1.343154564,-0.689385207,-0.68862095,-0.689984923,-0.68381488,-0.682793921,-0.684926303
2012,29,-0.562284025,-0.375038981,-0.665333392,-0.562284025,-0.375038981,-0.665333392,-0.561808152,train,1.539532891,1.524027425,1.566347157,1.574689617,1.571912654,1.579058278,-0.67774941,-0.676714881,-0.678895433,-0.683567308,-0.682667915,-0.684440178
2012,30,-0.561332279,-0.373951525,-0.664619224,-0.561808152,-0.374495253,-0.664976308,-0.561685237,train,1.368125316,1.358566064,1.384516658,1.453829104,1.441296745,1.475431907,-0.54937255,-0.553507917,-0.540527702,-0.61356098,-0.615111399,-0.609711568
2012,31,-0.562038195,-0.374713919,-0.665189139,-0.561685237,-0.374332722,-0.664904182,-0.56207085,train,1.226174244,1.226574916,1.225058706,1.29714978,1.29257049,1.304787682,-0.678830401,-0.678552749,-0.678487748,-0.614101475,-0.616030333,-0.609507725
2012,32,-0.562103506,-0.375038981,-0.665010194,-0.56207085,-0.37487645,-0.665099667,-0.562193766,train,1.164767896,1.176402629,1.143872935,1.19547107,1.201488773,1.18446582,-0.671331036,-0.670967127,-0.671167689,-0.675080718,-0.674759938,-0.674827718
2012,33,-0.562284025,-0.375038981,-0.665333392,-0.562193766,-0.375038981,-0.665171793,-0.562272315,train,1.163138505,1.16817819,1.153867795,1.163953201,1.172290409,1.148870365,-0.68650019,-0.685904798,-0.68677186,-0.678915613,-0.678435963,-0.678969775
2012,34,-0.562260604,-0.374992912,-0.665333392,-0.562272315,-0.375015947,-0.665333392,-0.56226512,train,1.173270579,1.167713194,1.182673721,1.168204542,1.167945692,1.168270758,-0.678850974,-0.67890052,-0.67786535,-0.682675582,-0.682402659,-0.682318605
2012,35,-0.562269637,-0.375010679,-0.665333392,-0.56226512,-0.375001795,-0.665333392,-0.562223428,train,1.078920727,1.089309926,1.060249667,1.126095653,1.12851156,1.121461694,-0.678427555,-0.675658649,-0.682980745,-0.678639265,-0.677279584,-0.680423048
2012,36,-0.56217722,-0.374857113,-0.665307708,-0.562223428,-0.374933896,-0.66532055,-0.562230623,train,0.895140807,0.89578243,0.893711112,0.987030767,0.992546178,0.97698039,-0.562462958,-0.563454303,-0.559778988,-0.620445256,-0.619556476,-0.621379867
2012,37,-0.562284025,-0.375038981,-0.665333392,-0.562230623,-0.374948047,-0.66532055,-0.562284025,train,0.949930708,0.949593972,0.950207069,0.922535758,0.922688201,0.921959091,-0.667575388,-0.666555548,-0.668705862,-0.615019173,-0.615004925,-0.614242425
2012,38,-0.562284025,-0.375038981,-0.665333392,-0.562284025,-0.375038981,-0.665333392,-0.557970588,train,0.770510488,0.748422307,0.80918346,0.860220598,0.84900814,0.879695265,-0.685388115,-0.68450679,-0.6862231,-0.676481752,-0.675531169,-0.677464481
2012,39,-0.55365715,-0.367591579,-0.65666677,-0.557970588,-0.37131528,-0.661000081,-0.55616014,train,1.075629849,1.09184296,1.046695296,0.923070168,0.920132634,0.927939378,-0.070931504,-0.098706896,-0.016260012,-0.37815981,-0.391606843,-0.351241556
2012,40,-0.55866313,-0.370997339,-0.66252938,-0.55616014,-0.369294459,-0.659598075,-0.555494835,train,0.293287644,0.301454595,0.278795556,0.684458746,0.696648778,0.662745426,-0.042301534,-0.034177805,-0.05820932,-0.056616519,-0.06644235,-0.037234666
2012,41,-0.552326539,-0.370423595,-0.651706763,-0.555494835,-0.370710467,-0.657118072,-0.556303444,train,0.54970517,0.557646584,0.535524986,0.421496407,0.42955059,0.407160271,-0.607463487,-0.601918464,-0.617564606,-0.32488251,-0.318048134,-0.337886963
2012,42,-0.560280349,-0.372059803,-0.664457737,-0.556303444,-0.371241699,-0.65808225,-0.55803578,train,0.265304433,0.283464106,0.23320961,0.407504802,0.420555345,0.384367298,0.69241354,0.660531989,0.754154813,0.042475027,0.029306763,0.068295103
2012,43,-0.555791212,-0.373388799,-0.655210861,-0.55803578,-0.372724301,-0.659834299,-0.559034063,train,-0.044323031,-0.036466856,-0.058154668,0.110490701,0.123498625,0.087527471,-0.440234516,-0.420978694,-0.477496189,0.126089512,0.119776648,0.138329312
2012,44,-0.562276914,-0.375024993,-0.665333392,-0.559034063,-0.374206896,-0.660272126,-0.437464773,train,0.341949888,0.360115135,0.309819654,0.148813428,0.161824139,0.125832493,-0.637865829,-0.640539712,-0.631777008,-0.539050173,-0.530759203,-0.554636598
2012,45,-0.312652632,-0.338838286,-0.251350943,-0.437464773,-0.35693164,-0.458342167,-0.336201536,train,-0.464292095,-0.454431562,-0.481516189,-0.061171104,-0.047158213,-0.085848267,1.776299825,1.851118959,1.626955871,0.569216998,0.605289624,0.497589432
2012,46,-0.35975044,-0.374161704,-0.303521828,-0.336201536,-0.356499995,-0.277436386,-0.409573345,train,-0.530319823,-0.532063195,-0.527070099,-0.497305959,-0.493247378,-0.504293144,0.520869464,0.467819523,0.624431109,1.148584644,1.159469241,1.12569349
2012,47,-0.45939625,-0.342203697,-0.511013103,-0.409573345,-0.358182701,-0.407267465,-0.380491365,train,-0.850385487,-0.848181584,-0.853985946,-0.690352655,-0.690122389,-0.690528023,0.360611204,0.35782938,0.365605637,0.440740334,0.412824452,0.495018373
2012,48,-0.30158648,-0.276660198,-0.288133366,-0.380491365,-0.309431948,-0.399573234,0.141276976,train,-0.647356425,-0.660115114,-0.624653238,-0.748870956,-0.754148349,-0.739319592,1.610325744,1.657815147,1.514901919,0.985468474,1.007822264,0.940253778
2012,49,0.584140433,0.085303767,0.96818346,0.141276976,-0.095678215,0.340025047,0.580682981,train,-0.98411972,-0.9784323,-0.993815195,-0.815738072,-0.819273707,-0.809234216,2.041528982,2.102610455,1.918832502,1.825927363,1.880212801,1.71686721
2012,50,0.577225529,-0.246850517,1.258132365,0.580682981,-0.080773375,1.113157912,1.179789513,train,-1.138011761,-1.13551441,-1.142033395,-1.06106574,-1.056973355,-1.067924295,-0.328652357,-0.317231972,-0.35066339,0.856438313,0.892689241,0.784084556
2012,51,1.782353496,1.097701965,2.191936363,1.179789513,0.425425724,1.725034364,1.428887373,train,-1.139901835,-1.144213779,-1.131921521,-1.138956798,-1.139864094,-1.136977458,1.113082494,1.118739192,1.100510624,0.392215068,0.40075361,0.374923617
2012,52,1.075421249,0.116412821,1.819442247,1.428887373,0.607057393,2.005689305,0.926736227,train,-1.114363368,-1.130425078,-1.085682727,-1.127132601,-1.137319428,-1.108802124,-0.478819966,-0.472791066,-0.490040231,0.317131264,0.322974063,0.305235196
2013,1,0.778051205,0.047961416,1.349344767,0.926736227,0.082187118,1.584393507,2.706145508,train,-1.58364501,-1.576723472,-1.595315455,-1.349004189,-1.353574275,-1.340499091,5.707993354,5.658190127,5.798387919,2.614586694,2.592699531,2.654173844
2013,2,4.634239812,6.234620139,2.62220954,2.706145508,3.141290778,1.985777153,4.206945661,train,-2.101733156,-2.12699061,-2.056515474,-1.842689083,-1.851857041,-1.825915465,-0.262534906,-0.262225331,-0.262799698,2.722729224,2.697982398,2.76779411
2013,3,3.779651509,4.512279062,2.659867071,4.206945661,5.373449601,2.641038305,2.789656964,train,-1.251384321,-1.255082215,-1.244449044,-1.676558738,-1.691036412,-1.650482259,-0.590640312,-0.591193478,-0.588780496,-0.426587609,-0.426709405,-0.425790097
2013,4,1.799662419,1.355315223,1.988444359,2.789656964,2.933797142,2.324155715,1.7759444,train,-1.157728489,-1.154453684,-1.163113794,-1.204556405,-1.204767949,-1.203781419,0.904656204,0.88906182,0.934115457,0.157007946,0.148934171,0.172667481
2013,5,1.75222638,1.050886116,2.180609788,1.7759444,1.203100669,2.084527073,1.496831785,train,-1.181888979,-1.186586353,-1.173215329,-1.169808734,-1.170520018,-1.168164562,1.525147049,1.542754121,1.488553498,1.214901627,1.21590797,1.211334478
2013,6,1.24143719,0.366967692,1.888615427,1.496831785,0.708926904,2.034612607,0.8974176,train,-1.074402729,-1.08667789,-1.052409187,-1.128145854,-1.136632121,-1.112812258,-0.138361015,-0.117338023,-0.179490178,0.693393017,0.712708049,0.65453166
2013,7,0.553398011,0.120106466,0.881465487,0.8974176,0.243537079,1.385040457,0.716058799,train,-1.214652445,-1.209693171,-1.222987607,-1.144527587,-1.14818553,-1.137698397,0.87086297,0.925702481,0.761963752,0.366250977,0.404182229,0.291236787
2013,8,0.878719588,0.05069467,1.527090599,0.716058799,0.085400568,1.204278043,0.665465898,train,-0.694269593,-0.706473397,-0.672528723,-0.954461019,-0.958083284,-0.947758165,-0.325578303,-0.293070557,-0.389030047,0.272642334,0.316315962,0.186466853
2013,9,0.452212208,-0.152716592,0.948630905,0.665465898,-0.051010961,1.237860752,0.307112901,train,-1.084541883,-1.085541467,-1.082418053,-0.889405738,-0.896007432,-0.877473388,0.173986962,0.222783718,0.07787362,-0.07579567,-0.03514342,-0.155578213
2013,10,0.162013594,-0.289515944,0.553583716,0.307112901,-0.221116268,0.751107311,0.173705615,train,-0.59745758,-0.591695065,-0.607414497,-0.840999731,-0.838618266,-0.844916275,-0.542056123,-0.550355773,-0.525038026,-0.18403458,-0.163786028,-0.223582203
2013,11,0.185397637,-0.28307673,0.589588789,0.173705615,-0.286296337,0.571586253,0.096793754,train,-0.584060673,-0.589474959,-0.574323059,-0.590759127,-0.590585012,-0.590868778,0.221005022,0.23950045,0.184372302,-0.16052555,-0.155427661,-0.170332862
2013,12,0.008189872,-0.331739809,0.316614786,0.096793754,-0.30740827,0.453101788,-0.133264216,train,-0.580370606,-0.588341984,-0.566127373,-0.58221564,-0.588908471,-0.570225216,0.068071034,0.096445623,0.01222586,0.144538028,0.167973037,0.098299081
2013,13,-0.274718303,-0.372610278,-0.152694955,-0.133264216,-0.352175044,0.081959916,-0.1897931,train,-0.208554872,-0.20575061,-0.213427732,-0.394462739,-0.397046297,-0.389777552,-0.592521634,-0.593622057,-0.589583994,-0.2622253,-0.248588217,-0.288679067
2013,14,-0.104867897,-0.349262652,0.130148956,-0.1897931,-0.360936465,-0.011272999,-0.243678147,train,-0.325697513,-0.327553631,-0.32231739,-0.267126193,-0.26665212,-0.267872561,0.934282949,1.041532277,0.722315395,0.170880657,0.22395511,0.0663657
2013,15,-0.382488398,-0.37274907,-0.345516976,-0.243678147,-0.361005861,-0.10768401,-0.341131049,train,-0.440810827,-0.443700806,-0.435570104,-0.38325417,-0.385627218,-0.378943747,0.203842116,0.243374391,0.125894423,0.569062532,0.642453334,0.424104909
2013,16,-0.2997737,-0.37305252,-0.197150856,-0.341131049,-0.372900795,-0.271333916,-0.355508508,train,-0.740862813,-0.735582422,-0.749922116,-0.59083682,-0.589641614,-0.59274611,0.697819677,0.7465653,0.601121382,0.450830896,0.494969845,0.363507903
2013,17,-0.411243316,-0.374571724,-0.395339929,-0.355508508,-0.373812122,-0.296245393,-0.438630156,train,0.326362469,0.349061368,0.286246919,-0.207250172,-0.193260527,-0.231837598,-0.634399256,-0.629824384,-0.642558783,0.03171021,0.058370458,-0.020718701
2013,18,-0.466016995,-0.365389356,-0.501762939,-0.438630156,-0.36998054,-0.448551434,-0.495974005,train,0.571329268,0.607715339,0.507008426,0.448845868,0.478388354,0.396627673,-0.316293664,-0.344792517,-0.259879517,-0.47534646,-0.48730845,-0.45121915
2013,19,-0.525931016,-0.374016968,-0.601178296,-0.495974005,-0.369703162,-0.551470617,-0.526075738,train,-0.087418245,-0.075564629,-0.108280945,0.241955512,0.266075355,0.199363741,1.050572264,1.050707619,1.04893163,0.3671393,0.352957551,0.394526057
2013,20,-0.52622046,-0.375008402,-0.600794096,-0.526075738,-0.374512685,-0.600986196,-0.533455482,train,0.416069173,0.427271286,0.396186652,0.164325464,0.175853328,0.143952854,-0.548508672,-0.562495977,-0.520305885,0.251031796,0.244105821,0.264312873
2013,21,-0.540690504,-0.375038981,-0.626672998,-0.533455482,-0.375023692,-0.613733547,-0.545683488,train,0.721998528,0.723512789,0.71908862,0.569033851,0.575392037,0.557637636,-0.640439227,-0.642659819,-0.635237756,-0.59447395,-0.602577898,-0.577771821
2013,22,-0.550676471,-0.375038981,-0.644551574,-0.545683488,-0.375038981,-0.635612286,-0.554078525,train,0.874493285,0.877774733,0.868417818,0.798245907,0.800643761,0.793753219,-0.683213082,-0.682475139,-0.683769166,-0.661826155,-0.662567479,-0.659503461
2013,23,-0.557480579,-0.375038981,-0.656733446,-0.554078525,-0.375038981,-0.65064251,-0.559179518,train,0.643562023,0.661205366,0.612250948,0.759027654,0.769490049,0.740334383,-0.662032526,-0.660811642,-0.663565304,-0.672622804,-0.67164339,-0.673667235
2013,24,-0.560878456,-0.375038981,-0.662816902,-0.559179518,-0.375038981,-0.659775174,-0.561581241,train,0.682153956,0.659208796,0.722366846,0.66285799,0.660207081,0.667308897,-0.686940014,-0.686028135,-0.687833006,-0.67448627,-0.673419888,-0.675699155
2013,25,-0.562284025,-0.375038981,-0.665333392,-0.561581241,-0.375038981,-0.664075147,-0.562284025,train,1.111495236,1.119017062,1.097867018,0.896824596,0.889112929,0.910116932,-0.673014627,-0.673817669,-0.670556018,-0.679977321,-0.679922902,-0.679194512
2013,26,-0.562284025,-0.375038981,-0.665333392,-0.562284025,-0.375038981,-0.665333392,-0.562284025,train,1.135557397,1.111642994,1.1773272,1.123526317,1.115330028,1.137597109,-0.689455195,-0.688643326,-0.690148376,-0.681234911,-0.681230497,-0.680352197
2013,27,-0.562284025,-0.375038981,-0.665333392,-0.562284025,-0.375038981,-0.665333392,-0.562284025,train,1.234716793,1.206937917,1.283264588,1.185137095,1.159290456,1.230295894,-0.689364372,-0.688583251,-0.68999725,-0.689409783,-0.688613288,-0.690072813
2013,28,-0.562284025,-0.375038981,-0.665333392,-0.562284025,-0.375038981,-0.665333392,-0.562234608,train,1.312502807,1.288082953,1.355104388,1.2736098,1.247510435,1.319184488,-0.68756175,-0.686675691,-0.68840319,-0.688463061,-0.687629471,-0.68920022
2013,29,-0.562185191,-0.374942839,-0.665243952,-0.562234608,-0.37499091,-0.665288672,-0.562234608,train,1.034824911,1.020125726,1.060386609,1.173663859,1.15410434,1.207745498,-0.688177032,-0.687489354,-0.688627851,-0.687869391,-0.687082523,-0.688515521
2013,30,-0.562284025,-0.375038981,-0.665333392,-0.562234608,-0.37499091,-0.665288672,-0.562284025,train,1.084062091,1.083913947,1.083961279,1.059443501,1.052019837,1.072173944,-0.689433057,-0.688664612,-0.690040937,-0.688805044,-0.688076983,-0.689334394
2013,31,-0.562284025,-0.375038981,-0.665333392,-0.562284025,-0.375038981,-0.665333392,-0.562284025,train,1.188796795,1.184464963,1.196034728,1.136429443,1.134189455,1.139998004,-0.689352575,-0.688586603,-0.689955703,-0.689392816,-0.688625607,-0.68999832
2013,32,-0.562284025,-0.375038981,-0.665333392,-0.562284025,-0.375038981,-0.665333392,-0.562273957,train,1.204793675,1.201791927,1.209682009,1.196795235,1.193128445,1.202858369,-0.610436714,-0.613506909,-0.603605027,-0.649894644,-0.651046756,-0.646780365
2013,33,-0.562263888,-0.375012575,-0.665321374,-0.562273957,-0.375025778,-0.665327383,-0.562273957,train,1.290481054,1.291430895,1.288376142,1.247637365,1.246611411,1.249029076,-0.689420729,-0.688655188,-0.690022921,-0.649928721,-0.651081048,-0.646813974
2013,34,-0.562284025,-0.375038981,-0.665333392,-0.562273957,-0.375025778,-0.665327383,-0.562284025,train,1.049819633,1.048506996,1.051782663,1.170150343,1.169968945,1.170079402,-0.675373621,-0.675073221,-0.675080191,-0.682397175,-0.681864204,-0.682551556
2013,35,-0.562284025,-0.375038981,-0.665333392,-0.562284025,-0.375038981,-0.665333392,-0.562108731,train,1.208859477,1.20285431,1.21903995,1.129339555,1.125680653,1.135411306,-0.656601171,-0.655649274,-0.657612496,-0.665987396,-0.665361247,-0.666346343
2013,36,-0.561933436,-0.374485893,-0.665209131,-0.562108731,-0.374762437,-0.665271261,-0.562108731,train,0.847795068,0.843315533,0.855407171,1.028327272,1.023084921,1.03722356,-0.681210708,-0.680526582,-0.681663661,-0.668905939,-0.668087928,-0.669638079
2013,37,-0.562284025,-0.375038981,-0.665333392,-0.562108731,-0.374762437,-0.665271261,-0.547916718,train,1.018815649,1.021529146,1.013693007,0.933305359,0.932422339,0.934550089,-0.680881753,-0.680252087,-0.681228123,-0.68104623,-0.680389334,-0.681445892
2013,38,-0.53354941,-0.347096737,-0.639321021,-0.547916718,-0.361067859,-0.652327206,-0.547910606,train,0.451054237,0.457415468,0.439692044,0.734934943,0.739472307,0.726692526,-0.239284092,-0.224665365,-0.267696808,-0.460082922,-0.452458726,-0.474462465
2013,39,-0.562271802,-0.375014939,-0.665333392,-0.547910606,-0.361055838,-0.652327206,-0.562122002,train,0.568205054,0.563663052,0.576020595,0.509629645,0.51053926,0.50785632,-0.630359887,-0.629302438,-0.631612958,-0.434821989,-0.426983901,-0.449654883
2013,40,-0.561972202,-0.374569764,-0.665202197,-0.562122002,-0.374792351,-0.665267794,-0.562128114,train,-0.159028777,-0.166895912,-0.145109935,0.204588138,0.19838357,0.21545533,-0.565069253,-0.555762091,-0.582618452,-0.59771457,-0.592532265,-0.607115705
2013,41,-0.562284025,-0.375038981,-0.665333392,-0.562128114,-0.374804372,-0.665267794,-0.560900704,train,0.341565707,0.348499694,0.329230591,0.091268465,0.090801891,0.092060328,-0.689378306,-0.688612033,-0.68998199,-0.627223779,-0.622187062,-0.636300221
2013,42,-0.559517383,-0.36963302,-0.665300622,-0.560900704,-0.372336001,-0.665317007,-0.560896825,train,-0.054303965,-0.058069822,-0.047648548,0.143630871,0.145214936,0.140791021,0.237547229,0.271151653,0.171203669,-0.225915538,-0.20873019,-0.25938916
2013,43,-0.562276268,-0.375023722,-0.665333392,-0.560896825,-0.372328371,-0.665317007,-0.56169161,train,-0.147411322,-0.133257929,-0.172307329,-0.100857643,-0.095663876,-0.109977939,-0.676654506,-0.67574808,-0.677550242,-0.219553639,-0.202298214,-0.253173287
2013,44,-0.561106953,-0.373364197,-0.664750396,-0.56169161,-0.374193959,-0.665041894,-0.541184717,train,-0.168244785,-0.146931408,-0.205753241,-0.157828054,-0.140094668,-0.189030285,-0.358821268,-0.372344096,-0.331779381,-0.517737887,-0.524046088,-0.504664812
2013,45,-0.521262482,-0.349207319,-0.615401808,-0.541184717,-0.361285758,-0.640076102,-0.526009587,train,-0.302492855,-0.281892019,-0.338700647,-0.23536882,-0.214411713,-0.272226944,0.265396866,0.223171005,0.348023466,-0.046712201,-0.074586546,0.008122043
2013,46,-0.530756692,-0.374608676,-0.609279466,-0.526009587,-0.361907997,-0.612340637,-0.538536199,train,-0.547187184,-0.528530408,-0.579886896,-0.42484002,-0.405211213,-0.459293771,0.050354708,0.009696398,0.130182448,0.157875787,0.116433701,0.239102957
2013,47,-0.546315706,-0.374056916,-0.637638073,-0.538536199,-0.374332796,-0.623458769,-0.540399151,train,-0.260969947,-0.244602275,-0.289730688,-0.404078565,-0.386566342,-0.434808792,-0.539499648,-0.539111044,-0.539557327,-0.24457247,-0.264707323,-0.204687439
2013,48,-0.534482596,-0.324004626,-0.662010371,-0.540399151,-0.349030771,-0.649824222,-0.374671704,train,-0.404279492,-0.401163691,-0.409636093,-0.332624719,-0.322882983,-0.349683391,0.830061075,0.817255549,0.854137825,0.145280713,0.139072253,0.157290249
2013,49,-0.214860811,-0.308345946,-0.104021736,-0.374671704,-0.316175286,-0.383016054,1.791501182,train,-1.280371278,-1.277242992,-1.2854574,-0.842325385,-0.839203341,-0.847546747,2.733284012,2.713098495,2.76937211,1.781672543,1.765177022,1.811754967
2013,50,3.797863175,4.820802149,2.411652831,1.791501182,2.256228101,1.153815548,2.933191974,train,-2.139613417,-2.140227006,-2.137817665,-1.709992347,-1.708734999,-1.711637533,0.148435064,0.115509958,0.21293871,1.440859538,1.414304227,1.49115541
2013,51,2.068520772,1.675561077,2.178310298,2.933191974,3.248181613,2.294981564,1.339136778,train,-1.478597072,-1.48352498,-1.469418055,-1.809105245,-1.811875993,-1.80361786,-0.685882298,-0.685085978,-0.6865496,-0.268723617,-0.28478801,-0.236805445
2013,52,0.609752784,0.016589007,1.076583699,1.339136778,0.846075042,1.627446998,0.333837314,train,-1.269664742,-1.269736212,-1.269114902,-1.374130907,-1.376630596,-1.369266478,0.700306571,0.687743876,0.724075942,0.007212136,0.001328949,0.018763171
2014,1,0.057921845,-0.341735977,0.414752003,0.333837314,-0.162573485,0.745667851,0.01383145,train,-1.365047788,-1.381054927,-1.33637964,-1.317356265,-1.32539557,-1.302747271,-0.611752463,-0.610622361,-0.613172644,0.044277054,0.038560757,0.055451649
2014,2,-0.030258945,-0.361796468,0.275134956,0.01383145,-0.351766222,0.34494348,-0.121087584,train,-1.21150916,-1.222041484,-1.192541579,-1.288278474,-1.301548206,-1.264460609,-0.48536989,-0.49052492,-0.47460515,-0.548561176,-0.550573641,-0.543888897
2014,3,-0.211916224,-0.372077315,-0.040741098,-0.121087584,-0.366936891,0.117196929,-0.176510194,train,-0.798555239,-0.827225749,-0.747757142,-1.0050322,-1.024633617,-0.97014936,-0.597847721,-0.608434987,-0.576261455,-0.541608806,-0.549479954,-0.525433303
2014,4,-0.141104165,-0.371797675,0.085784162,-0.176510194,-0.371937495,0.022521532,0.147168514,train,-0.981372759,-0.978100668,-0.986812157,-0.889963999,-0.902663209,-0.86728465,0.095446157,0.096168616,0.093901635,-0.251200782,-0.256133186,-0.24117991
2014,5,0.435441193,-0.04754683,0.82287833,0.147168514,-0.209672253,0.454331246,0.291608932,train,-1.394269493,-1.410473157,-1.365245213,-1.187821126,-1.194286913,-1.176028685,0.492946858,0.423901084,0.627976871,0.294196507,0.26003485,0.360939253
2014,6,0.147776671,-0.318995884,0.554927204,0.291608932,-0.183271357,0.688902767,-0.077278001,train,-1.336196225,-1.359621744,-1.294462883,-1.365232859,-1.385047451,-1.329854048,-0.689274793,-0.688522658,-0.689850831,-0.098163968,-0.132310787,-0.03093698
2014,7,-0.302332674,-0.36542552,-0.208674514,-0.077278001,-0.342210702,0.173126345,-0.354478236,train,-0.988852929,-0.996591472,-0.974883692,-1.162524577,-1.178106608,-1.134673287,0.011765065,0.00612356,0.022835233,-0.338754864,-0.341199549,-0.333507799
2014,8,-0.406623798,-0.372846131,-0.388639929,-0.354478236,-0.369135825,-0.298657222,-0.309020532,train,-0.650991376,-0.64165218,-0.667234286,-0.819922152,-0.819121826,-0.821058989,0.030459473,0.04903038,-0.006072236,0.021112269,0.02757697,0.008381498
2014,9,-0.211417266,-0.359504196,-0.05129192,-0.309020532,-0.366175163,-0.219965924,-0.317254511,train,-0.71547477,-0.718263879,-0.710320132,-0.683233073,-0.679958029,-0.688777209,-0.556542589,-0.551434047,-0.565852651,-0.263041558,-0.251201833,-0.285962444
2014,10,-0.423091757,-0.360977429,-0.428926644,-0.317254511,-0.360240813,-0.240109282,0.414707992,train,-0.599070944,-0.58849023,-0.617519351,-0.657272857,-0.653377054,-0.663919741,1.887921637,1.881965188,1.897155744,0.665689524,0.665265571,0.665651546
2014,11,1.252507741,0.452402518,1.830672438,0.414707992,0.045712544,0.700872897,0.482722606,train,-0.969634888,-0.962512271,-0.981864719,-0.784352916,-0.775501251,-0.799692035,0.234308872,0.220357962,0.261415837,1.061115254,1.051161575,1.079285791
2014,12,-0.28706253,-0.370820611,-0.176424656,0.482722606,0.040790953,0.827123891,-0.352067022,train,-0.428957728,-0.419492684,-0.44549657,-0.699296308,-0.691002478,-0.713680645,-0.353804476,-0.360039564,-0.341089571,-0.059747802,-0.069840801,-0.039836867
2014,13,-0.417071513,-0.374916255,-0.405460964,-0.352067022,-0.372868433,-0.29094281,-0.466415264,train,-0.643959586,-0.636894594,-0.656196583,-0.536458657,-0.528193639,-0.550846577,0.002317315,0.021818794,-0.036006145,-0.17574358,-0.169110385,-0.188547858
2014,14,-0.515759015,-0.375038981,-0.582036405,-0.466415264,-0.374977618,-0.493748684,-0.526996397,train,-0.315605285,-0.301756341,-0.339908551,-0.479782435,-0.469325467,-0.498052567,-0.549868887,-0.553450534,-0.542111451,-0.273775786,-0.26581587,-0.289058798
2014,15,-0.53823378,-0.373432548,-0.623736739,-0.526996397,-0.374235765,-0.602886572,-0.547550175,train,-0.271720877,-0.264580277,-0.284215401,-0.293663081,-0.283168309,-0.312061976,-0.219149261,-0.233034379,-0.191578232,-0.384509074,-0.393242457,-0.366844842
2014,16,-0.55686657,-0.374915164,-0.65574684,-0.547550175,-0.374173856,-0.63974179,-0.559360312,train,0.164661389,0.171643082,0.152301249,-0.053529744,-0.046468598,-0.065957076,-0.425570325,-0.436807323,-0.402932756,-0.322359793,-0.334920851,-0.297255494
2014,17,-0.561854055,-0.375038981,-0.664563585,-0.559360312,-0.374977073,-0.660155213,-0.562064748,train,0.419736334,0.421195622,0.417024224,0.292198861,0.296419352,0.284662737,-0.567647993,-0.569246112,-0.563764929,-0.496609159,-0.503026717,-0.483348842
2014,18,-0.562275442,-0.375022097,-0.665333392,-0.562064748,-0.375030539,-0.664948488,-0.561435855,train,0.441194185,0.466281972,0.396829907,0.43046526,0.443738797,0.406927066,0.290707486,0.222848234,0.423670612,-0.138470253,-0.173198939,-0.070047159
2014,19,-0.560596268,-0.374735323,-0.662588073,-0.561435855,-0.37487871,-0.663960732,-0.561440146,train,-0.18062111,-0.172780472,-0.194379859,0.130286538,0.14675075,0.101225024,1.95884557,1.939017475,1.995244677,1.124776528,1.080932855,1.209457645
2014,20,-0.562284025,-0.375038981,-0.665333392,-0.561440146,-0.374887152,-0.663960732,-0.562196722,train,0.296172315,0.289914105,0.307103473,0.057775603,0.058566817,0.056361807,-0.374202375,-0.397637346,-0.32766299,0.792321598,0.770690065,0.833790843
2014,21,-0.562109419,-0.374818516,-0.665221452,-0.562196722,-0.374928749,-0.665277422,-0.55730801,train,0.376154158,0.392517309,0.347188682,0.336163237,0.341215707,0.327146078,-0.399449244,-0.417146524,-0.364151394,-0.38682581,-0.407391935,-0.345907192
2014,22,-0.5525066,-0.36663038,-0.65548175,-0.55730801,-0.370724448,-0.660351601,-0.557383127,train,0.645339575,0.647481043,0.641349812,0.510746867,0.519999176,0.494269247,-0.533324751,-0.533965223,-0.531368375,-0.466386998,-0.475555873,-0.447759885
2014,23,-0.562259653,-0.374991041,-0.665333392,-0.557383127,-0.370810711,-0.660407571,-0.562271839,train,0.466819099,0.462914563,0.47354496,0.556079337,0.555197803,0.557447386,-0.450133561,-0.456317412,-0.437393291,-0.491729156,-0.495141317,-0.484380833
2014,24,-0.562284025,-0.375038981,-0.665333392,-0.562271839,-0.375015011,-0.665333392,-0.562284025,train,0.709825885,0.711986361,0.705781092,0.588322492,0.587450462,0.589663026,-0.546655424,-0.554077052,-0.531356625,-0.498394492,-0.505197232,-0.484374958
2014,25,-0.562284025,-0.375038981,-0.665333392,-0.562284025,-0.375038981,-0.665333392,-0.562284025,train,0.9608951,0.958187005,0.965347298,0.835360492,0.835086683,0.835564195,-0.687015661,-0.685794475,-0.68851634,-0.616835542,-0.619935764,-0.609936482
2014,26,-0.562284025,-0.375038981,-0.665333392,-0.562284025,-0.375038981,-0.665333392,-0.562284025,train,1.468075809,1.478252058,1.449650152,1.214485454,1.218219531,1.207498725,-0.688031912,-0.687155384,-0.688854009,-0.687523786,-0.68647493,-0.688685175
2014,27,-0.562284025,-0.375038981,-0.665333392,-0.562284025,-0.375038981,-0.665333392,-0.562284025,train,1.229475833,1.228609887,1.230591595,1.348775821,1.353430972,1.340120873,-0.628603932,-0.631634695,-0.621825959,-0.658317922,-0.659395039,-0.655339984
2014,28,-0.562284025,-0.375038981,-0.665333392,-0.562284025,-0.375038981,-0.665333392,-0.562180371,train,1.238676025,1.224377361,1.263463753,1.234075929,1.226493624,1.247027674,-0.688109791,-0.687181398,-0.689033702,-0.658356861,-0.659408046,-0.65542983
2014,29,-0.562076717,-0.374737587,-0.665236564,-0.562180371,-0.374888284,-0.665284978,-0.562180371,train,1.002229982,0.977054271,1.046267339,1.120453003,1.100715816,1.154865546,-0.553587259,-0.558160631,-0.543876217,-0.620848525,-0.622671014,-0.616454959
2014,30,-0.562284025,-0.375038981,-0.665333392,-0.562180371,-0.374888284,-0.665284978,-0.561988238,train,1.148216755,1.131004382,1.178170067,1.075223368,1.054029327,1.112218703,-0.689335691,-0.68853413,-0.690008773,-0.621461475,-0.62334738,-0.616942495
2014,31,-0.561692451,-0.374076489,-0.665150321,-0.561988238,-0.374557735,-0.665241856,-0.561912468,train,1.180700244,1.166210696,1.205843758,1.164458499,1.148607539,1.192006912,-0.642491827,-0.641642834,-0.643319406,-0.665913759,-0.665088482,-0.666664089
2014,32,-0.562132486,-0.374740905,-0.665333392,-0.561912468,-0.374408697,-0.665241856,-0.562190937,train,1.156671194,1.14403517,1.178555912,1.168685719,1.155122933,1.192199835,-0.661169942,-0.659944119,-0.662713555,-0.651830885,-0.650793476,-0.65301648
2014,33,-0.562249389,-0.374970851,-0.665333392,-0.562190937,-0.374855878,-0.665333392,-0.562266707,train,1.404626616,1.394314417,1.422332837,1.280648905,1.269174794,1.300444374,-0.622840919,-0.620727007,-0.626179778,-0.642005431,-0.640335563,-0.644446666
2014,34,-0.562284025,-0.375038981,-0.665333392,-0.562266707,-0.375004916,-0.665333392,-0.562284025,train,1.433098875,1.431237524,1.43590105,1.418862746,1.41277597,1.429116943,-0.647609179,-0.647473662,-0.647028083,-0.635225049,-0.634100335,-0.63660393
2014,35,-0.562284025,-0.375038981,-0.665333392,-0.562284025,-0.375038981,-0.665333392,-0.562209947,train,1.270984082,1.251393393,1.305088167,1.352041478,1.341315459,1.370494609,-0.411875152,-0.405251184,-0.424352324,-0.529742166,-0.526362423,-0.535690204
2014,36,-0.562135869,-0.374804367,-0.665281683,-0.562209947,-0.374921674,-0.665307538,-0.562209947,train,0.843380872,0.830167134,0.866388397,1.057182477,1.040780264,1.085738282,-0.61255064,-0.614584952,-0.607751699,-0.512212896,-0.509918068,-0.516052012
2014,37,-0.562284025,-0.375038981,-0.665333392,-0.562209947,-0.374921674,-0.665307538,-0.561978179,train,0.778357348,0.776804214,0.780834877,0.81086911,0.803485674,0.823611637,-0.635362282,-0.63532704,-0.63460017,-0.623956461,-0.624955996,-0.621175934
2014,38,-0.561672332,-0.374116937,-0.665077486,-0.561978179,-0.374577959,-0.665205439,-0.561772623,train,0.640836377,0.640768011,0.64074293,0.709596863,0.708786113,0.710788903,-0.669190395,-0.668510263,-0.669651227,-0.652276338,-0.651918652,-0.652125698
2014,39,-0.561872914,-0.374597266,-0.664999403,-0.561772623,-0.374357101,-0.665038444,-0.55834033,train,0.413054489,0.422699368,0.395917584,0.526945433,0.53173369,0.518330257,1.669496478,1.641210842,1.722893273,0.500153042,0.486350289,0.526621023
2014,40,-0.554807745,-0.375038981,-0.651948084,-0.55834033,-0.374818124,-0.658473743,-0.557781445,train,0.336814009,0.334201635,0.341305848,0.374934249,0.378450502,0.368611716,-0.152455528,-0.193793393,-0.071027087,0.758520475,0.723708725,0.825933093
2014,41,-0.560755144,-0.374331088,-0.663240457,-0.557781445,-0.374685035,-0.65759427,-0.539756695,train,0.218403079,0.231360439,0.195492944,0.277608544,0.282781037,0.268399396,0.357786008,0.338564811,0.395087527,0.10266524,0.072385709,0.16203022
2014,42,-0.518758246,-0.343737212,-0.615897227,-0.539756695,-0.35903415,-0.639568842,-0.540353349,train,-0.164561221,-0.171940299,-0.151500728,0.026920929,0.02971007,0.021996108,0.583568099,0.616420039,0.518250406,0.470677054,0.477492425,0.456668967
2014,43,-0.561948452,-0.374424647,-0.665291763,-0.540353349,-0.35908093,-0.640594495,-0.542144922,train,-0.006303344,0.004259524,-0.024918194,-0.085432283,-0.083840388,-0.088209461,-0.557359456,-0.558232249,-0.55491512,0.013104321,0.029093895,-0.018332357
2014,44,-0.522341391,-0.353594989,-0.613339766,-0.542144922,-0.364009818,-0.639315764,-0.526061774,train,-0.517507368,-0.51077107,-0.529207258,-0.261905356,-0.253255773,-0.277062726,1.529911389,1.576335363,1.436686355,0.486275967,0.509051557,0.440885618
2014,45,-0.529782156,-0.375038981,-0.607143018,-0.526061774,-0.364316985,-0.610241392,-0.53763029,train,-0.369679229,-0.388437742,-0.336494112,-0.443593298,-0.449604406,-0.432850685,-0.689155266,-0.68839887,-0.689739833,0.420378062,0.443968247,0.373473261
2014,46,-0.545478424,-0.365269952,-0.644136985,-0.53763029,-0.370154467,-0.625640001,-0.305833086,train,-0.515900983,-0.51896635,-0.51032607,-0.442790106,-0.453702046,-0.423410091,-0.253489955,-0.267283017,-0.226054883,-0.47132261,-0.477840944,-0.457897358
2014,47,-0.066187748,-0.226920598,0.088044146,-0.305833086,-0.296095275,-0.278046419,0.377989175,train,-0.964837606,-0.955446061,-0.981068005,-0.740369295,-0.737206206,-0.745697037,3.247280197,3.304577601,3.130441707,1.496895121,1.518647292,1.452193412
2014,48,0.822166097,-0.113611682,1.575391709,0.377989175,-0.17026614,0.831717927,0.345050555,train,-0.798790987,-0.795810889,-0.803776704,-0.881814296,-0.875628475,-0.892422355,-0.375818122,-0.36711068,-0.392436504,1.435731038,1.468733461,1.369002601
2014,49,-0.132064987,-0.357158465,0.088642925,0.345050555,-0.235385074,0.832017317,-0.249799985,train,-0.539155419,-0.544742209,-0.52912876,-0.668973203,-0.670276549,-0.666452732,-0.082411152,-0.095414123,-0.056752465,-0.229114637,-0.231262402,-0.224594484
2014,50,-0.367534983,-0.371786151,-0.319621285,-0.249799985,-0.364472308,-0.11548918,-0.051682178,train,-0.858807001,-0.87274814,-0.833949167,-0.69898121,-0.708745174,-0.681538963,0.460266073,0.47027066,0.440004795,0.18892746,0.187428268,0.191626165
2014,51,0.264170627,-0.310755651,0.755815139,-0.051682178,-0.341270901,0.218096927,0.175719005,train,-1.108388295,-1.116646028,-1.093464084,-0.983597648,-0.994697084,-0.963706625,-0.037443041,-0.017794834,-0.076002798,0.211411516,0.226237913,0.182000999
2014,52,0.087267383,-0.351862456,0.476508568,0.175719005,-0.331309054,0.616161853,0.009967672,train,-1.078945514,-1.097124707,-1.046544655,-1.093666904,-1.106885368,-1.070004369,-0.463973442,-0.46354394,-0.46421031,-0.250708242,-0.240669387,-0.270106554
2015,1,-0.06733204,-0.183465661,0.046442455,0.009967672,-0.267664059,0.261475511,2.248254718,train,-1.34045365,-1.334139321,-1.351135084,-1.209699582,-1.215632014,-1.19883987,3.344257323,3.278227067,3.469630938,1.440141941,1.407341563,1.502710314
2015,2,4.563841477,6.186402476,2.54005852,2.248254718,3.001468408,1.293250487,4.400726428,train,-2.268619743,-2.293056931,-2.224792057,-1.804536697,-1.813598126,-1.787963571,1.392392732,1.374772499,1.425194582,2.368325027,2.326499783,2.44741276
2015,3,4.23761138,5.333016285,2.732743978,4.400726428,5.75970938,2.636401249,3.331986185,train,-1.492327307,-1.5059459,-1.467826454,-1.880473525,-1.899501416,-1.846309255,0.318619909,0.324463057,0.306721206,0.85550632,0.849617778,0.865957894
2015,4,2.426360989,2.478513007,2.088124269,3.331986185,3.905764646,2.410434124,1.832906696,train,-1.130019259,-1.140894858,-1.110473863,-1.311173283,-1.323420379,-1.289150158,-0.592064214,-0.592178092,-0.591065734,-0.136722152,-0.133857517,-0.142172264
2015,5,1.239452403,0.802861612,1.488308242,1.832906696,1.64068731,1.788216256,0.821445308,train,-1.163432272,-1.173098757,-1.146006774,-1.146725765,-1.156996808,-1.128240318,-0.263029594,-0.259843307,-0.268946482,-0.427546904,-0.426010699,-0.430006108
2015,6,0.403438214,-0.071972465,0.787813539,0.821445308,0.365444573,1.13806089,0.996905067,train,-1.022396123,-1.02857482,-1.011164901,-1.092914197,-1.100836789,-1.078585837,1.23175423,1.253859758,1.186705107,0.484362318,0.497008226,0.458879313
2015,7,1.59037192,2.155478514,0.885422714,0.996905067,1.041753024,0.836618127,2.653117691,train,-1.652266748,-1.637648233,-1.677480132,-1.337331435,-1.333111527,-1.344322517,1.251322007,1.297448373,1.159046304,1.241538119,1.275654066,1.172875706
2015,8,3.715863463,4.791426645,2.291580789,2.653117691,3.47345258,1.588501751,2.930948528,train,-1.738346559,-1.738751179,-1.737053075,-1.695306653,-1.688199706,-1.707266604,0.703631173,0.721476168,0.667645042,0.97747659,1.009462271,0.913345673
2015,9,2.146033593,1.943465474,2.073238483,2.930948528,3.367446059,2.182409636,1.471395253,train,-1.014425516,-1.014454626,-1.014035544,-1.376386037,-1.376602902,-1.37554431,-0.249786615,-0.233442182,-0.281576603,0.226922279,0.244016993,0.19303422
2015,10,0.796756914,0.244767129,1.203700979,1.471395253,1.094116301,1.638469731,0.343265971,train,-0.391957982,-0.390458183,-0.394470507,-0.703191749,-0.702456405,-0.704253026,-0.382453756,-0.404933322,-0.337780946,-0.316120185,-0.319187752,-0.309678774
2015,11,-0.110224971,-0.332185426,0.105014001,0.343265971,-0.043709149,0.65435749,0.3065713,train,-0.975961963,-0.969627885,-0.986799891,-0.683959972,-0.680043034,-0.690635199,0.705820429,0.694441569,0.727256345,0.161683336,0.144754124,0.194737699
2015,12,0.72336757,0.079747814,1.222508624,0.3065713,-0.126218806,0.663761312,0.311028375,train,-1.128192329,-1.12332525,-1.136393863,-1.052077146,-1.046476568,-1.061596877,1.325093589,1.316245326,1.340746569,1.015457009,1.005343448,1.034001457
2015,13,-0.101310819,-0.350324466,0.137483911,0.311028375,-0.135288326,0.679996267,-0.251225979,train,-0.504931988,-0.506052946,-0.50278774,-0.816562158,-0.814689098,-0.819590802,1.105985522,1.056772811,1.20124139,1.215539556,1.186509069,1.27099398
2015,14,-0.401141138,-0.374418084,-0.377393136,-0.251225979,-0.362371275,-0.119954613,-0.196070912,train,-0.304332066,-0.308787325,-0.296378112,-0.404632027,-0.407420136,-0.399582926,-0.574956038,-0.578100444,-0.568024955,0.265514742,0.239336184,0.316608218
2015,15,0.008999315,-0.143605499,0.146822829,-0.196070912,-0.259011792,-0.115285153,-0.224971615,train,-1.010345252,-1.000095213,-1.028073545,-0.657338659,-0.654441269,-0.662225829,1.394975914,1.394225801,1.394624579,0.410009938,0.408062679,0.413299812
2015,16,-0.458942545,-0.375038981,-0.480313898,-0.224971615,-0.25932224,-0.166745535,-0.281630873,train,-0.386041336,-0.380314219,-0.396006445,-0.698193294,-0.690204716,-0.712039995,-0.327040682,-0.326165914,-0.328331674,0.533967616,0.534029944,0.533146453
2015,17,-0.104319202,-0.300472314,0.086722016,-0.281630873,-0.337755648,-0.196795941,-0.308799315,train,-0.275477675,-0.266955453,-0.290406041,-0.330759505,-0.323634836,-0.343206243,0.685054202,0.686732544,0.680859874,0.17900676,0.180283315,0.1762641
2015,18,-0.513279428,-0.375038981,-0.577597028,-0.308799315,-0.337755648,-0.245437506,-0.527290235,train,0.070712453,0.054738316,0.098843112,-0.102382611,-0.106108569,-0.095781465,-0.689006154,-0.688081337,-0.689921865,-0.001975976,-0.000674397,-0.004530996
2015,19,-0.541301041,-0.374687861,-0.628085678,-0.527290235,-0.374863421,-0.602841353,-0.546038839,train,0.182492808,0.197600336,0.155805008,0.126602631,0.126169326,0.12732406,0.596420636,0.561958872,0.663357634,-0.046292759,-0.063061233,-0.013282116
2015,20,-0.550776637,-0.375038981,-0.644730907,-0.546038839,-0.374863421,-0.636408293,-0.553756794,train,0.503861665,0.520925083,0.47361934,0.343177236,0.35926271,0.314712174,-0.620581202,-0.615849967,-0.629066063,-0.012080283,-0.026945548,0.017145786
2015,21,-0.556736952,-0.37445016,-0.655938027,-0.553756794,-0.374744571,-0.650334467,-0.55920843,train,0.696440931,0.710652436,0.671160783,0.600151298,0.61578876,0.572390061,-0.566402313,-0.569043287,-0.560471664,-0.593491758,-0.592446627,-0.594768863
2015,22,-0.561679909,-0.375038981,-0.6642518,-0.55920843,-0.374744571,-0.660094913,-0.561920761,train,0.488227298,0.487277422,0.48973845,0.592334114,0.598964929,0.580449617,-0.562519037,-0.556321459,-0.573961238,-0.564460675,-0.562682373,-0.567216451
2015,23,-0.562161612,-0.374966284,-0.665180396,-0.561920761,-0.375002633,-0.664716098,-0.562222819,train,0.646237962,0.633393164,0.668661052,0.56723263,0.560335293,0.579199751,-0.662255322,-0.663552107,-0.658840586,-0.61238718,-0.609936783,-0.616400912
2015,24,-0.562284025,-0.375038981,-0.665333392,-0.562222819,-0.375002633,-0.665256894,-0.562271327,train,0.645824334,0.638250012,0.658958398,0.646031148,0.635821588,0.663809725,-0.645832951,-0.645951282,-0.644755367,-0.654044137,-0.654751694,-0.651797976
2015,25,-0.562258629,-0.37502109,-0.665304208,-0.562271327,-0.375030036,-0.6653188,-0.561908556,train,0.68939516,0.67371875,0.716794531,0.667609747,0.655984381,0.687876464,-0.648507225,-0.645048637,-0.654454792,-0.647170088,-0.64549996,-0.649605079
2015,26,-0.561558482,-0.374213071,-0.66478615,-0.561908556,-0.37461708,-0.665045179,-0.561921254,train,0.714928146,0.704899453,0.732364944,0.702161653,0.689309101,0.724579737,-0.637899058,-0.636715579,-0.639389912,-0.643203141,-0.640882108,-0.646922352
2015,27,-0.562284025,-0.375038981,-0.665333392,-0.561921254,-0.374626026,-0.665059771,-0.562284025,train,1.100513024,1.07887823,1.138276739,0.907720585,0.891888841,0.935320841,-0.684039066,-0.683721009,-0.683768993,-0.660969062,-0.660218294,-0.661579452
2015,28,-0.562284025,-0.375038981,-0.665333392,-0.562284025,-0.375038981,-0.665333392,-0.562284025,train,1.13479087,1.121743389,1.157408083,1.117651947,1.100310809,1.147842411,-0.631806122,-0.630370107,-0.633801183,-0.657922594,-0.657045558,-0.658785088
2015,29,-0.562284025,-0.375038981,-0.665333392,-0.562284025,-0.375038981,-0.665333392,-0.562284025,train,1.326903591,1.322628148,1.333996032,1.230847231,1.222185769,1.245702058,-0.679327649,-0.67940725,-0.678282342,-0.655566885,-0.654888678,-0.656041762
2015,30,-0.562284025,-0.375038981,-0.665333392,-0.562284025,-0.375038981,-0.665333392,-0.562253066,train,1.476659263,1.467544783,1.492230465,1.401781427,1.395086466,1.413113249,-0.646805209,-0.646393739,-0.646767413,-0.663066429,-0.662900494,-0.662524877
2015,31,-0.562222108,-0.374917189,-0.665333392,-0.562253066,-0.374978085,-0.665333392,-0.561775682,train,1.640495482,1.657702874,1.60961994,1.558577373,1.562623829,1.550925203,-0.226130681,-0.258173664,-0.16287029,-0.436467945,-0.452283702,-0.404818852
2015,32,-0.561329256,-0.373773227,-0.664776099,-0.561775682,-0.374345208,-0.665054745,-0.561806641,train,1.228345683,1.216716302,1.248432275,1.434420583,1.437209588,1.429026107,-0.683787805,-0.681865279,-0.686670845,-0.454959243,-0.470019472,-0.424770567
2015,33,-0.562284025,-0.375038981,-0.665333392,-0.561806641,-0.374406104,-0.665054745,-0.562259738,train,1.570393602,1.567056508,1.575750923,1.399369642,1.391886405,1.412091599,-0.677876298,-0.678581024,-0.675604519,-0.680832052,-0.680223151,-0.681137682
2015,34,-0.562235452,-0.374954422,-0.665323393,-0.562259738,-0.374996701,-0.665328392,-0.562217039,train,1.261295182,1.239886154,1.298607309,1.415844392,1.403471331,1.437179116,-0.660232643,-0.660037673,-0.659751854,-0.669054471,-0.669309349,-0.667678187
2015,35,-0.562198627,-0.374895001,-0.665311549,-0.562217039,-0.374924711,-0.665317471,-0.562241326,train,1.031575503,1.047623294,1.002947034,1.146435343,1.143754724,1.150777172,-0.435597122,-0.465034661,-0.377182349,-0.547914882,-0.562536167,-0.518467102
2015,36,-0.562284025,-0.375038981,-0.665333392,-0.562241326,-0.374966991,-0.66532247,-0.562162009,train,1.418224289,1.433371868,1.391053355,1.224899896,1.240497581,1.197000195,-0.561595367,-0.565719335,-0.552756926,-0.498596244,-0.515376998,-0.464969637
2015,37,-0.562039993,-0.3746974,-0.665207393,-0.562162009,-0.374868191,-0.665270392,-0.561888489,train,1.471130177,1.496356474,1.426177934,1.444677233,1.464864171,1.408615644,-0.156621283,-0.168241607,-0.133582396,-0.359108325,-0.366980471,-0.343169661
2015,38,-0.561736984,-0.374031465,-0.665271034,-0.561888489,-0.374364432,-0.665239214,-0.55902913,train,0.952452949,0.959938925,0.938941012,1.211791563,1.228147699,1.182559473,-0.586277388,-0.578401981,-0.600985435,-0.371449335,-0.373321794,-0.367283916
2015,39,-0.556321276,-0.36601554,-0.662871063,-0.55902913,-0.370023502,-0.664071049,-0.559079209,train,0.77838732,0.780516001,0.774375678,0.865420134,0.870227463,0.856658345,-0.543019529,-0.537021224,-0.554095671,-0.564648458,-0.557711603,-0.577540553
2015,40,-0.561837142,-0.374176735,-0.665318127,-0.559079209,-0.370096138,-0.664094595,-0.561645089,train,0.69401147,0.689216795,0.702230343,0.736199395,0.734866398,0.73830301,0.2619036,0.27630339,0.233265298,-0.140557965,-0.130358917,-0.160415187
2015,41,-0.561453036,-0.373983548,-0.664806276,-0.561645089,-0.374080142,-0.665062202,-0.561693461,train,0.496209341,0.504009204,0.482296498,0.595110405,0.596613,0.59226342,-0.355211598,-0.345393421,-0.374039537,-0.046653999,-0.034545016,-0.070387119
2015,42,-0.561933885,-0.374350258,-0.665333392,-0.561693461,-0.374166903,-0.665069834,-0.560803969,train,0.622292594,0.623593801,0.619791478,0.559250968,0.563801503,0.551043988,-0.57747666,-0.583025551,-0.565817462,-0.466344129,-0.464209486,-0.469928499
2015,43,-0.559674053,-0.370668073,-0.664639006,-0.560803969,-0.372509166,-0.664986199,-0.557551401,train,0.222539337,0.235227909,0.200101555,0.422415966,0.429410855,0.409946517,1.427827467,1.432138572,1.417487847,0.425175403,0.42455651,0.425835193
2015,44,-0.555428749,-0.366550694,-0.660786008,-0.557551401,-0.368609383,-0.662712507,-0.553914261,train,-0.317652094,-0.310120518,-0.330820376,-0.047556378,-0.037446304,-0.065359411,0.608616382,0.573684038,0.676462112,1.018221924,1.002911305,1.04697498
2015,45,-0.552399773,-0.368812564,-0.65330425,-0.553914261,-0.367681629,-0.657045129,-0.549678987,train,-0.555930153,-0.545117209,-0.574802266,-0.436791123,-0.427618863,-0.452811321,1.0907631,1.072250194,1.125713733,0.849689741,0.822967116,0.901087923
2015,46,-0.546958201,-0.372441423,-0.64025881,-0.549678987,-0.370626993,-0.64678153,-0.55236304,train,-0.410990743,-0.416893648,-0.40044972,-0.483460448,-0.481005428,-0.487625993,0.598512385,0.535957815,0.720649045,0.844637742,0.804104004,0.923181389
2015,47,-0.55776788,-0.374560816,-0.657683049,-0.55236304,-0.373501119,-0.64897093,-0.554415792,train,-0.630082322,-0.637209783,-0.617309887,-0.520536532,-0.527051715,-0.508879803,-0.660693414,-0.661671001,-0.657907945,-0.031090514,-0.062856593,0.03137055
2015,48,-0.551063704,-0.354091319,-0.664311573,-0.554415792,-0.364326067,-0.660997311,-0.280651703,train,-0.714872207,-0.708922286,-0.725120225,-0.672477264,-0.673066034,-0.671215056,-0.143278509,-0.120946932,-0.186972608,-0.401985962,-0.391308966,-0.422440276
2015,49,-0.010239702,-0.370631027,0.319018086,-0.280651703,-0.362361173,-0.172646744,-0.15832038,train,-1.337733848,-1.358958961,-1.299878187,-1.026303027,-1.033940624,-1.012499206,-0.088267462,-0.082331243,-0.099816644,-0.115772986,-0.101639087,-0.143394626
2015,50,-0.306401057,-0.366915123,-0.214602579,-0.15832038,-0.368773075,0.052207753,-0.301081369,train,-1.158300162,-1.159353448,-1.156057058,-1.248017005,-1.259156204,-1.227967623,-0.499130946,-0.509056774,-0.478973577,-0.293699204,-0.295694008,-0.289395111
2015,51,-0.295761681,-0.346658736,-0.213991662,-0.301081369,-0.356786929,-0.214297121,-0.338596358,train,-1.231489233,-1.229936133,-1.233815425,-1.194894697,-1.194644791,-1.194936242,-0.081618275,-0.094672556,-0.055859801,-0.290374611,-0.301864665,-0.267416689
2015,52,-0.381431036,-0.372490277,-0.343859462,-0.338596358,-0.359574507,-0.278925562,-0.122963053,train,-1.101484871,-1.106442242,-1.092379822,-1.166487052,-1.168189188,-1.163097624,-0.43824889,-0.430877753,-0.45215974,-0.259933582,-0.262775154,-0.25400977
2015,53,0.13550493,0.098011194,0.153393499,-0.122963053,-0.137239542,-0.095232982,0.895759659,train,-1.676455644,-1.682494106,-1.665253231,-1.388970257,-1.394468174,-1.378816526,3.768928682,3.797100075,3.708640268,1.665339896,1.683111161,1.628240264
2016,1,1.656014387,0.758899421,2.274123039,0.895759659,0.428455308,1.213758269,1.353283216,train,-1.162299422,-1.182711255,-1.125935729,-1.419377533,-1.43260268,-1.39559448,0.990511797,1.02540242,0.920655609,2.37972024,2.411251247,2.314647939
2016,2,1.050552044,0.347547288,1.564536964,1.353283216,0.553223355,1.919330001,1.577501894,train,-1.248261717,-1.254305352,-1.237193138,-1.20528057,-1.218508304,-1.181564434,0.926079809,0.946657027,0.884433787,0.958295803,0.986029723,0.902544698
2016,3,2.104451745,2.747786697,1.266692808,1.577501894,1.547666993,1.415614886,2.413654757,train,-1.97613802,-1.971024513,-1.984490797,-1.612199869,-1.612664932,-1.610841967,1.013703014,1.058738786,0.92388125,0.969891411,1.002697906,0.904157519
2016,4,2.72285777,3.102212619,2.051267498,2.413654757,2.924999658,1.658980153,2.475205166,train,-1.565801885,-1.580810745,-1.538826173,-1.770969953,-1.775917629,-1.761658485,-0.665977201,-0.664102275,-0.668790009,0.173862907,0.197318255,0.127545621
2016,5,2.227552562,1.979819939,2.186097517,2.475205166,2.541016279,2.118682507,1.731148322,train,-1.30504988,-1.310839083,-1.294410774,-1.435425883,-1.445824914,-1.416618474,0.741406569,0.76829908,0.687592631,0.037714684,0.052098403,0.009401311
2016,6,1.234744082,0.629378327,1.6377843,1.731148322,1.304599133,1.911940908,0.827993014,train,-0.672789164,-0.678765296,-0.662031679,-0.988919522,-0.99480219,-0.978221227,-0.620727133,-0.623461701,-0.614541491,0.060339718,0.07241869,0.03652557
2016,7,0.421241947,-0.065167564,0.81349494,0.827993014,0.282105382,1.22563962,0.178213408,train,-0.647956205,-0.662311752,-0.622438371,-0.660372684,-0.670538524,-0.642235025,0.645876221,0.664348447,0.608733155,0.012574544,0.020443373,-0.002904168
2016,8,-0.064815131,-0.317187765,0.172663442,0.178213408,-0.191177664,0.493079191,-0.133871532,train,-0.405380931,-0.422482445,-0.375104338,-0.526668568,-0.542397099,-0.498771354,-0.574337686,-0.569607471,-0.58288105,0.035769268,0.047370488,0.012926053
2016,9,-0.202927933,-0.362850594,-0.033046958,-0.133871532,-0.34001918,0.069808242,-0.248808115,train,-0.683903433,-0.682653533,-0.685878049,-0.544642182,-0.552567989,-0.530491193,0.170395949,0.160876228,0.188879251,-0.201970868,-0.204365622,-0.197000899
2016,10,-0.294688297,-0.345611585,-0.213023032,-0.248808115,-0.35423109,-0.123034995,-0.130649145,train,-0.653018913,-0.654303766,-0.650536362,-0.668461173,-0.66847865,-0.668207205,2.556135481,2.661754684,2.345248952,1.363265715,1.411315456,1.267064101
2016,11,0.033390007,-0.347037299,0.375656235,-0.130649145,-0.346324442,0.081316601,0.084963234,train,-0.893806194,-0.888746909,-0.90242474,-0.773412554,-0.771525338,-0.776480551,-0.252479297,-0.227367905,-0.301492847,1.151828092,1.21719339,1.021878052
2016,12,0.136536461,-0.229973635,0.453774396,0.084963234,-0.288505467,0.414715316,-0.046139775,train,-0.695069946,-0.688744812,-0.705985885,-0.79443807,-0.788745861,-0.804205312,0.503984822,0.490603482,0.529619711,0.125752762,0.131617789,0.114063432
2016,13,-0.22881601,-0.362899722,-0.07935148,-0.046139775,-0.296436679,0.187211458,-0.33420464,train,-0.189969716,-0.177437338,-0.211994492,-0.442519831,-0.433091075,-0.458990188,-0.560267413,-0.565095739,-0.550046645,-0.028141296,-0.037246128,-0.010213467
2016,14,-0.439593269,-0.373420069,-0.44714508,-0.33420464,-0.368159895,-0.26324828,-0.446477459,train,-0.092201777,-0.074802884,-0.122836379,-0.141085747,-0.126120111,-0.167415435,0.639252431,0.616939037,0.682261823,0.039492509,0.025921649,0.066107589
2016,15,-0.453361648,-0.375038981,-0.470322029,-0.446477459,-0.374229525,-0.458733554,-0.489942305,train,0.093330159,0.106185541,0.070641513,0.000564191,0.015691328,-0.026097433,-0.666112265,-0.668127204,-0.661281309,-0.013429917,-0.025594084,0.010490257
2016,16,-0.526522962,-0.375038981,-0.601307854,-0.489942305,-0.375038981,-0.535814941,-0.532876344,train,0.527319064,0.538929633,0.506679502,0.310324611,0.322557587,0.288660507,-0.634987653,-0.638630457,-0.626998664,-0.650549959,-0.653378831,-0.644139987
2016,17,-0.539229726,-0.374644935,-0.624416328,-0.532876344,-0.374841958,-0.612862091,-0.540820724,train,0.294448867,0.294346188,0.294531536,0.410883965,0.41663791,0.400605519,-0.514581035,-0.517033028,-0.509089542,-0.574784344,-0.577831743,-0.568044103
2016,18,-0.542411722,-0.374258657,-0.630464872,-0.540820724,-0.374451796,-0.6274406,-0.550747529,train,-0.096988194,-0.090766801,-0.107920962,0.098730336,0.101789694,0.093305287,-0.073610259,-0.07537179,-0.070052531,-0.294095647,-0.296202409,-0.289571037
2016,19,-0.559083336,-0.375038981,-0.659602973,-0.550747529,-0.374648819,-0.645033922,-0.560653379,train,0.837841908,0.850366255,0.815488152,0.370426857,0.379799727,0.353783595,-0.541352482,-0.551616814,-0.520474703,-0.30748137,-0.313494302,-0.295263617
2016,20,-0.562223422,-0.375038981,-0.665224888,-0.560653379,-0.375038981,-0.662413931,-0.56194492,train,0.257398478,0.253323845,0.264494047,0.547620193,0.55184505,0.5399911,-0.287125259,-0.260592077,-0.338887292,-0.41423887,-0.406104446,-0.429680998
2016,21,-0.561666418,-0.374988315,-0.664273762,-0.56194492,-0.375013648,-0.664749325,-0.561975222,train,0.269551609,0.278827445,0.253113048,0.263475043,0.266075645,0.258803548,-0.211182788,-0.204473756,-0.224089715,-0.249154023,-0.232532916,-0.281488504
2016,22,-0.562284025,-0.375038981,-0.665333392,-0.561975222,-0.375013648,-0.664803577,-0.562263681,train,1.002960068,1.018607427,0.97504691,0.636255839,0.648717436,0.614079979,-0.621991443,-0.628028533,-0.609314688,-0.416587116,-0.416251144,-0.416702201
2016,23,-0.562243337,-0.375006199,-0.665290383,-0.562263681,-0.37502259,-0.665311887,-0.56222314,train,0.748898639,0.751643775,0.743810345,0.875929354,0.885125601,0.859428627,-0.632902469,-0.635238894,-0.627483247,-0.627446956,-0.631633713,-0.618398967
2016,24,-0.562202942,-0.374879492,-0.665333392,-0.56222314,-0.374942846,-0.665311887,-0.562243484,train,1.279140205,1.30226169,1.23796177,1.014019422,1.026952733,0.990886057,-0.647990321,-0.650737341,-0.641744535,-0.640446395,-0.642988118,-0.634613891
2016,25,-0.562284025,-0.375038981,-0.665333392,-0.562243484,-0.374959237,-0.665333392,-0.562249743,train,1.391600715,1.391963664,1.390496435,1.33537046,1.347112677,1.314229102,-0.676377593,-0.676529284,-0.675194487,-0.662183957,-0.663633313,-0.658469511
2016,26,-0.56221546,-0.375038981,-0.665210634,-0.562249743,-0.375038981,-0.665272013,-0.562226661,train,1.120522515,1.123181827,1.115461419,1.256061615,1.257572746,1.252978927,-0.686791467,-0.686113386,-0.687225239,-0.68158453,-0.681321335,-0.681209863
2016,27,-0.562237862,-0.374948178,-0.665333392,-0.562226661,-0.37499358,-0.665272013,-0.562260944,train,1.271267364,1.273023263,1.267748197,1.19589494,1.198102545,1.191604808,-0.669605874,-0.670417718,-0.66713443,-0.678198671,-0.678265552,-0.677179835
2016,28,-0.562284025,-0.375038981,-0.665333392,-0.562260944,-0.37499358,-0.665333392,-0.562284025,train,1.450824589,1.439346112,1.47057094,1.361045976,1.356184688,1.369159568,-0.689397519,-0.688618726,-0.69002578,-0.679501697,-0.679518222,-0.678580105
2016,29,-0.562284025,-0.375038981,-0.665333392,-0.562284025,-0.375038981,-0.665333392,-0.562284025,train,1.275798455,1.25320841,1.315187271,1.363311522,1.346277261,1.392879105,-0.688353635,-0.687336421,-0.68945176,-0.688875577,-0.687977573,-0.68973877
2016,30,-0.562284025,-0.375038981,-0.665333392,-0.562284025,-0.375038981,-0.665333392,-0.562230031,train,1.537102307,1.540179686,1.531165297,1.406450381,1.396694048,1.423176284,-0.685660977,-0.68517765,-0.685713536,-0.687007306,-0.686257035,-0.687582648
2016,31,-0.562176036,-0.374826567,-0.665333392,-0.562230031,-0.374932774,-0.665333392,-0.56207639,train,1.330071611,1.326332506,1.336217703,1.433586959,1.433256096,1.4336915,-0.687531804,-0.686899344,-0.687874962,-0.68659639,-0.686038497,-0.686794249
2016,32,-0.561976744,-0.374615206,-0.665168967,-0.56207639,-0.374720886,-0.665251179,-0.562130384,train,1.224122084,1.208795569,1.250726249,1.277096847,1.267564038,1.293471976,-0.636067917,-0.63797259,-0.631492945,-0.66179986,-0.662435967,-0.659683953
2016,33,-0.562284025,-0.375038981,-0.665333392,-0.562130384,-0.374827094,-0.665251179,-0.562284025,train,1.494992195,1.493053661,1.497909741,1.359557139,1.350924615,1.374317995,-0.554314189,-0.558410388,-0.545539841,-0.595191053,-0.598191489,-0.588516393
2016,34,-0.562284025,-0.375038981,-0.665333392,-0.562284025,-0.375038981,-0.665333392,-0.562174576,train,1.570311422,1.531735931,1.63777611,1.532651808,1.512394796,1.567842926,-0.599268943,-0.600864581,-0.595349375,-0.576791566,-0.579637485,-0.570444608
2016,35,-0.562065127,-0.374735613,-0.665217611,-0.562174576,-0.374887297,-0.665275501,-0.562149056,train,0.936347811,0.927497201,0.951634327,1.253329616,1.229616566,1.294705219,-0.626693053,-0.627123127,-0.625027939,-0.612980998,-0.613993854,-0.610188657
2016,36,-0.562232985,-0.375006245,-0.665271808,-0.562149056,-0.374870929,-0.66524471,-0.561933435,train,1.07599914,1.075848451,1.075905506,1.006173475,1.001672826,1.013769916,-0.686616664,-0.685710026,-0.687499779,-0.656654858,-0.656416576,-0.656263859
2016,37,-0.561633885,-0.373862807,-0.665239961,-0.561933435,-0.374434526,-0.665255884,-0.561814606,train,0.838836594,0.845246996,0.827258276,0.957417867,0.960547724,0.951581891,-0.673577468,-0.673430158,-0.672985565,-0.680097066,-0.679570092,-0.680242672
2016,38,-0.561995328,-0.374528798,-0.665280889,-0.561814606,-0.374195803,-0.665260425,-0.562139677,train,0.539050678,0.537385184,0.541806134,0.688943636,0.69131609,0.684532205,-0.615162114,-0.608807039,-0.626844914,-0.644369791,-0.641118598,-0.649915239
2016,39,-0.562284025,-0.375038981,-0.665333392,-0.562139677,-0.37478389,-0.66530714,-0.562284025,train,0.683855823,0.690241079,0.672373567,0.611453251,0.613813131,0.607089851,-0.689483587,-0.68871597,-0.690089777,-0.652322851,-0.648761504,-0.658467345
2016,40,-0.562284025,-0.375038981,-0.665333392,-0.562284025,-0.375038981,-0.665333392,-0.562284025,train,0.623596446,0.624924418,0.621047721,0.653726135,0.657582748,0.646710644,-0.661288506,-0.661797753,-0.659422547,-0.675386047,-0.675256861,-0.674756162
2016,41,-0.562284025,-0.375038981,-0.665333392,-0.562284025,-0.375038981,-0.665333392,-0.560514357,train,0.507699888,0.524167596,0.478506214,0.565648167,0.574546007,0.549776967,-0.625081357,-0.625260947,-0.623910554,-0.643184932,-0.64352935,-0.64166655
2016,42,-0.558744689,-0.369156493,-0.664350951,-0.560514357,-0.372097737,-0.664842171,-0.545135296,train,0.27226856,0.273226804,0.270488767,0.389984224,0.3986972,0.37449749,-0.571019671,-0.572718113,-0.566935061,-0.598050514,-0.59898953,-0.595422807
2016,43,-0.531525904,-0.339474182,-0.6426363,-0.545135296,-0.354315338,-0.653493625,-0.546887191,train,0.027392306,0.044399256,-0.002591425,0.149830433,0.15881303,0.133948671,0.897062086,0.892842496,0.904179792,0.163021207,0.160062192,0.168622366
2016,44,-0.562248478,-0.375017095,-0.665289669,-0.546887191,-0.357245638,-0.653962985,-0.561462781,train,-0.276495652,-0.283915624,-0.263325715,-0.124551673,-0.119758184,-0.13295857,-0.655334768,-0.653413282,-0.658252995,0.120863659,0.119714607,0.122963399
2016,45,-0.560677085,-0.373023417,-0.664290954,-0.561462781,-0.374020256,-0.664790311,-0.561309437,train,0.144667671,0.129053096,0.172139914,-0.06591399,-0.077431264,-0.045592901,-0.557364979,-0.54776764,-0.575494457,-0.606349873,-0.600590461,-0.616873726
2016,46,-0.561941788,-0.374365803,-0.665333392,-0.561309437,-0.37369461,-0.664812173,-0.562080331,train,-0.529431964,-0.540212163,-0.510255217,-0.192382146,-0.205579533,-0.169057652,-0.662623512,-0.659635343,-0.667628234,-0.609994245,-0.603701491,-0.621561345
2016,47,-0.562218874,-0.37491083,-0.665333392,-0.562080331,-0.374638317,-0.665333392,0.426126621,train,-0.958160289,-0.965584698,-0.944754959,-0.743796127,-0.75289843,-0.727505088,-0.167242849,-0.173561694,-0.154607476,-0.41493318,-0.416598518,-0.411117855
2016,48,1.414472116,0.311888622,2.248545332,0.426126621,-0.031511104,0.79160597,1.089760127,train,-1.062611134,-1.05343811,-1.078423749,-1.010385712,-1.009511404,-1.011589354,1.65406057,1.667352646,1.625777306,0.74340886,0.746895476,0.735584915
2016,49,0.765048138,-0.13268467,1.490489792,1.089760127,0.089601976,1.869517562,1.730586552,train,-1.271586491,-1.277359951,-1.260986304,-1.167098812,-1.165399031,-1.169705027,2.126371915,2.106973201,2.161708082,1.890216242,1.887162924,1.893742694
2016,50,2.696124966,2.710440884,2.359999248,1.730586552,1.288878107,1.92524452,2.522328869,train,-1.759317589,-1.750241008,-1.77472763,-1.51545204,-1.51380048,-1.517856967,1.503077647,1.459675006,1.586397129,1.814724781,1.783324104,1.874052606
2016,51,2.348532772,2.049534264,2.3392424,2.522328869,2.379987574,2.349620824,2.300597695,train,-1.545064531,-1.535777442,-1.560917119,-1.65219106,-1.643009225,-1.667822375,0.787653364,0.795998226,0.770225065,1.145365505,1.127836616,1.178311097
2016,52,2.252662618,1.975880543,2.234639475,2.300597695,2.012707404,2.286940937,2.38468485,train,-1.619909271,-1.606053444,-1.643789229,-1.582486901,-1.570915443,-1.602353174,0.319749606,0.344091549,0.271499269,0.553701485,0.570044887,0.520862167
2017,1,2.516707082,2.478200652,2.250161517,2.38468485,2.227040598,2.242400496,2.332098163,train,-1.566674306,-1.571611736,-1.557449099,-1.593291788,-1.58883259,-1.600619164,0.260811966,0.27726455,0.228141349,0.290280786,0.31067805,0.249820309
2017,2,2.147489244,1.837443566,2.172346517,2.332098163,2.157822109,2.211254017,1.818596546,train,-1.357149719,-1.37261857,-1.329432933,-1.461912012,-1.472115153,-1.443441016,0.20704487,0.187031864,0.246099537,0.233928418,0.232148207,0.237120443
2017,3,1.489703848,0.775109323,1.961611265,1.818596546,1.306276444,2.066978891,2.557356566,train,-1.385336829,-1.394956342,-1.367920036,-1.371243274,-1.383787456,-1.348676485,-0.331978192,-0.337471216,-0.320750004,-0.062466661,-0.075219676,-0.037325234
2017,4,3.625009284,4.826711985,2.096801226,2.557356566,2.800910654,2.029206246,3.308540018,train,-2.19097194,-2.201709751,-2.171315196,-1.788154384,-1.798333047,-1.769617616,2.149539137,2.168447422,2.109571692,0.908780473,0.915488103,0.894410844
2017,5,2.992070751,3.288830659,2.36339732,3.308540018,4.057771322,2.230099273,2.253634843,train,-1.565824197,-1.572690253,-1.553200091,-1.878398068,-1.887200002,-1.862257644,-0.651891169,-0.653406978,-0.648059612,0.748823984,0.757520222,0.73075604
2017,6,1.515198935,0.814949237,1.970994336,2.253634843,2.051889948,2.167195828,1.594641028,train,-1.540990923,-1.526950985,-1.565221722,-1.55340756,-1.549820619,-1.559210907,1.126086981,1.101277725,1.173363728,0.237097906,0.223935374,0.262652058
2017,7,1.674083121,1.138568832,1.960895019,1.594641028,0.976759035,1.965944677,1.412117772,train,-1.652587976,-1.658587153,-1.641462769,-1.59678945,-1.592769069,-1.603342245,-0.343319144,-0.345478586,-0.33862661,0.391383919,0.37789957,0.417368559
2017,8,1.150152423,0.477865364,1.62424208,1.412117772,0.808217098,1.792568549,0.997860471,train,-0.825509778,-0.822384983,-0.830741602,-1.239048877,-1.240486068,-1.236102186,-0.380989221,-0.39197455,-0.358904517,-0.362154183,-0.368726568,-0.348765564
2017,9,0.84556852,0.097657934,1.42499163,0.997860471,0.287761649,1.524616855,0.567373168,train,-0.928755146,-0.927237786,-0.931119413,-0.877132462,-0.874811385,-0.880930508,0.334797807,0.354910718,0.294837833,-0.023095707,-0.018531916,-0.032033342
2017,10,0.289177816,-0.211610106,0.710344295,0.567373168,-0.056976086,1.067667963,0.31602675,train,-0.928017065,-0.920355937,-0.941209914,-0.928386106,-0.923796862,-0.936164664,2.145892585,2.118921455,2.196083016,1.240345196,1.236916087,1.245460425
2017,11,0.342875685,-0.328131276,0.912541733,0.31602675,-0.269870691,0.811443014,0.183516659,train,-0.895569522,-0.893180574,-0.899481035,-0.911793294,-0.906768256,-0.920345475,-0.156991542,-0.157536813,-0.155714662,0.994450522,0.980692321,1.020184177
2017,12,0.024157634,-0.347650059,0.359684609,0.183516659,-0.337890668,0.636113171,-0.073793334,train,-0.728359093,-0.720610038,-0.741773567,-0.811964308,-0.806895306,-0.820627301,-0.147090869,-0.207004905,-0.02916725,-0.152041206,-0.182270859,-0.092440956
2017,13,-0.171744302,-0.368989209,0.028370691,-0.073793334,-0.358319634,0.19402765,-0.234147843,train,-0.640139248,-0.630654946,-0.656641531,-0.684249171,-0.675632492,-0.699207549,0.727906718,0.702266416,0.777337485,0.290407924,0.247630755,0.374085118
2017,14,-0.296551384,-0.372389726,-0.191984996,-0.234147843,-0.370689468,-0.081807152,-0.36231384,train,-0.379563,-0.38253716,-0.374194355,-0.509851124,-0.506596053,-0.515417943,-0.467806665,-0.475350286,-0.452371322,0.130050026,0.113458065,0.162483082
2017,15,-0.428076297,-0.374795095,-0.42527388,-0.36231384,-0.373592411,-0.308629438,-0.451694721,train,-0.404161418,-0.396744557,-0.417098637,-0.391862209,-0.389640858,-0.395646496,1.427333497,1.388918822,1.500950732,0.479763416,0.456784268,0.524289705
2017,16,-0.475313145,-0.375038981,-0.509623332,-0.451694721,-0.374917038,-0.467448606,-0.494324635,train,0.039406536,0.038813652,0.040438333,-0.182377441,-0.178965452,-0.188330152,-0.68203266,-0.681735396,-0.681724354,0.372650419,0.353591713,0.409613189
2017,17,-0.513336124,-0.374788605,-0.577926429,-0.494324635,-0.374913793,-0.54377488,-0.523714465,train,0.232368035,0.252069227,0.197567298,0.135887286,0.14544144,0.119002815,-0.042349578,-0.066300312,0.004769056,-0.362191119,-0.374017854,-0.338477649
2017,18,-0.534092807,-0.374099137,-0.615716131,-0.523714465,-0.374443871,-0.59682128,-0.542552421,train,0.339360194,0.357221954,0.307765717,0.285864115,0.304645591,0.252666507,-0.41007041,-0.423426558,-0.383288993,-0.226209994,-0.244863435,-0.189259968
2017,19,-0.551012036,-0.375038981,-0.645152359,-0.542552421,-0.374569059,-0.630434245,-0.553615825,train,0.751155814,0.753826036,0.746198802,0.545258004,0.555523995,0.526982259,-0.683749557,-0.683748593,-0.682856772,-0.546909984,-0.553587575,-0.533072883
2017,20,-0.556219615,-0.375022362,-0.65449098,-0.553615825,-0.375030671,-0.64982167,-0.559151827,train,0.126131819,0.130687819,0.118059806,0.438643817,0.442256927,0.432129304,0.307580871,0.32234352,0.278169783,-0.188084343,-0.180702536,-0.202343495
2017,21,-0.56208404,-0.375038981,-0.664975343,-0.559151827,-0.375030671,-0.659733162,-0.562181264,train,0.427173627,0.435379108,0.412568934,0.276652723,0.283033464,0.26531437,-0.652119172,-0.651273237,-0.652928146,-0.17226915,-0.164464858,-0.187379182
2017,22,-0.562278489,-0.375028092,-0.665333392,-0.562181264,-0.375033537,-0.665154367,-0.562147318,train,0.75188074,0.755612156,0.74505314,0.589527184,0.595495632,0.578811037,-0.628645949,-0.630785475,-0.623619202,-0.64038256,-0.641029356,-0.638273674
2017,23,-0.562016146,-0.375038981,-0.664853788,-0.562147318,-0.375033537,-0.66509359,-0.562133912,train,1.048874433,1.040414585,1.06343467,0.900377587,0.898013371,0.904243905,-0.634853121,-0.637216651,-0.629378084,-0.631749535,-0.634001063,-0.626498643
2017,24,-0.562251679,-0.375038981,-0.665275479,-0.562133912,-0.375038981,-0.665064634,-0.562267852,train,0.818077783,0.818748078,0.816623282,0.933476108,0.929581331,0.940028976,-0.631081547,-0.630899654,-0.630613207,-0.632967334,-0.634058153,-0.629995645
2017,25,-0.562284025,-0.375038981,-0.665333392,-0.562267852,-0.375038981,-0.665304435,-0.562284025,train,1.191216092,1.190911663,1.191354961,1.004646938,1.00482987,1.003989122,-0.689152931,-0.68838249,-0.689765101,-0.660117239,-0.659641072,-0.660189154
2017,26,-0.562284025,-0.375038981,-0.665333392,-0.562284025,-0.375038981,-0.665333392,-0.562284025,train,1.699429621,1.710551781,1.679259567,1.445322857,1.450731722,1.435307264,-0.687695754,-0.6868696,-0.688419307,-0.688424343,-0.687626045,-0.689092204
2017,27,-0.562284025,-0.375038981,-0.665333392,-0.562284025,-0.375038981,-0.665333392,-0.562284025,train,1.463213243,1.45738791,1.472991845,1.581321432,1.583969845,1.576125706,-0.687653051,-0.687005222,-0.688026251,-0.687674403,-0.686937411,-0.688222779
2017,28,-0.562284025,-0.375038981,-0.665333392,-0.562284025,-0.375038981,-0.665333392,-0.562284025,train,1.545992462,1.553826751,1.531668474,1.504602852,1.50560733,1.502330159,-0.68051943,-0.680480246,-0.679705976,-0.68408624,-0.683742734,-0.683866114
2017,29,-0.562284025,-0.375038981,-0.665333392,-0.562284025,-0.375038981,-0.665333392,-0.562277929,train,1.577545815,1.55859951,1.610411836,1.561769139,1.55621313,1.571040155,-0.689311215,-0.688547532,-0.689909899,-0.684915323,-0.684513889,-0.684807938
2017,30,-0.562271833,-0.375014999,-0.665333392,-0.562277929,-0.37502699,-0.665333392,-0.562277929,train,1.519095807,1.505685752,1.542223753,1.548320811,1.532142631,1.576317795,-0.678248933,-0.677083718,-0.679651101,-0.683780074,-0.682815625,-0.6847805
2017,31,-0.562284025,-0.375038981,-0.665333392,-0.562277929,-0.37502699,-0.665333392,-0.562284025,train,1.464195189,1.451614286,1.48588009,1.491645498,1.478650019,1.514051922,-0.678321872,-0.677509617,-0.679030378,-0.678285402,-0.677296668,-0.679340739
2017,32,-0.562284025,-0.375038981,-0.665333392,-0.562284025,-0.375038981,-0.665333392,-0.562259872,train,1.403497296,1.390367999,1.426169,1.433846242,1.420991142,1.456024545,-0.663304131,-0.662626246,-0.663768251,-0.670813001,-0.670067931,-0.671399314
2017,33,-0.562235718,-0.374965773,-0.665313538,-0.562259872,-0.375002377,-0.665323465,-0.562259872,train,1.258821192,1.230130656,1.308967731,1.331159244,1.310249328,1.367568366,-0.662163374,-0.661033006,-0.663518117,-0.662733752,-0.661829626,-0.663643184
2017,34,-0.562284025,-0.375038981,-0.665333392,-0.562259872,-0.375002377,-0.665323465,-0.562284025,train,1.28435516,1.262918223,1.321708777,1.271588176,1.24652444,1.315338254,-0.684487127,-0.683759078,-0.6850221,-0.67332525,-0.672396042,-0.674270109
2017,35,-0.562284025,-0.375038981,-0.665333392,-0.562284025,-0.375038981,-0.665333392,-0.562284025,train,1.322158626,1.311225058,1.340987536,1.303256893,1.28707164,1.331348157,-0.655494327,-0.657185075,-0.6513143,-0.669990727,-0.670472077,-0.6681682
2017,36,-0.562284025,-0.375038981,-0.665333392,-0.562284025,-0.375038981,-0.665333392,-0.562275719,train,1.384342373,1.381577732,1.388752866,1.3532505,1.346401395,1.364870201,-0.689548249,-0.688778423,-0.690158693,-0.672521288,-0.672981749,-0.670736496
2017,37,-0.562267412,-0.375006303,-0.665333392,-0.562275719,-0.375022642,-0.665333392,-0.562275719,train,1.261586415,1.255481067,1.271925855,1.322964394,1.318529399,1.33033936,-0.615208824,-0.613602334,-0.617560585,-0.652378536,-0.651190379,-0.653859639
2017,38,-0.562284025,-0.375038981,-0.665333392,-0.562275719,-0.375022642,-0.665333392,-0.562217151,train,0.873425105,0.863884902,0.88994803,1.06750576,1.059682985,1.080936942,-0.635434553,-0.63763097,-0.630287133,-0.625321688,-0.625616652,-0.623923859
2017,39,-0.562150276,-0.374797889,-0.665313374,-0.562217151,-0.374918435,-0.665323383,-0.547305176,train,0.555423522,0.556496711,0.553346609,0.714424313,0.710190806,0.721647319,-0.644107732,-0.643546506,-0.644367733,-0.639771142,-0.640588738,-0.637327433
2017,40,-0.532460076,-0.357167133,-0.628204567,-0.547305176,-0.365982511,-0.646758971,-0.546809493,train,0.260126024,0.269420633,0.243657522,0.407774773,0.412958672,0.398502065,-0.168935646,-0.152038917,-0.201916688,-0.406521689,-0.397792712,-0.423142211
2017,41,-0.56115891,-0.373556615,-0.664668279,-0.546809493,-0.365361874,-0.646436423,-0.561721468,train,0.150184926,0.164992633,0.124036343,0.205155475,0.217206633,0.183846933,-0.228108616,-0.219480952,-0.24476351,-0.198522131,-0.185759934,-0.223340099
2017,42,-0.562284025,-0.375038981,-0.665333392,-0.561721468,-0.374297798,-0.665000835,-0.56194473,train,0.301215675,0.310672374,0.284447773,0.2257003,0.237832504,0.204242058,-0.633416881,-0.63164307,-0.636073603,-0.430762748,-0.425562011,-0.440418557
2017,43,-0.561605435,-0.373944934,-0.665114273,-0.56194473,-0.374491958,-0.665223832,-0.560522586,validation,-0.048947754,-0.042382019,-0.060503457,0.126133961,0.134145178,0.111972158,0.133062084,0.166182494,0.067806328,-0.250177398,-0.232730288,-0.284133638
2017,44,-0.559439737,-0.370808152,-0.664091993,-0.560522586,-0.372376543,-0.664603133,-0.560844663,validation,-0.334360916,-0.329352712,-0.343076202,-0.191654335,-0.185867365,-0.20178983,0.006342118,0.018432775,-0.017424338,0.069702101,0.092307635,0.025190995
2017,45,-0.562249589,-0.374971246,-0.665333392,-0.560844663,-0.372889699,-0.664712692,-0.543361533,validation,-0.275815084,-0.27855715,-0.270890138,-0.305088,-0.303954931,-0.30698317,-0.647252986,-0.64584426,-0.649174211,-0.320455434,-0.313705742,-0.333299274
2017,46,-0.524473477,-0.354804385,-0.616056188,-0.543361533,-0.364887815,-0.64069479,-0.383900724,validation,-0.397229902,-0.395522311,-0.400106899,-0.336522493,-0.337039731,-0.335498519,0.595698537,0.604413416,0.577794327,-0.025777224,-0.020715422,-0.035689942
2017,47,-0.24332797,-0.362191231,-0.105978132,-0.383900724,-0.358497808,-0.36101716,-0.3059822,validation,-0.878039031,-0.865359752,-0.900093006,-0.637634466,-0.630441032,-0.650099952,-0.318519256,-0.310598442,-0.333666887,0.138589641,0.146907487,0.12206372
2017,48,-0.368636431,-0.364171542,-0.328524154,-0.3059822,-0.363181387,-0.217251143,0.566960466,validation,-0.585607141,-0.605313692,-0.550679029,-0.731823086,-0.735336722,-0.725386018,1.375195519,1.3811658,1.361664483,0.528338131,0.535283679,0.513998798
2017,49,1.502557363,0.998709318,1.78110154,0.566960466,0.317268888,0.726288693,0.743943099,validation,-0.961970913,-0.990315523,-0.911692655,-0.773789027,-0.797814607,-0.731185842,-0.537988109,-0.537511933,-0.538219844,0.418603705,0.421826933,0.41172232
2017,50,-0.014671164,-0.28801416,0.235885681,0.743943099,0.355347579,1.00849361,0.289594441,validation,-0.528766913,-0.547113201,-0.496255228,-0.745368913,-0.768714362,-0.703973941,-0.632756533,-0.632120804,-0.633177788,-0.585372321,-0.584816368,-0.585698816
2017,51,0.593860046,0.397493143,0.70142822,0.289594441,0.054739492,0.46865695,0.255282699,validation,-0.640378871,-0.657413118,-0.610142383,-0.584572892,-0.602263159,-0.553198805,1.263223396,1.293453095,1.20216909,0.315233431,0.330666145,0.284495651
2017,52,-0.083294649,-0.071233429,-0.084291083,0.255282699,0.163129857,0.308568568,0.243147048,validation,-0.94907397,-0.960090413,-0.929340748,-0.794726421,-0.808751766,-0.769741565,0.142811949,0.171857195,0.085551139,0.703017673,0.732655145,0.643860114
2018,1,0.569588746,-0.033830692,1.050567569,0.243147048,-0.052532061,0.483138243,0.316267213,validation,-1.088228479,-1.106362412,-1.05590429,-1.018651225,-1.033226413,-0.992622519,0.577509055,0.543104343,0.644358691,0.360160502,0.357480769,0.364954915
2018,2,0.06294568,-0.277405909,0.365192852,0.316267213,-0.155618301,0.707880211,1.477044746,validation,-1.115120098,-1.117049736,-1.111346848,-1.101674289,-1.111706074,-1.083625569,0.039606719,0.070981974,-0.02209752,0.308557887,0.307043159,0.311130586
2018,3,2.891143812,3.37379153,2.105368773,1.477044746,1.54819281,1.235280813,2.138022789,validation,-1.336198565,-1.33404077,-1.339555568,-1.225659331,-1.225545253,-1.225451208,3.426079634,3.418511646,3.43646776,1.732843177,1.74474681,1.70718512
2018,4,1.384901766,0.415623688,2.101183083,2.138022789,1.894707609,2.103275928,1.187446963,validation,-1.438064103,-1.435055435,-1.442886757,-1.387131334,-1.384548103,-1.391221163,0.336055524,0.334652564,0.338372618,1.881067579,1.876582105,1.887420189
2018,5,0.98999216,0.134944211,1.649625163,1.187446963,0.275283949,1.875404123,0.61777825,validation,-0.588604765,-0.608699117,-0.552992155,-1.013334434,-1.021877276,-0.997939456,-0.673435852,-0.67342635,-0.672573341,-0.168690164,-0.169386893,-0.167100362
2018,6,0.24556434,-0.254606791,0.671395917,0.61777825,-0.05983129,1.16051054,0.718749975,validation,-0.560115495,-0.55884896,-0.562160758,-0.57436013,-0.583774039,-0.557576456,0.879851794,0.864785884,0.90830505,0.103207971,0.095679767,0.117865855
2018,7,1.19193561,0.21185445,1.941174434,0.718749975,-0.02137617,1.306285175,0.845520721,validation,-0.960565244,-0.964884461,-0.952631983,-0.76034037,-0.76186671,-0.757396371,2.265166608,2.250407224,2.291204875,1.572509201,1.557596554,1.599754963
2018,8,0.499105832,-0.265664754,1.135394047,0.845520721,-0.026905152,1.538284241,0.21768013,validation,-1.078951987,-1.065546997,-1.102217947,-1.019758616,-1.015215729,-1.027424965,0.768648934,0.757238284,0.790065108,1.516907771,1.503822754,1.540634991
2018,9,-0.063745571,-0.369540585,0.222230253,0.21768013,-0.31760267,0.67881215,-0.194842955,validation,-0.403907259,-0.39921845,-0.412036397,-0.741429623,-0.732382723,-0.757127172,-0.660075886,-0.66097338,-0.657448609,0.054286524,0.048132452,0.066308249
2018,10,-0.32594034,-0.374924268,-0.242295146,-0.194842955,-0.372232427,-0.010032447,-0.355119906,validation,-0.517268321,-0.52786796,-0.498413869,-0.46058779,-0.463543205,-0.455225133,-0.626447984,-0.621926051,-0.634513889,-0.643261935,-0.641449715,-0.645981249
2018,11,-0.384299472,-0.375024871,-0.34668802,-0.355119906,-0.374974569,-0.294491583,-0.413449138,validation,-0.341455947,-0.34633536,-0.332742033,-0.429362134,-0.43710166,-0.415577951,-0.488632489,-0.48191119,-0.501200479,-0.557540236,-0.55191862,-0.567857184
2018,12,-0.442598805,-0.375038981,-0.451052556,-0.413449138,-0.375031926,-0.398870288,-0.439393575,validation,0.051915388,0.044868898,0.064317427,-0.144770279,-0.150733231,-0.134212303,-0.373455331,-0.411611383,-0.297989981,-0.43104391,-0.446761287,-0.39959523
2018,13,-0.436188345,-0.374635579,-0.43994264,-0.439393575,-0.37483728,-0.445497598,-0.468820001,validation,-0.344126073,-0.350344785,-0.333050766,-0.146105342,-0.152737943,-0.13436667,0.218952641,0.254385277,0.149040972,-0.077251345,-0.078613053,-0.074474505
2018,14,-0.501451656,-0.372033504,-0.559156546,-0.468820001,-0.373334541,-0.499549593,-0.519853461,validation,-0.221524709,-0.21353839,-0.235526564,-0.282825391,-0.281941587,-0.284288665,0.865283955,0.826891465,0.93959303,0.542118298,0.540638371,0.544317001
2018,15,-0.538255266,-0.375038981,-0.622313021,-0.519853461,-0.373536243,-0.590734783,-0.5419474,validation,0.120124087,0.13761682,0.08925321,-0.050700311,-0.037960785,-0.073136677,-0.669425306,-0.670345057,-0.666742061,0.097929324,0.078273204,0.136425484
2018,16,-0.545639533,-0.374397465,-0.636117503,-0.5419474,-0.374718223,-0.629215262,-0.541735326,validation,-0.028148168,-0.015480549,-0.050465329,0.04598796,0.061068136,0.01939394,-0.065259649,-0.078231015,-0.039685506,-0.367342477,-0.374288036,-0.353213784
2018,17,-0.53783112,-0.359530551,-0.635669523,-0.541735326,-0.366964008,-0.635893513,-0.548203524,validation,0.066868985,0.091425033,0.02356686,0.019360408,0.037972242,-0.013449235,1.236390486,1.135570688,1.43288371,0.585565419,0.528669836,0.696599102
2018,18,-0.558575929,-0.374820972,-0.65889296,-0.548203524,-0.367175762,-0.647281241,-0.556401156,validation,0.251576147,0.272793123,0.214097439,0.159222566,0.182109078,0.118832149,1.183979342,1.161681098,1.226246198,1.210184914,1.148625893,1.329564954
2018,19,-0.554226384,-0.374735019,-0.6511839,-0.556401156,-0.374777996,-0.65503843,-0.558255205,validation,0.059029057,0.077302701,0.026802227,0.155302602,0.175047912,0.120449833,-0.139891462,-0.149468857,-0.120888823,0.52204394,0.50610612,0.552678687
2018,20,-0.562284025,-0.375038981,-0.665333392,-0.558255205,-0.374887,-0.658258646,-0.561445563,validation,1.064661763,1.099995929,1.002030195,0.56184541,0.588649315,0.514416211,-0.629030729,-0.636255552,-0.614010866,-0.384461096,-0.392862204,-0.367449845
2018,21,-0.560607101,-0.374107994,-0.663178468,-0.561445563,-0.374573488,-0.66425593,-0.557500222,validation,0.685273519,0.705995874,0.648521789,0.874967641,0.902995902,0.825275992,1.258540507,1.24223522,1.28893363,0.314754889,0.302989834,0.337461382
2018,22,-0.554393342,-0.367198044,-0.658343025,-0.557500222,-0.370653019,-0.660760746,-0.557929363,validation,0.404168279,0.412441104,0.389452574,0.544720899,0.559218489,0.518987181,0.003230585,-0.008677811,0.02662637,0.630885546,0.616778704,0.65778
2018,23,-0.561465383,-0.374142293,-0.66468389,-0.557929363,-0.370670169,-0.661513457,-0.56167583,validation,0.93192033,0.941197641,0.915258037,0.668044304,0.676819372,0.652355305,0.197059166,0.180595167,0.229153094,0.100144875,0.085958678,0.127889732
2018,24,-0.561886276,-0.374819872,-0.664820708,-0.56167583,-0.374481083,-0.664752299,-0.562085151,validation,0.77088563,0.774883447,0.763582156,0.85140298,0.858040544,0.839420096,-0.54061155,-0.545665883,-0.529972395,-0.171776192,-0.182535358,-0.15040965
2018,25,-0.562284025,-0.375038981,-0.665333392,-0.562085151,-0.374929427,-0.66507705,-0.562284025,validation,0.979132547,0.969694225,0.995440619,0.875009089,0.872288836,0.879511387,-0.688832075,-0.688041344,-0.689484533,-0.614721812,-0.616853614,-0.609728464
2018,26,-0.562284025,-0.375038981,-0.665333392,-0.562284025,-0.375038981,-0.665333392,-0.562284025,validation,1.226114988,1.190087344,1.28920403,1.102623768,1.079890784,1.142322325,-0.687777381,-0.686863163,-0.688673872,-0.688304728,-0.687452253,-0.689079202
2018,27,-0.562284025,-0.375038981,-0.665333392,-0.562284025,-0.375038981,-0.665333392,-0.562284025,validation,1.310986618,1.304016331,1.322834012,1.268550803,1.247051837,1.306019021,-0.689341753,-0.688573187,-0.68994999,-0.688559567,-0.687718175,-0.689311931
2018,28,-0.562284025,-0.375038981,-0.665333392,-0.562284025,-0.375038981,-0.665333392,-0.562159778,validation,1.255590609,1.255150935,1.255946354,1.283288614,1.279583633,1.289390183,-0.689360027,-0.688585405,-0.689980141,-0.68935089,-0.688579296,-0.689965066
2018,29,-0.562035531,-0.374591899,-0.665295432,-0.562159778,-0.37481544,-0.665314412,-0.56163873,validation,1.238257707,1.242816904,1.229808774,1.246924158,1.24898392,1.242877564,-0.685413625,-0.684836033,-0.685651738,-0.687386826,-0.686710719,-0.68781594
2018,30,-0.56124193,-0.373265546,-0.665081848,-0.56163873,-0.373928722,-0.66518864,-0.561762978,validation,1.058951957,1.030490004,1.108762349,1.148604832,1.136653454,1.169285562,-0.686913931,-0.685657353,-0.68848429,-0.686163778,-0.685246693,-0.687068014
2018,31,-0.562284025,-0.375038981,-0.665333392,-0.561762978,-0.374152264,-0.66520762,-0.562284025,validation,1.23308555,1.220703598,1.25449696,1.146018754,1.125596801,1.181629655,-0.674905521,-0.67445622,-0.674905293,-0.680909726,-0.680056786,-0.681694792
2018,32,-0.562284025,-0.375038981,-0.665333392,-0.562284025,-0.375038981,-0.665333392,-0.562284025,validation,1.215088685,1.217112799,1.211115548,1.224087118,1.218908198,1.232806254,-0.689389219,-0.688622211,-0.689994332,-0.68214737,-0.681539216,-0.682449813
2018,33,-0.562284025,-0.375038981,-0.665333392,-0.562284025,-0.375038981,-0.665333392,-0.562284025,validation,1.257788955,1.234417842,1.298560407,1.23643882,1.225765321,1.254837977,-0.682151487,-0.681198229,-0.683132053,-0.685770353,-0.68491022,-0.686563193
2018,34,-0.562284025,-0.375038981,-0.665333392,-0.562284025,-0.375038981,-0.665333392,-0.562284025,validation,1.263348974,1.246592814,1.292459779,1.260568965,1.240505328,1.295510093,-0.661365193,-0.660853799,-0.661504694,-0.67175834,-0.671026014,-0.672318374
2018,35,-0.562284025,-0.375038981,-0.665333392,-0.562284025,-0.375038981,-0.665333392,-0.562256956,validation,1.498760864,1.487179751,1.518672107,1.381054919,1.366886282,1.405565943,-0.688947676,-0.688154395,-0.689604993,-0.675156434,-0.674504097,-0.675554844
2018,36,-0.562229886,-0.37493249,-0.665333392,-0.562256956,-0.374985736,-0.665333392,-0.56219972,validation,0.852932604,0.859242763,0.841526258,1.175846734,1.173211257,1.180099182,-0.497147635,-0.499217782,-0.492429283,-0.593047655,-0.593686089,-0.591017138
2018,37,-0.562169554,-0.374813816,-0.665333392,-0.56219972,-0.374873153,-0.665333392,-0.562210118,validation,1.009316501,1.002000032,1.021874749,0.931124553,0.930621398,0.931700504,-0.498547234,-0.506535691,-0.482197564,-0.497847435,-0.502876737,-0.487313424
2018,38,-0.562250682,-0.374984326,-0.665323442,-0.562210118,-0.374899071,-0.665328417,-0.562267354,validation,1.011090591,1.014084918,1.005475567,1.010203546,1.008042475,1.013675158,-0.672991826,-0.672322221,-0.673427001,-0.58576953,-0.589428956,-0.577812282
2018,39,-0.562284025,-0.375038981,-0.665333392,-0.562267354,-0.375011654,-0.665328417,-0.56009554,validation,1.014523323,1.027518421,0.99128089,1.012806957,1.02080167,0.998378229,-0.212675198,-0.239064289,-0.16054232,-0.442833512,-0.455693255,-0.41698466
2018,40,-0.557907055,-0.368402913,-0.66353719,-0.56009554,-0.371720947,-0.664435291,-0.560082559,validation,0.622944166,0.633505268,0.604122356,0.818733745,0.830511845,0.797701623,-0.379220256,-0.376197307,-0.384664148,-0.295947727,-0.307630798,-0.272603234
2018,41,-0.562258064,-0.375013443,-0.665310156,-0.560082559,-0.371708178,-0.664423673,-0.562043594,validation,0.399869888,0.409543261,0.382687165,0.511407027,0.521524265,0.493404761,0.433258259,0.410425437,0.477557868,0.027019002,0.017114065,0.04644686
2018,42,-0.561829125,-0.374302613,-0.665189198,-0.562043594,-0.374658028,-0.665249677,-0.541367653,validation,0.364661001,0.384026727,0.330407354,0.382265445,0.396784994,0.35654726,0.307958372,0.277832824,0.366752152,0.370608316,0.34412913,0.42215501
2018,43,-0.520906181,-0.370764551,-0.595142354,-0.541367653,-0.372533582,-0.630165776,-0.539088119,validation,-0.314412951,-0.334534433,-0.278844063,0.025124025,0.024746147,0.025781645,1.738372545,1.737194791,1.738412197,1.023165459,1.007513807,1.052582174
2018,44,-0.557270057,-0.367709751,-0.663027649,-0.539088119,-0.369237151,-0.629085001,-0.553216346,validation,-0.382707983,-0.380874821,-0.385811147,-0.348560467,-0.357704627,-0.332327605,0.053994046,0.051600835,0.058626059,0.896183296,0.894397813,0.898519128
2018,45,-0.549162635,-0.366842777,-0.649301489,-0.553216346,-0.367276264,-0.656164569,-0.473012122,validation,-0.604597087,-0.592449365,-0.625805485,-0.493652535,-0.486662093,-0.505808316,1.234794126,1.20448889,1.292728238,0.644394086,0.628044862,0.675677149
2018,46,-0.396861609,-0.296900627,-0.440288125,-0.473012122,-0.331871702,-0.544794807,-0.369939954,validation,-0.548325983,-0.548122012,-0.548502422,-0.576461535,-0.570285688,-0.587153954,-0.233524831,-0.234415091,-0.231469906,0.500634647,0.485036899,0.530629166
2018,47,-0.3430183,-0.366790311,-0.280274599,-0.369939954,-0.331845469,-0.360281362,-0.441917202,validation,-0.667422906,-0.662687815,-0.675545639,-0.607874444,-0.605404913,-0.612024031,-0.020361852,-0.014985856,-0.030899048,-0.126943342,-0.124700473,-0.131184477
2018,48,-0.540816105,-0.35630158,-0.643952783,-0.441917202,-0.361545945,-0.462113691,-0.426795265,validation,-0.702190669,-0.701946099,-0.702387294,-0.684806787,-0.682316957,-0.688966467,0.599186171,0.649549825,0.499437502,0.289412159,0.317281985,0.234269227
2018,49,-0.312774426,-0.301624958,-0.285440829,-0.426795265,-0.328963269,-0.464696806,-0.252418481,validation,-0.868599149,-0.868890376,-0.867795883,-0.785394909,-0.785418237,-0.785091589,1.625039472,1.686703974,1.501742309,1.112112821,1.1681269,1.000589905
2018,50,-0.192062537,-0.366256106,-0.010494159,-0.252418481,-0.333940532,-0.147967494,0.044183788,validation,-0.975948084,-0.982739886,-0.963651781,-0.922273617,-0.925815131,-0.915723832,0.507022853,0.548410591,0.425032464,1.066031162,1.117557282,0.963387387
2018,51,0.280430113,-0.236914502,0.717714908,0.044183788,-0.301585304,0.353610375,0.803179554,validation,-1.069610106,-1.07844039,-1.053689728,-1.022779095,-1.030590138,-1.008670754,-0.03333448,-0.011025665,-0.077127711,0.236844186,0.268692463,0.173952377
2018,52,1.325928994,0.647741082,1.784325129,0.803179554,0.20541329,1.251020019,1.54508424,validation,-1.368161694,-1.360008358,-1.382075112,-1.2188859,-1.219224374,-1.21788242,2.129325639,2.166257529,2.053968237,1.04799558,1.077615932,0.988420263
2019,1,1.764239487,0.963077616,2.282041603,1.54508424,0.805409349,2.033183366,2.869932869,validation,-1.500906673,-1.500112158,-1.501805922,-1.434534183,-1.430060258,-1.441940517,5.330143363,5.293867546,5.394450965,3.729734501,3.730062537,3.724209601
2019,2,3.975626251,5.22490147,2.362100503,2.869932869,3.093989543,2.322071053,3.939715548,validation,-1.653251195,-1.664511534,-1.632853018,-1.577078934,-1.582311846,-1.56732947,0.737206801,0.731899314,0.746671393,3.033675082,3.01288343,3.070561179
2019,3,3.903804846,5.030316974,2.410625773,3.939715548,5.127609222,2.386363138,3.320323002,validation,-1.628893433,-1.635881827,-1.616032651,-1.641072314,-1.650196681,-1.624442834,-0.408515155,-0.404767086,-0.415345579,0.164345823,0.163566114,0.165662907
2019,4,2.736841159,2.921256891,2.241010103,3.320323002,3.975786932,2.325817938,2.292071247,validation,-1.196507574,-1.187555326,-1.211886374,-1.412700503,-1.411718576,-1.413959512,-0.292395309,-0.281264462,-0.313884841,-0.350455232,-0.343015774,-0.36461521
2019,5,1.847301335,1.489739314,1.951381903,2.292071247,2.205498102,2.096196003,1.688157317,validation,-1.138313977,-1.150065013,-1.117222863,-1.167410775,-1.168810169,-1.164554618,-0.19579745,-0.200096561,-0.187093494,-0.24409638,-0.240680511,-0.250489168
2019,6,1.529013299,0.879197026,1.937248376,1.688157317,1.18446817,1.944315139,1.548988284,validation,-1.202355254,-1.203255772,-1.200366694,-1.170334615,-1.176660392,-1.158794779,1.072042737,1.078584869,1.057784687,0.438122643,0.439244154,0.435345596
2019,7,1.568963268,0.99868947,1.900010749,1.548988284,0.938943248,1.918629563,1.382348384,validation,-1.416664156,-1.408108711,-1.431270095,-1.309509705,-1.305682242,-1.315818395,0.728976563,0.733294021,0.719538895,0.90050965,0.905939445,0.888661791
2019,8,1.195733501,0.395194868,1.781096338,1.382348384,0.696942169,1.840553544,1.605066449,validation,-1.208309051,-1.198279454,-1.225582727,-1.312486603,-1.303194083,-1.328426411,1.885643948,1.950651271,1.755437139,1.307310255,1.341972646,1.237488017
2019,9,2.014399397,1.871484286,1.903082338,1.605066449,1.133339577,1.842089338,1.704764891,validation,-1.424987881,-1.410525408,-1.450002121,-1.316648466,-1.304402431,-1.337792424,1.777113952,1.781453213,1.766261968,1.83137895,1.866052242,1.760849554
2019,10,1.395130385,0.541074461,2.005309928,1.704764891,1.206279374,1.954196133,1.243176371,validation,-0.899679229,-0.917617818,-0.867762282,-1.162333555,-1.164071613,-1.158882202,-0.369512531,-0.354419334,-0.398687179,0.70380071,0.713516939,0.683787395
2019,11,1.091222358,0.242095465,1.73333486,1.243176371,0.391584963,1.869322394,0.795455737,validation,-0.966672778,-0.962347197,-0.973973851,-0.933176004,-0.939982507,-0.920868067,0.618018148,0.643247279,0.567634206,0.124252808,0.144413972,0.084473514
2019,12,0.499689116,-0.106551054,0.991611944,0.795455737,0.067772206,1.362473402,0.367444739,validation,-0.901578689,-0.890160825,-0.921401576,-0.934125734,-0.926254011,-0.947687713,0.458544105,0.426964656,0.519997762,0.538281126,0.535105967,0.543815984
2019,13,0.235200362,-0.318152324,0.710680148,0.367444739,-0.212351689,0.851146046,0.265252686,validation,-0.97317964,-0.964513549,-0.988128648,-0.937379165,-0.927337187,-0.954765112,2.830422475,2.809957175,2.866933245,1.64448329,1.618460915,1.693465503
2019,14,0.29530501,-0.232584339,0.740405134,0.265252686,-0.275368332,0.725542641,0.159197088,validation,-0.576029253,-0.566217819,-0.593129506,-0.774604447,-0.765365684,-0.790629077,0.56491168,0.530745179,0.631309716,1.697667078,1.670351177,1.74912148
2019,15,0.023089166,-0.318660394,0.331385062,0.159197088,-0.275622366,0.535895098,0.462886679,validation,-0.542541625,-0.540485188,-0.545984949,-0.559285439,-0.553351503,-0.569557228,0.515004594,0.528969148,0.486890352,0.539958137,0.529857163,0.559100034
2019,16,0.902684191,0.191574332,1.441766458,0.462886679,-0.063543031,0.88657576,0.437940468,validation,-1.057764395,-1.048234048,-1.074208407,-0.80015301,-0.794359618,-0.810096678,1.732390478,1.760884561,1.67413276,1.123697536,1.144926855,1.080511556
2019,17,-0.026803256,-0.336376206,0.258184219,0.437940468,-0.072400937,0.849975339,-0.171471391,validation,0.054668965,0.072582656,0.023078004,-0.501547715,-0.487825696,-0.525565201,-0.596316965,-0.597437615,-0.593334613,0.568036757,0.581723473,0.540399073
2019,18,-0.316139527,-0.373223066,-0.22629651,-0.171471391,-0.354799636,0.015943854,-0.365496592,validation,0.054290532,0.045955546,0.068962739,0.054479748,0.059269101,0.046020372,-0.324518377,-0.330235373,-0.312859843,-0.460417671,-0.463836494,-0.453097228
2019,19,-0.414853657,-0.375038981,-0.401378475,-0.365496592,-0.374131024,-0.313837492,-0.45107589,validation,0.362185997,0.367186569,0.353251621,0.208238264,0.206571058,0.21110718,-0.505072185,-0.509597036,-0.495519969,-0.414795281,-0.419916204,-0.404189906
2019,20,-0.487298123,-0.374911139,-0.53119724,-0.45107589,-0.37497506,-0.466287858,-0.504841728,validation,0.805485902,0.818363932,0.782519588,0.58383595,0.59277525,0.567885605,-0.622578444,-0.624709559,-0.617576165,-0.563825314,-0.567153297,-0.556548067
2019,21,-0.522385333,-0.375038981,-0.593899968,-0.504841728,-0.37497506,-0.562548604,-0.529352607,validation,1.181720838,1.187085859,1.171870523,0.99360337,1.002724895,0.977195055,-0.584815264,-0.585545389,-0.582615343,-0.603696854,-0.605127474,-0.600095754
2019,22,-0.536319882,-0.375038981,-0.618847966,-0.529352607,-0.375038981,-0.606373967,-0.544212302,validation,1.388543668,1.403701245,1.36136502,1.285132253,1.295393552,1.266617772,-0.505183179,-0.515214503,-0.484810589,-0.544999221,-0.550379946,-0.533712966
2019,23,-0.552104722,-0.373533216,-0.64847923,-0.544212302,-0.374286099,-0.633663598,-0.555702564,validation,0.9548058,0.969241798,0.929043729,1.171674734,1.186471521,1.145204375,0.144819915,0.068642639,0.294318859,-0.180181632,-0.223285932,-0.095245865
2019,24,-0.559300405,-0.373797834,-0.661121308,-0.555702564,-0.373665525,-0.654800269,-0.560743484,validation,0.658871334,0.659385364,0.657745397,0.806838567,0.814313581,0.793394563,-0.270360877,-0.270351652,-0.270025239,-0.062770481,-0.100854507,0.01214681
2019,25,-0.562186563,-0.375038981,-0.665158898,-0.560743484,-0.374418408,-0.663140103,-0.561968727,validation,1.199400079,1.191129312,1.213576807,0.929135706,0.925257338,0.935661102,-0.679379566,-0.678638079,-0.679947629,-0.474870221,-0.474494865,-0.474986434
2019,26,-0.561750892,-0.374221137,-0.665123293,-0.561968727,-0.374630059,-0.665141095,-0.562017459,validation,1.120074303,1.11387613,1.130624588,1.159737191,1.152502721,1.172100698,-0.686796225,-0.686021649,-0.687419604,-0.683087895,-0.682329864,-0.683683617
2019,27,-0.562284025,-0.375038981,-0.665333392,-0.562017459,-0.374630059,-0.665228342,-0.562265418,validation,1.237332684,1.24767604,1.218689537,1.178703494,1.180776085,1.174657063,-0.686385647,-0.685669889,-0.686893986,-0.686590936,-0.685845769,-0.687156795
2019,28,-0.562246811,-0.37496578,-0.665333392,-0.562265418,-0.375002381,-0.665333392,-0.56210915,validation,1.128903884,1.13090032,1.125008302,1.183118284,1.18928818,1.171848919,-0.675603913,-0.675863325,-0.67421015,-0.68099478,-0.680766607,-0.680552068
2019,29,-0.56197149,-0.374650691,-0.665127263,-0.56210915,-0.374808235,-0.665230327,-0.562127758,validation,1.117874132,1.109523181,1.132219403,1.123389008,1.120211751,1.128613853,-0.677064028,-0.675616213,-0.679023058,-0.676333971,-0.675739769,-0.676616604
2019,30,-0.562284025,-0.375038981,-0.665333392,-0.562127758,-0.374844836,-0.665230327,-0.562284025,validation,1.330886569,1.325408679,1.340096984,1.224380351,1.21746593,1.236158194,-0.689218417,-0.688457708,-0.689811378,-0.683141223,-0.68203696,-0.684417218
2019,31,-0.562284025,-0.375038981,-0.665333392,-0.562284025,-0.375038981,-0.665333392,-0.562284025,validation,1.285689894,1.273718237,1.306360599,1.308288232,1.299563458,1.323228791,-0.673236761,-0.673159537,-0.672507586,-0.681227589,-0.680808622,-0.681159482
2019,32,-0.562284025,-0.375038981,-0.665333392,-0.562284025,-0.375038981,-0.665333392,-0.562259198,validation,1.348490109,1.330973533,1.378912716,1.317090002,1.302345885,1.342636657,-0.689263984,-0.688497417,-0.689868395,-0.681250372,-0.680828477,-0.68118799
2019,33,-0.562234371,-0.374941312,-0.665333392,-0.562259198,-0.374990147,-0.665333392,-0.562259198,validation,1.109949101,1.102597064,1.122536442,1.229219605,1.216785298,1.250724579,-0.676428045,-0.675767795,-0.676840339,-0.682846014,-0.682132606,-0.683354367
2019,34,-0.562284025,-0.375038981,-0.665333392,-0.562259198,-0.374990147,-0.665333392,-0.562284025,validation,1.415995605,1.408632399,1.428500457,1.262972353,1.255614731,1.27551845,-0.59464931,-0.598459812,-0.586383578,-0.635538677,-0.637113803,-0.631611958
2019,35,-0.562284025,-0.375038981,-0.665333392,-0.562284025,-0.375038981,-0.665333392,-0.562151608,validation,1.243680636,1.233491155,1.261224297,1.32983812,1.321061777,1.344862377,-0.679432207,-0.678940775,-0.679508844,-0.637040758,-0.638700293,-0.632946211
2019,36,-0.562019192,-0.374718276,-0.665151149,-0.562151608,-0.374878629,-0.665242271,-0.561895883,validation,0.944088035,0.941188125,0.948883917,1.093884336,1.08733964,1.105054107,-0.675880537,-0.675649176,-0.675450779,-0.677656372,-0.677294975,-0.677479812
2019,37,-0.561772574,-0.374192589,-0.665188097,-0.561895883,-0.374455432,-0.665169623,-0.5620283,validation,0.891886077,0.893888419,0.888059214,0.917987056,0.917538272,0.918471565,-0.499135137,-0.499639641,-0.497490675,-0.587507837,-0.587644408,-0.586470727
2019,38,-0.562284025,-0.375038981,-0.665333392,-0.5620283,-0.374615785,-0.665260744,-0.562284025,validation,0.97534871,0.965716633,0.991999535,0.933617394,0.929802526,0.940029375,-0.635757091,-0.635446241,-0.635536033,-0.567446114,-0.567542941,-0.566513354
2019,39,-0.562284025,-0.375038981,-0.665333392,-0.562284025,-0.375038981,-0.665333392,-0.562284025,validation,0.982826178,0.971169171,1.003043426,0.979087444,0.968442902,0.997521481,-0.636014045,-0.632544142,-0.642000193,-0.635885568,-0.633995191,-0.638768113
2019,40,-0.562284025,-0.375038981,-0.665333392,-0.562284025,-0.375038981,-0.665333392,-0.562284025,validation,0.688062863,0.679746802,0.702490131,0.83544452,0.825457987,0.852766779,-0.678227306,-0.677491008,-0.678786681,-0.657120676,-0.655017575,-0.660393437
2019,41,-0.562284025,-0.375038981,-0.665333392,-0.562284025,-0.375038981,-0.665333392,-0.558231855,validation,0.901073905,0.916033524,0.874406898,0.794568384,0.797890163,0.788448514,-0.194347852,-0.196694977,-0.189481447,-0.436287579,-0.437092993,-0.434134064
2019,42,-0.554179685,-0.36290062,-0.661872045,-0.558231855,-0.368969801,-0.663602718,-0.540096815,validation,0.257388631,0.272647778,0.230408601,0.579231268,0.594340651,0.552407749,0.341335603,0.285591874,0.450425463,0.073493875,0.044448449,0.130472008
2019,43,-0.526013945,-0.333400392,-0.638296259,-0.540096815,-0.348150506,-0.650084152,-0.540856035,validation,-0.15571951,-0.13898048,-0.185169904,0.05083456,0.066833649,0.022619348,1.396115951,1.325582213,1.532888031,0.868725777,0.805587044,0.991656747
2019,44,-0.555698125,-0.366696613,-0.661135474,-0.540856035,-0.350048503,-0.649715866,-0.554411756,validation,-0.16170018,-0.149829431,-0.182568277,-0.158709845,-0.144404956,-0.183869091,-0.26093915,-0.248259041,-0.285514145,0.5675884,0.538661586,0.623686943
2019,45,-0.553125388,-0.361098457,-0.661624803,-0.554411756,-0.363897535,-0.661380139,-0.539750998,validation,-0.036378478,-0.016267424,-0.071811875,-0.099039329,-0.083048427,-0.127190076,-0.680470905,-0.679922102,-0.680658916,-0.470705028,-0.464090572,-0.483086531
2019,46,-0.526376609,-0.37241817,-0.603431309,-0.539750998,-0.366758314,-0.632528056,-0.532430819,validation,-0.510903652,-0.512221908,-0.508409675,-0.273641065,-0.264244666,-0.290110775,0.735362679,0.685612192,0.832160234,0.027445887,0.002845045,0.075750659
2019,47,-0.53848503,-0.354317358,-0.641585349,-0.532430819,-0.363367764,-0.622508329,-0.520147187,validation,-0.61416422,-0.618025897,-0.607153014,-0.562533936,-0.565123902,-0.557781344,-0.591110271,-0.586107676,-0.600166916,0.072126204,0.049752258,0.115996659
2019,48,-0.501809344,-0.371660365,-0.560136573,-0.520147187,-0.362988861,-0.600860961,-0.299771934,validation,-0.69424412,-0.70572248,-0.673781846,-0.65420417,-0.661874189,-0.64046743,-0.518430197,-0.510922455,-0.532504561,-0.554770234,-0.548515065,-0.566335738
2019,49,-0.097734524,-0.262712556,0.064141832,-0.299771934,-0.31718646,-0.24799737,-0.10177851,validation,-1.066255365,-1.056566629,-1.082975702,-0.880249743,-0.881144555,-0.878378774,1.119330279,1.150129385,1.057345369,0.300450041,0.319603465,0.262420404
2019,50,-0.105822495,-0.290167869,0.074651388,-0.10177851,-0.276440213,0.06939661,-0.169261265,validation,-1.013400819,-1.013728596,-1.012484792,-1.039828092,-1.035147613,-1.047730247,0.508192121,0.522600848,0.479213993,0.8137612,0.836365117,0.768279681
2019,51,-0.232700035,-0.354492198,-0.093957907,-0.169261265,-0.322330034,-0.009653259,0.191603091,validation,-0.855573977,-0.878262369,-0.815300271,-0.934487398,-0.945995483,-0.913892532,-0.040075506,-0.053924542,-0.012809693,0.234058308,0.234338153,0.23320215
2019,52,0.615906216,0.40317788,0.735724735,0.191603091,0.024342841,0.320883414,1.238295982,validation,-1.465715909,-1.445454579,-1.500936983,-1.160644943,-1.161858474,-1.158118627,3.01552679,3.002369034,3.037436019,1.487725642,1.474222246,1.512313163
2020,1,1.860685748,1.174159202,2.262588171,1.238295982,0.788668541,1.499156453,2.091882525,validation,-1.421136208,-1.402821934,-1.452940495,-1.443426058,-1.424138257,-1.476938739,1.327224051,1.338110461,1.304095586,2.171375421,2.170239748,2.170765802
2020,2,2.323079302,1.746319519,2.569659441,2.091882525,1.46023936,2.416123806,1.886783453,validation,-1.313876658,-1.323725784,-1.296079031,-1.367506433,-1.363273859,-1.374509763,-0.239440796,-0.225911335,-0.265712897,0.543891627,0.556099563,0.519191344
2020,3,1.450487604,1.551448479,1.184770369,1.886783453,1.648883999,1.877214905,2.270292926,validation,-1.397139868,-1.39150384,-1.40660688,-1.355508263,-1.357614812,-1.351342956,1.960398205,1.9131699,2.050636727,0.860478705,0.843629282,0.892461915
2020,4,3.090098248,3.238167521,2.585016756,2.270292926,2.394808,1.884893562,2.533978221,validation,-1.511386963,-1.518648085,-1.498084731,-1.454263415,-1.455075962,-1.452345805,0.623893079,0.598209457,0.673545071,1.292145642,1.255689678,1.362090899
2020,5,1.977858195,0.995411391,2.635067714,2.533978221,2.116789456,2.610042235,1.854886199,validation,-1.277856197,-1.271054682,-1.289417191,-1.39462158,-1.394851383,-1.393750961,0.542785633,0.539512551,0.548507015,0.583339356,0.568861004,0.611026043
2020,6,1.731914203,0.582887472,2.570219099,1.854886199,0.789149432,2.602643407,1.454909102,validation,-1.775336992,-1.767341722,-1.788835884,-1.526596594,-1.519198202,-1.539126538,3.540072796,3.520377556,3.574141828,2.041429215,2.029945054,2.061324422
2020,7,1.177904,0.447401952,1.701655683,1.454909102,0.515144712,2.135937391,1.091458786,validation,-1.154455376,-1.153697147,-1.155406334,-1.464896184,-1.460519434,-1.472121109,0.27489799,0.242438585,0.338321059,1.907485393,1.88140807,1.956231443
2020,8,1.005013571,0.056428669,1.74798444,1.091458786,0.251915311,1.724820062,1.17577043,validation,-1.05061214,-1.051937055,-1.047926245,-1.102533758,-1.102817101,-1.101666289,0.025125487,0.055812523,-0.035207451,0.150011739,0.149125554,0.151556804
2020,9,1.346527289,0.489696922,1.965056595,1.17577043,0.273062795,1.856520518,0.988953419,validation,-0.855477008,-0.873985634,-0.822570132,-0.953044574,-0.962961344,-0.935248188,0.438552526,0.446081959,0.423183339,0.231839006,0.250947241,0.193987944
2020,10,0.63137955,-0.127138954,1.246125803,0.988953419,0.181278984,1.605591199,0.364367981,validation,-0.413250001,-0.42227519,-0.397205228,-0.634363504,-0.648130412,-0.60988768,1.02598008,1.020464922,1.035474892,0.732266303,0.73327344,0.729329115
2020,11,0.097356413,-0.22234021,0.376679615,0.364367981,-0.174739582,0.811402709,0.434594767,validation,-0.647993504,-0.639967323,-0.661923239,-0.530621752,-0.531121256,-0.529564233,2.272135096,2.212975734,2.385410255,1.649057588,1.616720328,1.710442573
2020,12,0.771833121,0.134086316,1.259820612,0.434594767,-0.044126947,0.818250114,0.342251146,validation,-1.144746466,-1.136141798,-1.159529939,-0.896369985,-0.88805456,-0.910726589,1.357656948,1.343715469,1.383275493,1.814896022,1.778345601,1.884342874
2020,13,-0.087330828,-0.324867632,0.139342281,0.342251146,-0.095390658,0.699581447,-0.186625946,validation,-0.646582858,-0.627958057,-0.679193032,-0.895664662,-0.882049927,-0.919361485,1.4676472,1.454528857,1.491504363,1.412652074,1.399122163,1.437389928
2020,14,-0.285921063,-0.372403235,-0.172940493,-0.186625946,-0.348635434,-0.016799106,-0.239554532,validation,-0.431839807,-0.437193673,-0.422259499,-0.539211332,-0.532575865,-0.550726265,-0.482939079,-0.482086703,-0.48398208,0.492354061,0.486221077,0.503761142
2020,15,-0.193188001,-0.36506535,-0.013592989,-0.239554532,-0.368734293,-0.093266741,-0.296088213,validation,-0.586524418,-0.578596336,-0.600301776,-0.509182112,-0.507895005,-0.511280637,0.140791245,0.140249196,0.141672148,-0.171073917,-0.170918753,-0.171154966
2020,16,-0.398988425,-0.37421465,-0.373724149,-0.296088213,-0.36964,-0.193658569,-0.381073973,validation,0.068525627,0.086304023,0.037168498,-0.258999395,-0.246146157,-0.281566639,0.606480902,0.570038347,0.677296993,0.373636073,0.355143772,0.409484571
2020,17,-0.363159521,-0.374943558,-0.308913696,-0.381073973,-0.374579104,-0.341318923,-0.418891761,validation,-0.335844685,-0.330864152,-0.344510705,-0.133659529,-0.122280065,-0.153671104,0.70123056,0.711620302,0.679897153,0.653855731,0.640829325,0.678597073
2020,18,-0.474624,-0.374872722,-0.508540837,-0.418891761,-0.37490814,-0.408727267,-0.476173017,validation,-0.203913679,-0.202112211,-0.207020673,-0.269879182,-0.266488182,-0.275765689,0.08193076,0.112962427,0.020846292,0.39158066,0.412291364,0.350371723
2020,19,-0.477722034,-0.375038981,-0.513936134,-0.476173017,-0.374955852,-0.511238485,-0.501807889,validation,0.273812355,0.267461907,0.284913547,0.034949338,0.032674848,0.038946437,0.018977574,-0.005525056,0.067100439,0.050454167,0.053718685,0.043973366
2020,20,-0.525893744,-0.375038981,-0.600181321,-0.501807889,-0.375038981,-0.557058728,-0.526423031,validation,1.351498384,1.384396781,1.293064079,0.812655369,0.825929344,0.788988813,-0.688715693,-0.687876773,-0.689462998,-0.33486906,-0.346700914,-0.31118128
2020,21,-0.526952318,-0.374387872,-0.602669204,-0.526423031,-0.374713427,-0.601425263,-0.539469724,validation,0.489581821,0.491453566,0.486119441,0.920540103,0.937925173,0.88959176,-0.056503183,-0.036712913,-0.095317154,-0.372609438,-0.362294843,-0.392390076
2020,22,-0.55198713,-0.37460591,-0.647292323,-0.539469724,-0.374496891,-0.624980763,-0.555797882,validation,0.314621165,0.297069207,0.345451288,0.402101493,0.394261387,0.415785364,-0.539762589,-0.535182266,-0.548056658,-0.298132886,-0.285947589,-0.321686906
2020,23,-0.559608634,-0.375008318,-0.660571361,-0.555797882,-0.374807114,-0.653931842,-0.560883955,validation,0.974195278,0.978682426,0.965961488,0.644408222,0.637875817,0.655706388,-0.581021091,-0.59095234,-0.560745917,-0.56039184,-0.563067303,-0.554401287
2020,24,-0.562159276,-0.375038981,-0.665110044,-0.560883955,-0.37502365,-0.662840703,-0.562216918,validation,0.691267289,0.694584448,0.685190048,0.832731283,0.836633437,0.825575768,-0.667670176,-0.668529558,-0.665107853,-0.624345634,-0.629740949,-0.612926885
2020,25,-0.562274559,-0.375038981,-0.665316444,-0.562216918,-0.375038981,-0.665213244,-0.562279292,validation,0.788316325,0.788487579,0.787751312,0.739791807,0.741536014,0.73647068,-0.657523945,-0.654463877,-0.662676621,-0.662597061,-0.661496717,-0.663892237
2020,26,-0.562284025,-0.375038981,-0.665333392,-0.562279292,-0.375038981,-0.665324918,-0.562284025,validation,1.128914977,1.123840628,1.137481581,0.958615651,0.956164104,0.962616447,-0.689111078,-0.68835375,-0.689697537,-0.673317512,-0.671408813,-0.676187079
2020,27,-0.562284025,-0.375038981,-0.665333392,-0.562284025,-0.375038981,-0.665333392,-0.562284025,validation,1.414070428,1.409117652,1.422327562,1.271492702,1.26647914,1.279904572,-0.62068835,-0.628046692,-0.605417035,-0.654899714,-0.658200221,-0.647557286
2020,28,-0.562284025,-0.375038981,-0.665333392,-0.562284025,-0.375038981,-0.665333392,-0.562284025,validation,1.25436969,1.256251554,1.250634154,1.334220059,1.332684603,1.336480858,-0.673042923,-0.67428473,-0.669722105,-0.646865637,-0.651165711,-0.63756957
2020,29,-0.562284025,-0.375038981,-0.665333392,-0.562284025,-0.375038981,-0.665333392,-0.56220825,validation,1.462442803,1.447259318,1.488715316,1.358406247,1.351755436,1.369674735,-0.687621162,-0.687005731,-0.687930739,-0.680332043,-0.68064523,-0.678826422
2020,30,-0.562132475,-0.374850448,-0.665233664,-0.56220825,-0.374944714,-0.665283528,-0.56220825,validation,1.757556092,1.744748518,1.779542561,1.609999447,1.596003918,1.634128938,-0.495610795,-0.512535836,-0.461704571,-0.591615979,-0.599770784,-0.574817655
2020,31,-0.562284025,-0.375038981,-0.665333392,-0.56220825,-0.374944714,-0.665283528,-0.56206987,validation,1.433778226,1.437397349,1.42692089,1.595667159,1.591072933,1.603231726,-0.654732733,-0.659110015,-0.645274659,-0.575171764,-0.585822925,-0.553489615
2020,32,-0.561855714,-0.374516738,-0.665041905,-0.56206987,-0.37477786,-0.665187648,-0.56206987,validation,1.188920227,1.179629942,1.204897344,1.311349226,1.308513646,1.315909117,-0.624849946,-0.615710121,-0.641992104,-0.639791339,-0.637410068,-0.643633381
2020,33,-0.562284025,-0.375038981,-0.665333392,-0.56206987,-0.37477786,-0.665187648,-0.562284025,validation,1.231234234,1.236394302,1.221728617,1.21007723,1.208012122,1.213312981,-0.689258599,-0.688489519,-0.689867955,-0.657054272,-0.65209982,-0.665930029
2020,34,-0.562284025,-0.375038981,-0.665333392,-0.562284025,-0.375038981,-0.665333392,-0.562284025,validation,1.190546327,1.190026357,1.191065306,1.21089028,1.213210329,1.206396961,-0.678734419,-0.67915882,-0.677012355,-0.683996509,-0.683824169,-0.683440155
2020,35,-0.562284025,-0.375038981,-0.665333392,-0.562284025,-0.375038981,-0.665333392,-0.562284025,validation,1.643985543,1.66106419,1.613335746,1.417265935,1.425545274,1.402200526,-0.440247909,-0.456844013,-0.407060487,-0.559491164,-0.568001416,-0.542036421
2020,36,-0.562284025,-0.375038981,-0.665333392,-0.562284025,-0.375038981,-0.665333392,-0.562266834,validation,1.910810157,1.93404491,1.869221204,1.77739785,1.79755455,1.741278475,-0.668361193,-0.666161855,-0.671808352,-0.554304551,-0.561502934,-0.53943442
2020,37,-0.562249643,-0.375030442,-0.665279606,-0.562266834,-0.375034712,-0.665306499,-0.562266834,validation,1.514444423,1.51454798,1.513756308,1.71262729,1.724296445,1.691488756,-0.567768159,-0.568727841,-0.565139464,-0.618064676,-0.617444848,-0.618473908
2020,38,-0.562284025,-0.375038981,-0.665333392,-0.562266834,-0.375034712,-0.665306499,-0.562205954,validation,1.273071847,1.273462026,1.271959146,1.393758135,1.394005003,1.392857727,-0.680588938,-0.679276124,-0.682278079,-0.624178549,-0.624001982,-0.623708772
2020,39,-0.562127883,-0.374796433,-0.665274608,-0.562205954,-0.374917707,-0.665304,-0.562084068,validation,1.081927414,1.093025388,1.062006141,1.17749963,1.183243707,1.166982643,-0.656657906,-0.655149023,-0.658763633,-0.668623422,-0.667212573,-0.670520856
2020,40,-0.562040253,-0.37481593,-0.665099972,-0.562084068,-0.374806182,-0.66518729,-0.562162139,validation,0.809627532,0.818902202,0.793010721,0.945777473,0.955963795,0.927508431,-0.612763861,-0.606195191,-0.624869513,-0.634710883,-0.630672107,-0.641816573
2020,41,-0.562284025,-0.375038981,-0.665333392,-0.562162139,-0.374927456,-0.665216682,-0.562284025,validation,0.884311102,0.887800149,0.877866464,0.846969317,0.853351175,0.835438592,-0.663933796,-0.663079158,-0.664744413,-0.638348829,-0.634637174,-0.644806963
2020,42,-0.562284025,-0.375038981,-0.665333392,-0.562284025,-0.375038981,-0.665333392,-0.562252617,validation,0.695389608,0.704461578,0.679168193,0.789850355,0.796130864,0.778517328,-0.665097219,-0.662848355,-0.668645969,-0.664515508,-0.662963757,-0.666695191
2020,43,-0.562221209,-0.374915423,-0.665333392,-0.562252617,-0.374977202,-0.665333392,-0.546821417,validation,0.693592802,0.716227156,0.653468413,0.694491205,0.710344367,0.666318303,-0.653267958,-0.65360222,-0.65175634,-0.659182588,-0.658225287,-0.660201154
2020,44,-0.531421625,-0.353743045,-0.629461983,-0.546821417,-0.364329234,-0.647397687,-0.502729071,validation,0.280736346,0.29034452,0.263708307,0.487164574,0.503285838,0.45858836,2.1690406,2.121115188,2.260375932,0.757886321,0.733756484,0.804309796
2020,45,-0.474036516,-0.358761392,-0.522153669,-0.502729071,-0.356252219,-0.575807826,-0.465236087,validation,-0.330971296,-0.316369559,-0.356596224,-0.025117475,-0.013012519,-0.046443958,1.440039383,1.387196692,1.54199106,1.804539991,1.75415594,1.901183496
2020,46,-0.456435657,-0.359677996,-0.489807317,-0.465236087,-0.359219694,-0.505980493,-0.477850819,validation,-0.545050324,-0.529134094,-0.572920565,-0.43801081,-0.422751826,-0.464758394,0.341024133,0.301422889,0.4183944,0.890531758,0.844309791,0.98019273
2020,47,-0.499265982,-0.369998071,-0.557096046,-0.477850819,-0.364838034,-0.523451681,-0.477555856,validation,-0.590833315,-0.591872749,-0.588804073,-0.567941819,-0.560503421,-0.580862319,0.067264947,0.064288731,0.073025199,0.20414454,0.18285581,0.2457098
2020,48,-0.455845729,-0.345226654,-0.50190484,-0.477555856,-0.357612362,-0.529500443,-0.440028119,validation,-0.825589071,-0.816189392,-0.841880292,-0.708211193,-0.704031071,-0.715342182,0.531201549,0.515336446,0.561681424,0.299233248,0.289812589,0.317353311
2020,49,-0.424210509,-0.366706472,-0.42571501,-0.440028119,-0.355966563,-0.463809925,-0.350212441,validation,-0.861678866,-0.850490998,-0.881109706,-0.843633968,-0.833340195,-0.861494999,0.218763226,0.243866325,0.169149356,0.374982387,0.379601386,0.36541539
2020,50,-0.276214373,-0.248202772,-0.268610051,-0.350212441,-0.307454622,-0.347162531,-0.21845635,validation,-0.728004648,-0.718720018,-0.744125676,-0.794841757,-0.784605508,-0.812617691,2.150072108,2.105062441,2.235702817,1.184417667,1.174464383,1.202426087
2020,51,-0.160698327,-0.351512211,0.032239388,-0.21845635,-0.299857491,-0.118185331,-0.141656867,validation,-0.941497386,-0.944467549,-0.935948184,-0.834751017,-0.831593784,-0.84003693,-0.066525245,-0.092955931,-0.01450187,1.041773431,1.006053255,1.110600474
2020,52,-0.122615406,-0.363797858,0.111604392,-0.141656867,-0.357655034,0.07192189,-0.206436987,validation,-1.097027286,-1.118872816,-1.058158507,-1.019262336,-1.031670183,-0.997053346,-0.677372498,-0.675340608,-0.680478833,-0.371948872,-0.384148269,-0.347490351
2020,53,-0.290258567,-0.366691855,-0.185904768,-0.206436987,-0.365244857,-0.037150188,-0.31464395,validation,-0.82972307,-0.831114869,-0.826993036,-0.963375178,-0.974993843,-0.942575771,-0.68786205,-0.687106169,-0.6884473,-0.682617274,-0.681223388,-0.684463067
2021,1,-0.339029332,-0.37436727,-0.26623627,-0.31464395,-0.370529563,-0.226070519,0.065226017,validation,-0.616405656,-0.616143697,-0.616661569,-0.723064363,-0.723629283,-0.721827303,0.1062442,0.114201553,0.090468971,-0.290808925,-0.286452308,-0.298989165
2021,2,0.469481366,0.406819562,0.470255383,0.065226017,0.016226146,0.102009557,1.703402348,validation,-1.329786238,-1.316953239,-1.35196033,-0.973095947,-0.966548468,-0.98431095,4.793894524,4.811524338,4.752979171,2.450069362,2.462862945,2.421724071
2021,3,2.937323329,3.062469309,2.471414852,1.703402348,1.734644436,1.470835117,2.28178352,validation,-1.450761959,-1.469954589,-1.416450797,-1.390274099,-1.393453914,-1.384205563,-0.653163574,-0.649005571,-0.6604794,2.070365475,2.081259383,2.046249886
2021,4,1.626243711,0.668409483,2.303187085,2.28178352,1.865439396,2.387300968,1.101377414,validation,-1.115345301,-1.109499632,-1.12527588,-1.28305363,-1.28972711,-1.270863338,1.9894436,1.986891921,1.991854491,0.668140013,0.668943175,0.665687546
2021,5,0.576511116,-0.157217815,1.175268991,1.101377414,0.255595834,1.739228038,0.37327979,validation,-0.653991636,-0.662957245,-0.637971503,-0.884668469,-0.886228438,-0.881623691,0.820466891,0.766335162,0.925762234,1.404955246,1.376613542,1.458808362
2021,6,0.170048464,-0.306168377,0.583126269,0.37327979,-0.231693096,0.87919763,1.727838114,validation,-0.938278497,-0.954736113,-0.908958863,-0.796135067,-0.808846679,-0.773465183,1.134967554,1.152712834,1.098612968,0.977717223,0.959523998,1.012187601
2021,7,3.285627764,3.913738502,2.320177536,1.727838114,1.803785063,1.451651902,2.458702095,validation,-1.668686646,-1.659188199,-1.684870479,-1.303482572,-1.306962156,-1.296914671,0.494551611,0.492213774,0.498498348,0.814759582,0.822463304,0.798555658
2021,8,1.631776426,1.436513292,1.613959255,2.458702095,2.675125897,1.967068395,1.072498027,validation,-1.101866959,-1.092576236,-1.117873913,-1.385276803,-1.375882218,-1.401372196,0.487219364,0.4858507,0.489271269,0.490885487,0.489032237,0.493884809
2021,9,0.513219629,-0.074025927,0.986231973,1.072498027,0.681243682,1.300095614,0.423048612,validation,-0.821067067,-0.824739712,-0.814319954,-0.961467013,-0.958657974,-0.966096934,-0.209236707,-0.214802129,-0.198026861,0.138991329,0.135524285,0.145622204
2021,10,0.332877594,-0.217487709,0.793932906,0.423048612,-0.145756818,0.89008244,0.138223779,validation,-0.644300401,-0.665099158,-0.607427692,-0.732683734,-0.744919435,-0.710873823,0.608533681,0.619849118,0.585502574,0.199648487,0.202523495,0.193737856
2021,11,-0.056430036,-0.364603902,0.230834364,0.138223779,-0.291045805,0.512383635,0.479947081,validation,-0.474734349,-0.470459835,-0.482109651,-0.559517375,-0.567779496,-0.544768671,1.546542951,1.524744145,1.587354,1.077538316,1.072296632,1.086428287
2021,12,1.016324198,0.519187635,1.347028214,0.479947081,0.077291867,0.788931289,0.590821828,validation,-1.167049128,-1.165212889,-1.169895863,-0.820891739,-0.817836362,-0.826002757,0.552317557,0.567816713,0.521138996,1.049430254,1.046280429,1.054246498
2021,13,0.165319458,-0.192743267,0.471419272,0.590821828,0.163222184,0.909223743,0.159846149,validation,-0.505732195,-0.504217303,-0.508233338,-0.836390661,-0.834715096,-0.8390646,0.234331807,0.258000943,0.187515308,0.393324682,0.412908828,0.354327152
2021,14,0.15437284,-0.158190002,0.420370152,0.159846149,-0.175466634,0.445894712,-0.095761212,validation,-0.832520963,-0.837872703,-0.822810636,-0.669126579,-0.671045003,-0.665521987,0.886968451,0.905021977,0.850332663,0.560650129,0.58151146,0.518923986
2021,15,-0.345895263,-0.368248169,-0.284098475,-0.095761212,-0.263219086,0.068135838,-0.414032519,validation,0.544217962,0.54823073,0.536963811,-0.1441515,-0.144820986,-0.142923412,-0.553667791,-0.565330218,-0.530026639,0.16665033,0.169845879,0.160153012
2021,16,-0.482169775,-0.37502583,-0.521911206,-0.414032519,-0.371637,-0.403004841,-0.503186989,validation,0.3945948,0.388106059,0.405899408,0.469406381,0.468168395,0.47143161,-0.598086687,-0.604760498,-0.584190051,-0.575877239,-0.585045358,-0.557108345
2021,17,-0.524204204,-0.375038981,-0.597156419,-0.503186989,-0.375032406,-0.559533813,-0.535244853,validation,0.82538781,0.84862014,0.784165495,0.609991305,0.618363099,0.595032452,-0.676998139,-0.678074857,-0.673996544,-0.637542413,-0.641417677,-0.629093297
2021,18,-0.546285502,-0.374724867,-0.636976023,-0.535244853,-0.374881924,-0.617066221,-0.550464051,validation,0.783802841,0.785531265,0.780494839,0.804595326,0.817075702,0.782330167,-0.644237035,-0.6478853,-0.636225216,-0.660617587,-0.662980078,-0.65511088
2021,19,-0.5546426,-0.375038981,-0.651652413,-0.550464051,-0.374881924,-0.644314218,-0.55773579,validation,0.772799159,0.756706507,0.800904306,0.778301,0.771118886,0.790699573,-0.681763581,-0.680655976,-0.683047947,-0.663000308,-0.664270638,-0.659636582
2021,20,-0.560828979,-0.375038981,-0.66272832,-0.55773579,-0.375038981,-0.657190366,-0.561553248,validation,0.762858101,0.756282802,0.774192325,0.76782863,0.756494654,0.787548316,-0.57510981,-0.598292752,-0.528802777,-0.628436695,-0.639474364,-0.605925362
2021,21,-0.562277517,-0.37502618,-0.665333392,-0.561553248,-0.375032581,-0.664030856,-0.562280771,validation,0.794328516,0.789135289,0.803216344,0.778593309,0.772709045,0.788704335,-0.679559202,-0.679939241,-0.67792323,-0.627334506,-0.639115997,-0.603363004
2021,22,-0.562284025,-0.375038981,-0.665333392,-0.562280771,-0.375032581,-0.665333392,-0.562260094,validation,0.694401705,0.681464434,0.716971696,0.74436511,0.735299861,0.76009402,-0.677965019,-0.677790174,-0.67742148,-0.678762111,-0.678864708,-0.677672355
2021,23,-0.562236162,-0.375010993,-0.665273173,-0.562260094,-0.375024987,-0.665303282,-0.562260094,validation,0.740964089,0.729096728,0.761632828,0.717682897,0.705280581,0.739302262,-0.62594096,-0.622627158,-0.631633549,-0.651952989,-0.650208666,-0.654527515
2021,24,-0.562284025,-0.375038981,-0.665333392,-0.562260094,-0.375024987,-0.665303282,-0.562281228,validation,0.775074097,0.747593447,0.823249724,0.758019093,0.738345088,0.792441276,-0.651237019,-0.654540249,-0.643894031,-0.638588989,-0.638583704,-0.63776379
2021,25,-0.56227843,-0.375027975,-0.665333392,-0.562281228,-0.375033478,-0.665333392,-0.562258491,validation,1.333474916,1.340787613,1.320141178,1.054274507,1.04419053,1.071695451,-0.651422078,-0.656414184,-0.640760206,-0.651329548,-0.655477217,-0.642327119
2021,26,-0.562238553,-0.374949538,-0.665333392,-0.562258491,-0.374988756,-0.665333392,-0.562261289,validation,1.263183156,1.264211352,1.260949259,1.298329036,1.302499483,1.290545219,-0.686728911,-0.686343642,-0.686587388,-0.669075494,-0.671378913,-0.663673797
2021,27,-0.562284025,-0.375038981,-0.665333392,-0.562261289,-0.37499426,-0.665333392,-0.562284025,validation,1.398774233,1.404986307,1.387358531,1.330978695,1.33459883,1.324153895,-0.675315914,-0.676657502,-0.671796049,-0.681022412,-0.681500572,-0.679191718
2021,28,-0.562284025,-0.375038981,-0.665333392,-0.562284025,-0.375038981,-0.665333392,-0.562270736,validation,1.566323992,1.557559446,1.581248506,1.482549112,1.481272877,1.484303518,-0.689363778,-0.688577457,-0.690006877,-0.682339846,-0.68261748,-0.680901463
2021,29,-0.562257447,-0.374998682,-0.665322486,-0.562270736,-0.375018832,-0.665327939,-0.562248571,validation,1.338605328,1.331763855,1.350216467,1.45246466,1.444661651,1.465732486,-0.485385531,-0.490719881,-0.474268408,-0.587374655,-0.589648669,-0.582137643
2021,30,-0.562239695,-0.374951783,-0.665333392,-0.562248571,-0.374975233,-0.665327939,-0.561877153,validation,1.572152888,1.584030674,1.550693541,1.455379108,1.457897264,1.450455004,-0.686154675,-0.685713838,-0.686123094,-0.585770103,-0.588216859,-0.580195751
2021,31,-0.56151461,-0.373919574,-0.664974746,-0.561877153,-0.374435679,-0.665154069,-0.561613772,validation,1.377694341,1.40116299,1.33587113,1.474923615,1.492596832,1.443282336,-0.649686698,-0.65485667,-0.638677591,-0.667920686,-0.670285254,-0.662400342
2021,32,-0.561712934,-0.37440227,-0.664890466,-0.561613772,-0.374160922,-0.664932606,-0.56199848,test,1.173942486,1.183740382,1.156281869,1.275818414,1.292451686,1.2460765,-0.615955442,-0.61305834,-0.620842281,-0.63282107,-0.633957505,-0.629759936
2021,33,-0.562284025,-0.375038981,-0.665333392,-0.56199848,-0.374720626,-0.665111929,-0.562284025,test,1.414608892,1.417935505,1.408273502,1.294275689,1.300837944,1.282277685,-0.680991452,-0.680058906,-0.681932836,-0.648473447,-0.646558623,-0.651387558
2021,34,-0.562284025,-0.375038981,-0.665333392,-0.562284025,-0.375038981,-0.665333392,-0.562284025,test,1.576227542,1.555284715,1.612612853,1.495418217,1.48661011,1.510443177,-0.626156743,-0.631174128,-0.615478257,-0.653574097,-0.655616517,-0.648705547
2021,35,-0.562284025,-0.375038981,-0.665333392,-0.562284025,-0.375038981,-0.665333392,-0.562175988,test,1.089311432,1.07269622,1.118231919,1.332769487,1.313990468,1.365422386,-0.667169555,-0.666574128,-0.667466587,-0.646663149,-0.648874128,-0.641472422
2021,36,-0.562067951,-0.374727332,-0.665230204,-0.562175988,-0.374883157,-0.665281798,-0.56210007,test,0.832053869,0.830591648,0.834353238,0.96068265,0.951643934,0.976292578,-0.627087573,-0.6260708,-0.628264998,-0.647128564,-0.646322464,-0.647865793
2021,37,-0.56213219,-0.374928162,-0.665162419,-0.56210007,-0.374827747,-0.665196311,-0.562097648,test,0.864918037,0.880973047,0.836332483,0.848485953,0.855782348,0.83534286,-0.589343806,-0.591703248,-0.58393635,-0.60821569,-0.608887024,-0.606100674
2021,38,-0.562063105,-0.374745597,-0.665204904,-0.562097648,-0.374836879,-0.665183661,-0.562173565,test,0.55890151,0.563611177,0.550414178,0.711909773,0.722292112,0.69337333,-0.331145295,-0.319532481,-0.353531188,-0.46024455,-0.455617865,-0.468733769
2021,39,-0.562284025,-0.375038981,-0.665333392,-0.562173565,-0.374892289,-0.665269148,-0.562274396,test,0.55054975,0.556748346,0.539440983,0.55472563,0.560179761,0.54492758,-0.643247669,-0.640484961,-0.647834712,-0.487196482,-0.480008721,-0.50068295
2021,40,-0.562264766,-0.375038981,-0.66529891,-0.562274396,-0.375038981,-0.665316151,-0.562274396,test,0.760370226,0.770968109,0.74143771,0.655459988,0.663858228,0.640439346,-0.497201981,-0.510702906,-0.470022064,-0.570224825,-0.575593933,-0.558928388
2021,41,-0.562284025,-0.375038981,-0.665333392,-0.562274396,-0.375038981,-0.665316151,-0.562264274,test,0.328791109,0.33455905,0.318515402,0.544580668,0.55276358,0.529976556,-0.598833208,-0.598280611,-0.599135496,-0.548017594,-0.554491758,-0.53457878
2021,42,-0.562244522,-0.374988577,-0.665308544,-0.562264274,-0.375013779,-0.665320968,-0.559098884,test,0.166983882,0.185290467,0.134662953,0.247887496,0.259924759,0.226589177,-0.575240633,-0.582103747,-0.561001911,-0.58703692,-0.590192179,-0.580068704
2021,43,-0.555953247,-0.366908322,-0.661399537,-0.559098884,-0.37094845,-0.663354041,-0.559118636,test,0.094748701,0.111254678,0.065625442,0.130866291,0.148272573,0.100144198,-0.054499438,-0.093737156,0.022674036,-0.314870036,-0.337920451,-0.269163938
2021,44,-0.562284025,-0.375038981,-0.665333392,-0.559118636,-0.370973652,-0.663366464,-0.56215492,test,0.066976981,0.061963192,0.075791377,0.080862841,0.086608935,0.07070841,-0.684298171,-0.683756618,-0.684466928,-0.369398805,-0.388746887,-0.330896446
2021,45,-0.562025814,-0.374531081,-0.665333392,-0.56215492,-0.374785031,-0.665333392,-0.52838313,test,-0.220201475,-0.204886641,-0.247120208,-0.076612247,-0.071461725,-0.085664416,-0.644891298,-0.645639414,-0.642577419,-0.664594735,-0.664698016,-0.663522173
2021,46,-0.494740447,-0.367321249,-0.551430124,-0.52838313,-0.370926165,-0.608381758,-0.521420127,test,-0.531858036,-0.519415121,-0.553610995,-0.376029755,-0.362150881,-0.400365601,0.5606352,0.57825252,0.525283562,-0.042128049,-0.033693447,-0.058646928
2021,47,-0.548099807,-0.358657449,-0.654848977,-0.521420127,-0.362989349,-0.60313955,-0.40078802,test,-0.255164256,-0.259270777,-0.247841364,-0.393511146,-0.389342949,-0.400726179,0.213596602,0.247614794,0.146471327,0.387115901,0.412933657,0.335877444
2021,48,-0.253476232,-0.367776516,-0.119063511,-0.40078802,-0.363216983,-0.386956244,-0.072182978,test,-0.733673336,-0.749949959,-0.704741007,-0.494418796,-0.504610368,-0.476291186,0.129349103,0.133439206,0.121142794,0.171472853,0.190527,0.13380706
2021,49,0.109110277,-0.35454385,0.518056054,-0.072182978,-0.361160183,0.199496272,0.275624754,test,-0.627883845,-0.633848376,-0.617161797,-0.68077859,-0.691899168,-0.660951402,0.04561454,0.073904304,-0.010034566,0.087481821,0.103671755,0.055554114
2021,50,0.442139231,0.247948636,0.565908266,0.275624754,-0.053297607,0.54198216,1.010599943,test,-1.202476149,-1.188439785,-1.226813663,-0.915179997,-0.911144081,-0.92198773,2.905628317,2.949117276,2.816370484,1.475621429,1.51151079,1.403167959
2021,51,1.579060656,0.682467228,2.205916497,1.010599943,0.465207932,1.385912382,1.279933706,test,-1.344027717,-1.353608046,-1.326693776,-1.273251933,-1.271023916,-1.276753719,-0.214957893,-0.202853876,-0.238461031,1.345335212,1.3731317,1.288954727
2021,52,0.980806757,0.069911279,1.692373319,1.279933706,0.376189253,1.949144908,0.665317556,test,-1.118488018,-1.116491196,-1.121633991,-1.231257867,-1.235049621,-1.224163883,-0.284546453,-0.282599808,-0.287999289,-0.249752173,-0.242726842,-0.26323016
2022,1,0.349828355,-0.266450025,0.868846881,0.665317556,-0.098269373,1.2806101,0.945155066,test,-0.979913772,-0.986240913,-0.968435102,-1.049200895,-1.051366055,-1.045034547,-0.668557552,-0.667401151,-0.669955084,-0.476552003,-0.475000479,-0.478977187
2022,2,1.540481777,0.93050039,1.911084516,0.945155066,0.332025183,1.389965699,2.675730062,test,-1.687168536,-1.674964037,-1.70811559,-1.333541154,-1.330602475,-1.338275346,2.993374598,2.970002178,3.035384642,1.162408523,1.151300514,1.182714779
2022,3,3.810978346,5.014802019,2.258553808,2.675730062,2.972651204,2.084819162,3.913447476,test,-2.04305818,-2.045230254,-2.038547848,-1.865113358,-1.860097145,-1.873331719,1.82726079,1.823888641,1.831496119,2.410317694,2.396945409,2.43344038
2022,4,4.015916607,5.273443285,2.390052052,3.913447476,5.144122652,2.32430293,3.740017999,test,-1.790080699,-1.779279045,-1.808520897,-1.91656944,-1.912254649,-1.923534372,0.393518233,0.412918793,0.354881196,1.110389511,1.118403717,1.093188658
2022,5,3.464119392,4.085639592,2.483278033,3.740017999,4.679541439,2.436665042,3.258883501,test,-1.361390313,-1.348568597,-1.383533967,-1.575735506,-1.563923821,-1.596027432,0.575101472,0.617500858,0.491034115,0.484309852,0.515209825,0.422957656
2022,6,3.053647611,3.569785442,2.217915685,3.258883501,3.827712517,2.350596859,2.546606361,test,-1.258999387,-1.265337508,-1.247408195,-1.31019485,-1.306953053,-1.315471081,-0.217128153,-0.209645769,-0.231546939,0.178986659,0.203927544,0.129743588
2022,7,2.039565112,1.787881979,2.024233682,2.546606361,2.67883371,2.121074684,1.6486314,test,-0.941228235,-0.939422095,-0.944097312,-1.100113811,-1.102379801,-1.095752754,-0.563747749,-0.554175449,-0.581819673,-0.390437951,-0.381910609,-0.406683306
2022,8,1.257697689,0.456068023,1.836627996,1.6486314,1.121975001,1.930430839,1.162629358,test,-0.876190377,-0.881165597,-0.867129083,-0.908709306,-0.910293846,-0.905613198,1.03979865,1.040117446,1.037811654,0.238025451,0.242970999,0.22799599
2022,9,1.067561027,0.531864899,1.427222165,1.162629358,0.493966461,1.63192508,0.950052988,test,-1.051197453,-1.048882022,-1.054927437,-0.963693915,-0.965023809,-0.96102826,1.632705378,1.583673197,1.726917301,1.336252014,1.311895321,1.382364477
2022,10,0.832544949,1.086241124,0.501859314,0.950052988,0.809053012,0.96454074,1.148967255,test,-1.946099943,-1.928677794,-1.976156612,-1.498648698,-1.488779908,-1.515542025,2.909211854,2.927553713,2.869363413,2.270958616,2.255613455,2.298140357
2022,11,1.465389561,1.252232634,1.483798732,1.148967255,1.169236879,0.992829023,1.920502131,test,-1.65096196,-1.648057186,-1.655530424,-1.798530952,-1.78836749,-1.815843518,0.700210669,0.718885647,0.6625981,1.804711262,1.82321968,1.765980756
2022,12,2.375614701,2.515580075,1.963530931,1.920502131,1.883906354,1.723664831,1.659539169,test,-1.168742959,-1.161653645,-1.180847624,-1.40985246,-1.404855416,-1.418189024,0.48351181,0.482139821,0.4855751,0.59186124,0.600512734,0.5740866
2022,13,0.943463637,0.525589884,1.210753475,1.659539169,1.52058498,1.587142203,0.519040988,test,0.171262966,0.176555211,0.161878258,-0.498739997,-0.492549217,-0.509484683,-0.688922398,-0.688174345,-0.689490876,-0.102705294,-0.103017262,-0.101957888
2022,14,0.094618339,-0.193753081,0.345757245,0.519040988,0.165918402,0.77825536,-0.02612951,test,-0.160800256,-0.176636421,-0.132835483,0.005231355,-4.06E-05,0.014521388,-0.661275884,-0.658075685,-0.666699009,-0.675099141,-0.673125015,-0.678094942
2022,15,-0.146877358,-0.303550993,0.013329402,-0.02612951,-0.248652037,0.179543324,-0.240760973,test,0.013135928,0.010173282,0.018353177,-0.073832164,-0.083231569,-0.057241153,-0.627499575,-0.630961919,-0.619874991,-0.64438773,-0.644518802,-0.643287
2022,16,-0.334644588,-0.364355767,-0.267498494,-0.240760973,-0.33395338,-0.127084546,-0.39436012,test,0.426581029,0.440812468,0.401355839,0.219858478,0.225492875,0.209854508,-0.374694884,-0.392653047,-0.338916789,-0.50109723,-0.511807483,-0.47939589
2022,17,-0.454075653,-0.3748022,-0.471815882,-0.39436012,-0.369578984,-0.369657188,-0.481418336,test,0.411622545,0.424982584,0.387938183,0.419101787,0.432897526,0.394647011,-0.32220553,-0.346661684,-0.273727557,-0.348450207,-0.369657366,-0.306322173
2022,18,-0.508761019,-0.37459922,-0.569907678,-0.481418336,-0.37470071,-0.52086178,-0.516682041,test,-0.225366454,-0.205307949,-0.260644141,0.093128045,0.109837318,0.063647021,-0.419275643,-0.415433903,-0.426276051,-0.370740587,-0.381047793,-0.350001804
2022,19,-0.524603063,-0.375038981,-0.597870525,-0.516682041,-0.3748191,-0.583889101,-0.534737822,test,0.375316021,0.379497194,0.367821446,0.074974783,0.087094622,0.053588653,-0.434681826,-0.446185265,-0.411508779,-0.426978734,-0.430809584,-0.418892415
2022,20,-0.544872581,-0.375038981,-0.634160463,-0.534737822,-0.375038981,-0.616015494,-0.551595517,test,0.497511161,0.51412717,0.468059512,0.436413591,0.446812182,0.417940479,-0.540974165,-0.533206608,-0.555529565,-0.487827995,-0.489695936,-0.483519172
2022,21,-0.558318453,-0.375038981,-0.65823355,-0.551595517,-0.375038981,-0.646197007,-0.559907157,test,1.106377951,1.122551405,1.077503029,0.801944556,0.818339287,0.772781271,-0.600323767,-0.606812029,-0.586788809,-0.570648966,-0.570009319,-0.571159187
2022,22,-0.56149586,-0.375038981,-0.663922284,-0.559907157,-0.375038981,-0.661077917,-0.56168041,test,0.982477558,0.970060832,1.004033922,1.044427754,1.046306118,1.040768475,-0.66540951,-0.667875812,-0.659692546,-0.632866639,-0.63734392,-0.623240677
2022,23,-0.561864961,-0.374974258,-0.664642022,-0.56168041,-0.37500662,-0.664282153,-0.562074493,test,0.857062228,0.853480761,0.863088401,0.919769893,0.911770796,0.933561161,-0.516818872,-0.504345744,-0.540652331,-0.591114191,-0.586110778,-0.600172438
2022,24,-0.562284025,-0.375038981,-0.665333392,-0.562074493,-0.37500662,-0.664987707,-0.559403716,test,1.156928594,1.130227523,1.203602738,1.006995411,0.991854142,1.033345569,-0.687111304,-0.685997392,-0.688401068,-0.601965088,-0.595171568,-0.614526699
2022,25,-0.556523408,-0.375038981,-0.655019754,-0.559403716,-0.375038981,-0.660176573,-0.559403716,test,0.891766763,0.904431701,0.869147214,1.024347678,1.017329612,1.036374976,-0.379589211,-0.374570676,-0.388953949,-0.533350258,-0.530284034,-0.538677509
2022,26,-0.562284025,-0.375038981,-0.665333392,-0.559403716,-0.375038981,-0.660176573,-0.562284025,test,1.089548305,1.091869805,1.085092938,0.990657534,0.998150753,0.977120076,-0.684392249,-0.684036416,-0.684195944,-0.53199073,-0.529303546,-0.536574946
2022,27,-0.562284025,-0.375038981,-0.665333392,-0.562284025,-0.375038981,-0.665333392,-0.562284025,test,1.173516693,1.158307859,1.19993034,1.131532499,1.125088832,1.142511639,-0.68887713,-0.688066493,-0.689568646,-0.68663469,-0.686051455,-0.686882295
2022,28,-0.562284025,-0.375038981,-0.665333392,-0.562284025,-0.375038981,-0.665333392,-0.562284025,test,1.390705454,1.381379732,1.406677665,1.282111073,1.269843795,1.303304003,-0.689333732,-0.688569155,-0.68993414,-0.689105431,-0.688317824,-0.689751393
2022,29,-0.562284025,-0.375038981,-0.665333392,-0.562284025,-0.375038981,-0.665333392,-0.562284025,test,1.337333438,1.332323241,1.345717396,1.364019446,1.356851487,1.376197531,-0.687304285,-0.686956066,-0.687089206,-0.688319008,-0.687762611,-0.688511673
2022,30,-0.562284025,-0.375038981,-0.665333392,-0.562284025,-0.375038981,-0.665333392,-0.562284025,test,1.557850787,1.549593825,1.571883516,1.447592113,1.440958533,1.458800456,-0.688483236,-0.687709999,-0.689101777,-0.68789376,-0.687333032,-0.688095492
2022,31,-0.562284025,-0.375038981,-0.665333392,-0.562284025,-0.375038981,-0.665333392,-0.562284025,test,1.598342728,1.553643312,1.676591417,1.578096758,1.551618569,1.624237467,-0.645552681,-0.650804547,-0.63438806,-0.667017959,-0.669257273,-0.661744919
2022,32,-0.562284025,-0.375038981,-0.665333392,-0.562284025,-0.375038981,-0.665333392,-0.562258506,test,1.281007662,1.244409007,1.345084778,1.439675195,1.39902616,1.510838098,-0.688925344,-0.688093512,-0.689658446,-0.667239012,-0.669449029,-0.662023253
2022,33,-0.562232987,-0.374938589,-0.665333392,-0.562258506,-0.374988785,-0.665333392,-0.562258506,test,1.253090653,1.246109308,1.264976864,1.267049157,1.245259158,1.305030821,-0.651322569,-0.652099501,-0.648943649,-0.670123956,-0.670096506,-0.669301047
2022,34,-0.562284025,-0.375038981,-0.665333392,-0.562258506,-0.374988785,-0.665333392,-0.562273436,test,1.632109488,1.650005908,1.60002234,1.442600071,1.448057608,1.432499602,-0.650744787,-0.65003316,-0.651291645,-0.651033678,-0.65106633,-0.650117647
2022,35,-0.562262846,-0.37502473,-0.665308445,-0.562273436,-0.375031856,-0.665320918,-0.562243651,test,1.518343953,1.50617181,1.53929034,1.57522672,1.578088859,1.56965634,-0.514921125,-0.524713113,-0.495006088,-0.582832956,-0.587373136,-0.573148866
2022,36,-0.562224455,-0.374921808,-0.665333392,-0.562243651,-0.374973269,-0.665320918,-0.562250987,test,1.185830847,1.176114729,1.202559523,1.3520874,1.34114327,1.370924932,-0.683302992,-0.682454285,-0.684076608,-0.599112058,-0.603583699,-0.589541348
2022,37,-0.562277518,-0.375026182,-0.665333392,-0.562250987,-0.374973995,-0.665333392,-0.56227688,test,1.012813055,0.999918035,1.035202278,1.099321951,1.088016382,1.1188809,-0.4438998,-0.432673682,-0.465378298,-0.563601396,-0.557563984,-0.574727453
2022,38,-0.562276241,-0.37502367,-0.665333392,-0.56227688,-0.375024926,-0.665333392,-0.562280133,test,0.707376251,0.713399391,0.696524368,0.860094653,0.856658713,0.865863323,-0.686776942,-0.685884035,-0.687632867,-0.565338371,-0.559278859,-0.576505583
2022,39,-0.562284025,-0.375038981,-0.665333392,-0.562280133,-0.375031326,-0.665333392,-0.562273362,test,1.047856653,1.055490979,1.034051402,0.877616452,0.884445185,0.865287885,-0.625639808,-0.624684546,-0.626698258,-0.656208375,-0.655284291,-0.657165563
2022,40,-0.562262699,-0.374997033,-0.665333392,-0.562273362,-0.375018007,-0.665333392,-0.562273362,test,0.491944825,0.489501346,0.496087199,0.769900739,0.772496162,0.7650693,-0.564687839,-0.562085743,-0.569062072,-0.595163824,-0.593385145,-0.597880165
2022,41,-0.562284025,-0.375038981,-0.665333392,-0.562273362,-0.375018007,-0.665333392,-0.555530053,test,0.365058909,0.372613925,0.351621392,0.428501867,0.431057635,0.423854295,-0.107134817,-0.115461057,-0.090633562,-0.335911328,-0.3387734,-0.329847817
2022,42,-0.54877608,-0.360072462,-0.6547718,-0.555530053,-0.367555722,-0.660052596,-0.544108562,test,0.186639909,0.200847415,0.161537007,0.275849409,0.28673067,0.256579199,0.139487848,0.143642005,0.131142405,0.016176515,0.014090474,0.020254422
2022,43,-0.539441044,-0.364204265,-0.634297836,-0.544108562,-0.362138363,-0.644534818,-0.550190718,test,0.074372041,0.094808841,0.038327547,0.130505975,0.147828128,0.099932277,-0.30042999,-0.313951803,-0.273466501,-0.080471071,-0.085154899,-0.071162048
2022,44,-0.560940392,-0.374240567,-0.663654513,-0.550190718,-0.369222416,-0.648976174,-0.538991427,test,-0.287645012,-0.272486894,-0.314265021,-0.106636486,-0.088839027,-0.137968737,-0.01118657,0.007704908,-0.048293711,-0.15580828,-0.153123448,-0.160880106
2022,45,-0.517042461,-0.361662188,-0.596509899,-0.538991427,-0.367951378,-0.630082206,-0.524109117,test,-0.44432291,-0.430558922,-0.468433469,-0.365983961,-0.351522908,-0.391349245,0.539236444,0.547648432,0.522001293,0.264024937,0.27767667,0.236853791
2022,46,-0.531175773,-0.366948136,-0.617002452,-0.524109117,-0.364305162,-0.606756176,-0.406878533,test,-0.41010935,-0.412853435,-0.405136012,-0.42721613,-0.421706178,-0.436784741,-0.654635086,-0.653548581,-0.655913487,-0.057699321,-0.052950075,-0.066956097
2022,47,-0.282581293,-0.185539426,-0.337045809,-0.406878533,-0.276243781,-0.477024131,-0.319499326,test,-0.681189628,-0.679882373,-0.68326624,-0.545649489,-0.546367904,-0.544201126,1.664986323,1.699872578,1.594256176,0.505175619,0.523161999,0.469171345
2022,48,-0.356417359,-0.351635761,-0.318057651,-0.319499326,-0.268587593,-0.32755173,-0.393511211,test,-0.740064795,-0.74061448,-0.738848911,-0.710627212,-0.710248426,-0.711057575,-0.388033143,-0.393014043,-0.377737934,0.63847659,0.653429268,0.608259121
2022,49,-0.430605062,-0.361240186,-0.442139078,-0.393511211,-0.356437973,-0.380098364,-0.453415716,test,-0.717244578,-0.718749629,-0.714352491,-0.728654687,-0.729682054,-0.726600701,0.057004816,0.027590889,0.114728629,-0.165514164,-0.182711577,-0.131504653
2022,50,-0.476226371,-0.369308296,-0.516474453,-0.453415716,-0.365274241,-0.479306765,0.005955094,test,-0.667880072,-0.68747217,-0.633126214,-0.692562325,-0.703110899,-0.673739352,0.075128599,0.073317549,0.07858901,0.066066708,0.050454219,0.096658819
2022,51,0.488136559,-0.211105133,1.066094443,0.005955094,-0.290206714,0.274809995,0.277742481,test,-1.127478669,-1.127415351,-1.127213858,-0.89767937,-0.907443761,-0.880170036,0.405873616,0.406028617,0.40503796,0.240501108,0.239673083,0.241813485
2022,52,0.067348403,-0.352242354,0.441192009,0.277742481,-0.281673744,0.753643226,0.097353913,test,-1.157986978,-1.156967329,-1.159397507,-1.142732823,-1.14219134,-1.143305682,-0.617671301,-0.611964371,-0.628077211,-0.105898842,-0.102967877,-0.111519625
2023,1,0.127359422,-0.331583252,0.529829882,0.097353913,-0.341912803,0.485510945,0.235134115,test,-1.116751602,-1.117601227,-1.114881322,-1.13736929,-1.137284278,-1.137139414,-0.239278968,-0.237492735,-0.242475825,-0.428475134,-0.424728553,-0.435276518
2023,2,0.342908808,-0.231852899,0.824967786,0.235134115,-0.281718076,0.677398834,0.192626945,test,-1.227663448,-1.225339596,-1.23134936,-1.172207525,-1.171470411,-1.173115341,0.760563573,0.732523679,0.814666812,0.260642303,0.247515472,0.286095494
2023,3,0.042345083,-0.366180293,0.409113222,0.192626945,-0.299016596,0.617040504,-0.006811358,test,-0.956647952,-0.970371968,-0.932140128,-1.0921557,-1.097855782,-1.081744744,-0.628524444,-0.629487223,-0.625810166,0.066019565,0.051518228,0.094428323
2023,4,-0.055967798,-0.204690636,0.086107772,-0.006811358,-0.285435465,0.247610497,0.736984331,test,-1.153564933,-1.144342248,-1.169434711,-1.055106442,-1.057357108,-1.050787419,2.424724817,2.402834774,2.464566058,0.898100187,0.886673776,0.919377946
2023,5,1.52993646,2.199518934,0.737134979,0.736984331,0.997414149,0.411621375,2.800907346,test,-1.770760874,-1.751150642,-1.804732553,-1.462162903,-1.447746445,-1.487083632,6.238059828,6.192260154,6.319893824,4.331392323,4.297547464,4.392229941
2023,6,4.071878232,5.354344754,2.416606989,2.800907346,3.776931844,1.576870984,3.790891977,test,-2.067687642,-2.062453993,-2.076221601,-1.919224258,-1.906802318,-1.940477077,-0.331467376,-0.335190792,-0.323717137,2.953296226,2.928534681,2.998088344
2023,7,3.509905722,3.988791402,2.653404404,3.790891977,4.671568078,2.535005697,2.731914256,test,-1.354087702,-1.364648758,-1.33502188,-1.710887672,-1.713551376,-1.705621741,-0.679576041,-0.679253005,-0.679321591,-0.505521708,-0.507221899,-0.501519364
2023,8,1.95392279,1.510336011,2.123526508,2.731914256,2.749563706,2.388465456,1.404194097,test,-0.758863902,-0.747525693,-0.778594042,-1.056475802,-1.056087226,-1.056807961,-0.585620468,-0.57840954,-0.599023673,-0.632598254,-0.628831272,-0.639172632
2023,9,0.854465403,0.338319488,1.221868522,1.404194097,0.924327749,1.672697515,0.558171173,test,-0.528088512,-0.52566594,-0.53218197,-0.643476207,-0.636595817,-0.655388006,-0.229160419,-0.229604594,-0.227987761,-0.407390443,-0.404007067,-0.413505717
2023,10,0.261876943,-0.170091642,0.623675235,0.558171173,0.084113923,0.922771879,0.243668781,test,-0.670972271,-0.659308929,-0.691304798,-0.599530392,-0.592487435,-0.611743384,1.089194535,1.062624038,1.139980398,0.430017058,0.416509722,0.455996318
2023,11,0.225460619,-0.29962759,0.676381062,0.243668781,-0.234859616,0.650028148,0.027295696,test,-0.92174199,-0.916305799,-0.931015502,-0.796357131,-0.787807364,-0.81116015,1.206784471,1.235090695,1.149583645,1.147989503,1.148857366,1.144782021
2023,12,-0.170869228,-0.366183814,0.027383908,0.027295696,-0.332905702,0.351882485,-0.146341959,test,-0.582542737,-0.579798752,-0.587184504,-0.752142364,-0.748052275,-0.759100003,0.812557639,0.767782384,0.89947785,1.009671055,1.001436539,1.024530747
2023,13,-0.121814691,-0.336147159,0.08787011,-0.146341959,-0.351165486,0.057627009,-0.260314465,test,-0.75787537,-0.758209932,-0.75703269,-0.670209053,-0.669004342,-0.672108597,-0.210141081,-0.201466977,-0.226910739,0.301208279,0.283157703,0.336283555
2023,14,-0.39881424,-0.369176684,-0.377997886,-0.260314465,-0.352661922,-0.145063888,-0.061503046,test,-0.284733624,-0.281418186,-0.290481993,-0.521304497,-0.519814059,-0.523757342,0.768195543,0.765990655,0.771522976,0.279027231,0.282261839,0.272306119
2023,15,0.275808149,-0.115329627,0.598772482,-0.061503046,-0.242253156,0.110387298,-0.096845511,test,-0.139477449,-0.12740041,-0.160716549,-0.212105536,-0.204409298,-0.225599271,0.295007574,0.275469645,0.333013613,0.531601558,0.52073015,0.552268295
2023,16,-0.46949917,-0.375028052,-0.499224112,-0.096845511,-0.24517884,0.049774185,-0.421996919,test,-0.229397934,-0.235405273,-0.218733473,-0.184437692,-0.181402842,-0.189725011,-0.461861866,-0.470900989,-0.44349564,-0.083427146,-0.097715672,-0.055241014
2023,17,-0.374494667,-0.373820796,-0.330229748,-0.421996919,-0.374424424,-0.41472693,-0.434322834,test,-0.374930838,-0.362054476,-0.397500134,-0.302164386,-0.298729874,-0.308116803,0.196897128,0.219496027,0.152232627,-0.132482369,-0.125702481,-0.145631507
2023,18,-0.494151001,-0.373423183,-0.544820775,-0.434322834,-0.373621989,-0.437525261,-0.514325236,test,0.09507834,0.102273265,0.082365613,-0.139926249,-0.129890605,-0.15756726,-0.078059366,-0.087662558,-0.059086943,0.059418881,0.065916735,0.046572842
2023,19,-0.534499472,-0.374985634,-0.615637317,-0.514325236,-0.374204408,-0.580229046,-0.540966707,test,0.615245871,0.617382053,0.611275471,0.355162106,0.359827659,0.346820542,-0.453368387,-0.459646713,-0.440438243,-0.265713877,-0.273654635,-0.249762593
2023,20,-0.547433943,-0.375038981,-0.638746248,-0.540966707,-0.375012308,-0.627191783,-0.539351899,test,0.317501621,0.315146951,0.321545707,0.466373746,0.466264502,0.466410589,-0.423426319,-0.428872508,-0.412170502,-0.438397353,-0.444259611,-0.426304373
2023,21,-0.531269856,-0.348051935,-0.634370349,-0.539351899,-0.361545458,-0.636558299,-0.546742296,test,0.461786683,0.475076503,0.438209335,0.389644152,0.395111727,0.379877521,1.122459943,1.115309021,1.135042788,0.349516812,0.343218256,0.361436143
2023,22,-0.562214736,-0.375038981,-0.665209337,-0.546742296,-0.361545458,-0.649789843,-0.562170092,test,0.747185805,0.748001071,0.74549946,0.604486244,0.611538787,0.591854397,-0.556697537,-0.560359705,-0.548772941,0.282881203,0.277474658,0.293134923
2023,23,-0.562125449,-0.374742408,-0.665319424,-0.562170092,-0.374890695,-0.665264381,-0.562162371,test,0.795984311,0.804065275,0.781475951,0.771585058,0.776033173,0.763487705,-0.372944483,-0.398339499,-0.322555253,-0.46482101,-0.479349602,-0.435664097
2023,24,-0.562199293,-0.374896489,-0.665311387,-0.562162371,-0.374819449,-0.665315406,-0.562241659,test,0.787519759,0.772365305,0.813966427,0.791752035,0.78821529,0.797721189,-0.667817653,-0.666416733,-0.66969663,-0.520381068,-0.532378116,-0.496125941
2023,25,-0.562284025,-0.375038981,-0.665333392,-0.562241659,-0.374967735,-0.665322389,-0.562284025,test,1.102430686,1.090580129,1.122949136,0.944975223,0.931472717,0.968457782,-0.688991712,-0.688240894,-0.689565534,-0.678404682,-0.677328814,-0.679631082
2023,26,-0.562284025,-0.375038981,-0.665333392,-0.562284025,-0.375038981,-0.665333392,-0.562284025,test,1.213683051,1.209661752,1.220365365,1.158056869,1.15012094,1.17165725,-0.689236822,-0.688468681,-0.689844364,-0.689114267,-0.688354787,-0.689704949
2023,27,-0.562284025,-0.375038981,-0.665333392,-0.562284025,-0.375038981,-0.665333392,-0.562284025,test,1.240256501,1.237417977,1.244845313,1.226969776,1.223539865,1.232605339,-0.686201592,-0.685584762,-0.686515779,-0.687719207,-0.687026721,-0.688180072
2023,28,-0.562284025,-0.375038981,-0.665333392,-0.562284025,-0.375038981,-0.665333392,-0.562284025,test,1.673560966,1.680467595,1.660829383,1.456908733,1.458942786,1.452837348,-0.689286121,-0.688525247,-0.689879316,-0.687743857,-0.687055005,-0.688197548
2023,29,-0.562284025,-0.375038981,-0.665333392,-0.562284025,-0.375038981,-0.665333392,-0.562284025,test,1.6057634,1.613758557,1.591135929,1.639662183,1.647113076,1.625982656,-0.689091481,-0.688337256,-0.689671868,-0.689188801,-0.688431252,-0.689775592
2023,30,-0.562284025,-0.375038981,-0.665333392,-0.562284025,-0.375038981,-0.665333392,-0.562284025,test,1.494098933,1.491391544,1.498371876,1.549931166,1.55257505,1.544753903,-0.684127526,-0.683954508,-0.683572333,-0.686609503,-0.686145882,-0.686622101
2023,31,-0.562284025,-0.375038981,-0.665333392,-0.562284025,-0.375038981,-0.665333392,-0.559862734,test,1.465767654,1.445562573,1.500889573,1.479933293,1.468477058,1.499630725,-0.688509926,-0.687742553,-0.689116908,-0.686318726,-0.685848531,-0.68634462
2023,32,-0.557441442,-0.371239465,-0.660121722,-0.559862734,-0.373139223,-0.662727557,-0.559862734,test,1.9287251,1.923596901,1.9371196,1.697246377,1.684579737,1.719004587,-0.59481355,-0.59520938,-0.593257437,-0.641661738,-0.641475967,-0.641187173
2023,33,-0.562284025,-0.375038981,-0.665333392,-0.559862734,-0.373139223,-0.662727557,-0.561936029,test,1.832685615,1.810461267,1.871243977,1.880705358,1.867029084,1.904181788,-0.672107117,-0.674110524,-0.667290977,-0.633460334,-0.634659952,-0.630274207
2023,34,-0.561588032,-0.374159362,-0.664887941,-0.561936029,-0.374599172,-0.665110666,-0.561936029,test,1.237902421,1.22964172,1.252048557,1.535294018,1.520051493,1.561646267,-0.62859368,-0.620282709,-0.644102241,-0.650350398,-0.647196616,-0.655696609
2023,35,-0.562284025,-0.375038981,-0.665333392,-0.561936029,-0.374599172,-0.665110666,-0.561702013,test,1.276554261,1.263863009,1.298496293,1.257228341,1.246752364,1.275272425,-0.677673652,-0.676439737,-0.67921157,-0.653133666,-0.648361223,-0.661656905
2023,36,-0.56112,-0.373443686,-0.664701405,-0.561702013,-0.374241333,-0.665017398,-0.561702013,test,1.163516447,1.172900066,1.146589469,1.220035354,1.218381538,1.222542881,-0.615258981,-0.615545546,-0.613890822,-0.646466316,-0.645992641,-0.646551196
2023,37,-0.562284025,-0.375038981,-0.665333392,-0.561702013,-0.374241333,-0.665017398,-0.562284025,test,0.944902449,0.951522066,0.932919984,1.054209448,1.062211066,1.039754726,-0.530159993,-0.526686078,-0.536292534,-0.572709487,-0.571115812,-0.575091678
2023,38,-0.562284025,-0.375038981,-0.665333392,-0.562284025,-0.375038981,-0.665333392,-0.56193168,test,1.165402483,1.173426935,1.150870393,1.055152466,1.0624745,1.041895189,-0.687016238,-0.686394266,-0.687339461,-0.608588115,-0.606540172,-0.611815998
2023,39,-0.561579336,-0.373669724,-0.665318043,-0.56193168,-0.374354353,-0.665325718,-0.549101131,test,0.612707667,0.632291051,0.577987589,0.889055075,0.902858993,0.864428991,-0.322482895,-0.30979852,-0.346985742,-0.504749566,-0.498096393,-0.517162602
2023,40,-0.536622926,-0.338019214,-0.653086177,-0.549101131,-0.355844469,-0.65920211,-0.545394627,test,0.640262926,0.647546577,0.627211809,0.626485297,0.639918814,0.602599699,0.025591784,0.007644014,0.060825685,-0.148445556,-0.151077253,-0.143080028
2023,41,-0.554166329,-0.365614181,-0.65937823,-0.545394627,-0.351816698,-0.656232203,-0.556567494,test,0.236500561,0.247019321,0.217882393,0.438381744,0.447282949,0.422547101,0.363902206,0.40896743,0.274872826,0.194746995,0.208305722,0.167849255
2023,42,-0.558968659,-0.370447206,-0.663577125,-0.556567494,-0.368030694,-0.661477678,-0.555928495,test,0.424345843,0.440404895,0.395900251,0.330423202,0.343712108,0.306891322,-0.483820898,-0.486911171,-0.477115433,-0.059959346,-0.038971871,-0.101121304
2023,43,-0.55288833,-0.366583621,-0.656207747,-0.555928495,-0.368515414,-0.659892436,-0.557586178,test,0.631123938,0.659395904,0.581084167,0.527734891,0.549900399,0.488492209,-0.283590339,-0.296387759,-0.258072319,-0.383705618,-0.391649465,-0.367593876
2023,44,-0.562284025,-0.375038981,-0.665333392,-0.557586178,-0.370811301,-0.66077057,-0.561148232,test,0.369376069,0.373605529,0.361798371,0.500250004,0.516500716,0.471441269,-0.583722281,-0.592135789,-0.566425936,-0.43365631,-0.444261774,-0.412249127
2023,45,-0.56001244,-0.374868648,-0.661421451,-0.561148232,-0.374953815,-0.663377421,-0.460521689,test,0.196361216,0.199226347,0.191245894,0.282868642,0.286415938,0.276522133,0.224862073,0.212798094,0.248273578,-0.179430104,-0.189668848,-0.159076179
2023,46,-0.361030938,-0.325679405,-0.349943319,-0.460521689,-0.350274027,-0.505682385,-0.281922846,test,-0.442275055,-0.442949214,-0.440939202,-0.12295692,-0.121861434,-0.124846654,2.961477738,2.951915274,2.976392936,1.593169906,1.582356684,1.612333257
2023,47,-0.202814753,-0.351865954,-0.04284262,-0.281922846,-0.33877268,-0.19639297,-0.258397365,test,-0.634159818,-0.641666708,-0.620717281,-0.538217436,-0.542307961,-0.530828242,0.954507787,0.980761577,0.901670096,1.957992762,1.966338425,1.939031516
2023,48,-0.313979977,-0.364103068,-0.230731202,-0.258397365,-0.357984511,-0.136786911,-0.300009691,test,-0.387615441,-0.409314148,-0.349242272,-0.510887629,-0.525490428,-0.484979777,0.252689106,0.243458307,0.270496995,0.603598446,0.612109942,0.586083545
2023,49,-0.286039405,-0.287075273,-0.250818473,-0.300009691,-0.32558917,-0.240774838,-0.32791359,test,-0.690271551,-0.685745679,-0.69801791,-0.538943496,-0.547529913,-0.523630091,0.170498919,0.198872052,0.114522584,0.211594012,0.22116518,0.192509789
2023,50,-0.369787775,-0.37002998,-0.325253097,-0.32791359,-0.328552626,-0.288035785,-0.099824242,test,-0.735512207,-0.765367725,-0.682646592,-0.712891879,-0.725556702,-0.690332251,-0.687651717,-0.686617969,-0.688783251,-0.258576399,-0.243872959,-0.287130334
2023,51,0.170139291,-0.289386,0.568013445,-0.099824242,-0.32970799,0.121380174,0.044253655,test,-0.798908915,-0.801727718,-0.793674088,-0.767210561,-0.783547722,-0.73816034,1.791677183,1.844968957,1.684614398,0.552012733,0.579175494,0.497915573
2023,52,-0.081631982,-0.347529096,0.170171947,0.044253655,-0.318457548,0.369092696,-0.161949135,test,-0.811722994,-0.8199476,-0.796956212,-0.805315955,-0.810837659,-0.79531515,-0.511142336,-0.507483804,-0.517662532,0.640267424,0.668742576,0.583475933
2024,1,-0.242266289,-0.335204742,-0.128640619,-0.161949135,-0.341366919,0.020765664,0.027663364,test,-0.724947383,-0.730743552,-0.714489668,-0.768335189,-0.775345576,-0.75572294,0.308795887,0.352112428,0.223274777,-0.101173224,-0.077685688,-0.147193877
2024,2,0.297593018,0.094155955,0.447100223,0.027663364,-0.120524394,0.159229802,0.700013901,test,-1.118259134,-1.106496903,-1.138616624,-0.921603259,-0.918620228,-0.926553146,3.120140373,3.173923422,3.010373953,1.71446813,1.763017925,1.616824365
2024,3,1.102434785,-0.043649496,2.013496308,0.700013901,0.025253229,1.230298266,1.156423635,test,-0.785580254,-0.781287442,-0.792884029,-0.951919694,-0.943892172,-0.965750327,0.365370573,0.371361778,0.353119765,1.742755473,1.7726426,1.681746859
2024,4,1.210412484,1.427643449,0.867635261,1.156423635,0.691996976,1.440565785,1.643754425,test,-1.507127163,-1.490145085,-1.536554762,-1.146353709,-1.135716263,-1.164719396,2.47788599,2.494150593,2.442683743,1.421628281,1.432756185,1.397901754
2024,5,2.077096366,1.341415006,2.497805864,1.643754425,1.384529228,1.682720563,1.766081568,test,-1.29614751,-1.285699817,-1.314128754,-1.401637337,-1.387922451,-1.425341758,0.506468298,0.534323618,0.451069855,1.492177144,1.514237105,1.446876799
2024,6,1.45506677,0.482245406,2.166164854,1.766081568,0.911830206,2.331985359,1.161301187,test,-0.839094474,-0.842725135,-0.832415339,-1.067620992,-1.064212476,-1.073272047,-0.319889959,-0.309688128,-0.339517998,0.09328917,0.112317745,0.055775928
2024,7,0.867535604,-0.065316654,1.612661445,1.161301187,0.208464376,1.88941315,0.839785718,test,-1.156511394,-1.149519901,-1.168447733,-0.997802934,-0.996122518,-1.000431536,0.905871743,0.916767791,0.883275673,0.292990892,0.303539832,0.271878838
2024,8,0.812035832,-0.118681301,1.561869188,0.839785718,-0.091998978,1.587265317,0.706782839,test,-0.972900706,-0.972156971,-0.97388673,-1.06470605,-1.060838436,-1.071167231,-0.290719063,-0.333524923,-0.206225095,0.30757634,0.291621434,0.338525289
2024,9,0.601529847,-0.240826072,1.296162596,0.706782839,-0.179753687,1.429015892,0.473797443,test,-0.841471999,-0.845208414,-0.834605678,-0.907186353,-0.908682693,-0.904246204,0.176090197,0.224725406,0.080291542,-0.057314433,-0.054399758,-0.062966777
2024,10,0.346065039,-0.317234978,0.90833397,0.473797443,-0.279030525,1.102248283,0.213317857,test,-0.795588892,-0.797388096,-0.792152205,-0.818530445,-0.821298255,-0.813378941,-0.205424486,-0.187240545,-0.240887158,-0.014667145,0.018742431,-0.080297808
2024,11,0.080570675,-0.344558266,0.457870658,0.213317857,-0.330896622,0.683102314,-0.031570457,test,-0.755953787,-0.753119316,-0.760697141,-0.775771339,-0.775253706,-0.776424673,1.181097564,1.177937832,1.18576099,0.487836539,0.495348643,0.472436916
2024,12,-0.143711589,-0.341186099,0.053253037,-0.031570457,-0.342872183,0.255561848,-0.134919072,test,-0.806961667,-0.801194565,-0.816856727,-0.781457727,-0.77715694,-0.788776934,0.740471734,0.719827382,0.780069014,0.960784649,0.948882607,0.982915002
2024,13,-0.126126555,-0.37248481,0.113225061,-0.134919072,-0.356835454,0.083239049,-0.186673871,test,0.187572487,0.201822315,0.16239468,-0.30969459,-0.299686125,-0.327231023,-0.393025007,-0.421891829,-0.335787401,0.173723364,0.148967777,0.222140807
2024,14,-0.247221187,-0.360461873,-0.114522504,-0.186673871,-0.366473341,-0.000648722,-0.305078559,test,-0.28929762,-0.280943077,-0.303925841,-0.050862566,-0.039560381,-0.07076558,1.713423584,1.674182515,1.788290341,0.660199289,0.626145343,0.72625147
2024,15,-0.362935932,-0.37435547,-0.309048671,-0.305078559,-0.367408671,-0.211785587,-0.400479484,test,-0.111765468,-0.098072208,-0.135862395,-0.200531544,-0.189507642,-0.219894118,-0.182462609,-0.203211958,-0.141451365,0.765480487,0.735485278,0.823419488
2024,16,-0.438023037,-0.375038981,-0.442860237,-0.400479484,-0.374697226,-0.375954454,-0.490331139,test,0.363154954,0.359547221,0.36939231,0.125694743,0.130737507,0.116764958,-0.65323539,-0.652843043,-0.653151602,-0.417849,-0.428027501,-0.397301484
2024,17,-0.542639242,-0.373531075,-0.631534466,-0.490331139,-0.374285028,-0.537197352,-0.524772795,test,0.597677264,0.614529115,0.567776503,0.480416109,0.487038168,0.468584407,1.886350824,1.740092437,2.171280463,0.616557717,0.543624697,0.759064431
2024,18,-0.506906349,-0.374888465,-0.566323858,-0.524772795,-0.37420977,-0.598929162,-0.517726137,test,-0.219397148,-0.212123959,-0.232142831,0.189140058,0.201202578,0.167816836,0.004059848,0.032250313,-0.051339763,0.945205336,0.886171375,1.05997035
2024,19,-0.528545926,-0.374660234,-0.605274447,-0.517726137,-0.37477435,-0.585799152,-0.538105744,test,0.184087549,0.192413414,0.169351835,-0.0176548,-0.009855272,-0.031395498,0.066594033,0.089919395,0.020672533,0.03532694,0.061084854,-0.015333615
2024,20,-0.547665562,-0.374404095,-0.639738811,-0.538105744,-0.374532165,-0.622506629,-0.553166721,test,0.744101112,0.755102178,0.724463423,0.464094331,0.473757796,0.446907629,-0.664388132,-0.667865553,-0.656685653,-0.298897049,-0.288973079,-0.31800656
2024,21,-0.558667879,-0.374967354,-0.658924347,-0.553166721,-0.374685725,-0.649331579,-0.560457079,test,0.570791371,0.568791096,0.574126277,0.657446242,0.661946637,0.64929485,-0.440913874,-0.439665633,-0.442789739,-0.552651003,-0.553765593,-0.549737696
2024,22,-0.562246279,-0.375038981,-0.665265812,-0.560457079,-0.375003168,-0.66209508,-0.562252849,test,1.181183591,1.181334521,1.180523243,0.875987481,0.875062809,0.87732476,-0.619698934,-0.622765309,-0.612862636,-0.530306404,-0.531215471,-0.527826187
2024,23,-0.562259419,-0.375038981,-0.665289336,-0.562252849,-0.375038981,-0.665277574,-0.562271722,test,1.433835544,1.450560141,1.403879918,1.307509568,1.315947331,1.29220158,-0.462167731,-0.477261359,-0.431903993,-0.540933333,-0.550013334,-0.522383315
2024,24,-0.562284025,-0.375038981,-0.665333392,-0.562271722,-0.375038981,-0.665311364,-0.562276802,test,1.692177687,1.69729238,1.68259816,1.563006616,1.57392626,1.543239039,-0.55633954,-0.568494012,-0.531728025,-0.509253636,-0.522877686,-0.481816009
2024,25,-0.562269579,-0.375010566,-0.665333392,-0.562276802,-0.375024774,-0.665333392,-0.562276802,test,1.468125001,1.462742538,1.477121408,1.580151344,1.580017459,1.579859784,-0.600041946,-0.608406042,-0.582821339,-0.578190743,-0.588450027,-0.557274682
2024,26,-0.562284025,-0.375038981,-0.665333392,-0.562276802,-0.375024774,-0.665333392,-0.562255197,test,1.293783481,1.303238312,1.276687505,1.380954241,1.382990425,1.376904456,-0.559329221,-0.566707328,-0.544099356,-0.579685583,-0.587556685,-0.563460347
2024,27,-0.562226368,-0.375004087,-0.665261924,-0.562255197,-0.375021534,-0.665297658,-0.562255197,test,1.38745462,1.38816954,1.385731381,1.340619051,1.345703926,1.331209443,-0.590226453,-0.592992638,-0.584018592,-0.574777837,-0.579849983,-0.564058974
2024,28,-0.562284025,-0.375038981,-0.665333392,-0.562255197,-0.375021534,-0.665297658,-0.562284025,test,1.402086534,1.413107365,1.38219434,1.394770577,1.400638452,1.38396286,-0.672368545,-0.671965918,-0.672279922,-0.631297499,-0.632479278,-0.628149257
2024,29,-0.562284025,-0.375038981,-0.665333392,-0.562284025,-0.375038981,-0.665333392,-0.562284025,test,1.564258744,1.570851142,1.552117478,1.483172639,1.491979253,1.467155909,-0.688082579,-0.687308841,-0.688702627,-0.680225562,-0.67963738,-0.680491274
2024,30,-0.562284025,-0.375038981,-0.665333392,-0.562284025,-0.375038981,-0.665333392,-0.562284025,test,1.419113886,1.417596443,1.421314597,1.491686315,1.494223792,1.486716038,-0.689119198,-0.688328672,-0.689770877,-0.688600888,-0.687818757,-0.689236752
2024,31,-0.562284025,-0.375038981,-0.665333392,-0.562284025,-0.375038981,-0.665333392,-0.562284025,test,1.391655212,1.396841869,1.382049176,1.405384549,1.407219156,1.401681887,-0.689451554,-0.68868503,-0.690055635,-0.689285376,-0.688506851,-0.689913256
2024,32,-0.562284025,-0.375038981,-0.665333392,-0.562284025,-0.375038981,-0.665333392,-0.562284025,test,1.472683586,1.469057228,1.478583355,1.432169399,1.432949549,1.430316265,-0.68346625,-0.682531496,-0.684408738,-0.686458902,-0.685608263,-0.687232186
2024,33,-0.562284025,-0.375038981,-0.665333392,-0.562284025,-0.375038981,-0.665333392,-0.562284025,test,1.512212665,1.510882819,1.514051657,1.492448126,1.489970023,1.496317506,-0.668076328,-0.668671514,-0.666032618,-0.675771289,-0.675601505,-0.675220678
2024,34,-0.562284025,-0.375038981,-0.665333392,-0.562284025,-0.375038981,-0.665333392,-0.562175003,test,1.310734316,1.303489347,1.323065919,1.411473491,1.407186083,1.418558788,-0.580214523,-0.582474883,-0.57501371,-0.624145425,-0.625573199,-0.620523164
2024,35,-0.562065981,-0.37461009,-0.665333392,-0.562175003,-0.374824536,-0.665333392,-0.562175003,test,1.015629064,1.006919356,1.030640773,1.16318169,1.155204352,1.176853346,-0.663752252,-0.664607728,-0.661202728,-0.621983387,-0.623541306,-0.618108219
2024,36,-0.562284025,-0.375038981,-0.665333392,-0.562175003,-0.374824536,-0.665333392,-0.562254184,test,1.180650166,1.179080886,1.183021849,1.098139615,1.093000121,1.106831311,-0.470102066,-0.46470311,-0.480095898,-0.566927159,-0.564655419,-0.570649313
2024,37,-0.562224343,-0.374921586,-0.665333392,-0.562254184,-0.374980284,-0.665333392,-0.562143058,test,0.891042701,0.882034435,0.906622209,1.035846433,1.03055766,1.044822029,-0.643461851,-0.63987027,-0.649677352,-0.556781959,-0.55228669,-0.564886625
2024,38,-0.562061772,-0.374612711,-0.665323471,-0.562143058,-0.374767149,-0.665328431,-0.562160525,test,0.666090538,0.67201515,0.655426092,0.778566619,0.777024793,0.781024151,-0.499087809,-0.490609047,-0.515095538,-0.57127483,-0.565239658,-0.582386445
2024,39,-0.562259277,-0.374990301,-0.665333392,-0.562160525,-0.374801506,-0.665328431,-0.562271651,test,0.905843171,0.900611288,0.9147619,0.785966855,0.786313219,0.785093996,-0.505547521,-0.499782692,-0.516213916,-0.502317665,-0.495195869,-0.515654727
2024,40,-0.562284025,-0.375038981,-0.665333392,-0.562271651,-0.375014641,-0.665333392,-0.562284025,test,0.887935116,0.884124052,0.894355643,0.896889144,0.89236767,0.904558772,-0.584245154,-0.577004662,-0.597708252,-0.544896338,-0.538393677,-0.556961084
2024,41,-0.562284025,-0.375038981,-0.665333392,-0.562284025,-0.375038981,-0.665333392,-0.562274842,test,0.8001641,0.802502982,0.795774709,0.844049608,0.843313517,0.845065176,-0.536949592,-0.540377728,-0.529510709,-0.560597373,-0.558691195,-0.56360948
2024,42,-0.562265658,-0.375002853,-0.665333392,-0.562274842,-0.375020917,-0.665333392,-0.562055754,test,-0.035871222,-0.028383083,-0.049057018,0.382146439,0.387059949,0.373358845,-0.629595825,-0.627758548,-0.632382259,-0.583272709,-0.584068138,-0.580946484
2024,43,-0.56184585,-0.374431556,-0.665101778,-0.562055754,-0.374717205,-0.665217585,-0.558818877,test,-0.081088919,-0.074721033,-0.092285187,-0.05848007,-0.051552058,-0.070671103,-0.596453335,-0.604149774,-0.580549371,-0.61302458,-0.615954161,-0.606465815
2024,44,-0.555791905,-0.37025559,-0.65806397,-0.558818877,-0.372343573,-0.661582874,-0.553658188,test,-0.186960504,-0.167197989,-0.221729331,-0.134024711,-0.120959511,-0.157007259,-0.122989059,-0.122851994,-0.123097462,-0.359721197,-0.363500884,-0.351823417
2024,45,-0.551524472,-0.371923863,-0.648905212,-0.553658188,-0.371089726,-0.653484591,-0.471223156,test,-0.198686015,-0.18117762,-0.229478061,-0.192823259,-0.174187805,-0.225603696,-0.350673219,-0.355184543,-0.341349612,-0.236831139,-0.239018268,-0.232223537
2024,46,-0.39092184,-0.243360005,-0.478386786,-0.471223156,-0.307641934,-0.563645999,-0.381537634,test,-0.461809396,-0.447351361,-0.487137371,-0.330247705,-0.314264491,-0.358307716,-0.133490014,-0.111879396,-0.175780235,-0.242081617,-0.233531969,-0.258564923
2024,47,-0.372153428,-0.335814885,-0.360631307,-0.381537634,-0.289587445,-0.419509047,-0.266944743,test,-0.931812707,-0.923811715,-0.945603295,-0.696811052,-0.685581538,-0.716370333,0.381502342,0.385103159,0.373927543,0.124006164,0.136611882,0.099073654
2024,48,-0.161736058,-0.300940658,-0.015649113,-0.266944743,-0.318377771,-0.18814021,-0.2950199,test,-0.92545942,-0.943535194,-0.893292078,-0.928636064,-0.933673455,-0.919447686,-0.616209887,-0.615007363,-0.617766545,-0.117353772,-0.114952102,-0.121919501
2024,49,-0.428303741,-0.36656959,-0.433168001,-0.2950199,-0.333755124,-0.224408557,-0.430089039,test,-0.622587052,-0.636950205,-0.59706428,-0.774023236,-0.790242699,-0.745178179,-0.629642586,-0.628698306,-0.63067422,-0.622926237,-0.621852834,-0.624220382
2024,50,-0.431874337,-0.351016853,-0.453716899,-0.430089039,-0.358793221,-0.44344245,-0.383354505,test,-0.961764118,-0.969884931,-0.94713018,-0.792175585,-0.803417568,-0.77209723,-0.579439531,-0.574327696,-0.588726103,-0.604541059,-0.601513001,-0.609700162
2024,51,-0.334834674,-0.341968768,-0.28821562,-0.383354505,-0.346492811,-0.37096626,0.427700047,test,-0.920631039,-0.917461528,-0.925909921,-0.941197579,-0.943673229,-0.93652005,0.193528969,0.209017495,0.162840765,-0.192955281,-0.1826551,-0.212942669
2024,52,1.190234768,0.551510124,1.628972338,0.427700047,0.104770678,0.670378359,1.083273913,test,-1.250394935,-1.242293669,-1.264255895,-1.085512987,-1.079877599,-1.095082908,0.738475058,0.735989972,0.742391971,0.466002013,0.472503733,0.452616368
2025,1,0.976313058,0.142265179,1.618470913,1.083273913,0.346887651,1.623721625,0.608827464,test,-1.029703433,-1.052760559,-0.988721703,-1.140049184,-1.147527114,-1.126488799,-0.658588031,-0.656485689,-0.661857382,0.039943514,0.039752142,0.040267294
2025,2,0.241341869,-0.25837888,0.667269513,0.608827464,-0.058056851,1.142870213,0.081014115,test,-0.947737439,-0.954781511,-0.935005927,-0.988720436,-1.003771035,-0.961863815,-0.551113636,-0.550754846,-0.551097534,-0.604850833,-0.603620267,-0.606477458
2025,3,-0.079313639,-0.349706903,0.176304893,0.081014115,-0.304042892,0.421787203,-0.034505126,test,-1.056543162,-1.055622188,-1.057813646,-1.002140301,-1.005201849,-0.996409786,-0.446149523,-0.452237703,-0.433602461,-0.498631579,-0.501496274,-0.492349997
2025,4,0.010303388,-0.244968861,0.241419241,-0.034505126,-0.297337882,0.208862067,0.042227602,test,-1.17467512,-1.165445359,-1.190550321,-1.115609141,-1.110533773,-1.124181983,0.484541068,0.420611864,0.609528014,0.019195772,-0.01581292,0.087962777
2025,5,0.074151815,-0.219016174,0.332109237,0.042227602,-0.231992517,0.286764239,1.137927942,test,-0.97170441,-0.984198893,-0.949358602,-1.073189765,-1.074822126,-1.069954461,0.496486303,0.534645585,0.420853623,0.490513686,0.477628725,0.515190819
2025,6,2.201704068,2.156072344,1.979392981,1.137927942,0.968528085,1.155751109,2.070311408,test,-1.754208185,-1.73966007,-1.779263458,-1.362956298,-1.361929481,-1.36431103,1.893250859,1.895614423,1.886129159,1.194868581,1.215130004,1.153491391
2025,7,1.938918747,1.511276484,2.095807693,2.070311408,1.833674414,2.037600337,1.829221399,test,-1.335658395,-1.32178605,-1.359662362,-1.54493329,-1.53072306,-1.56946291,0.199657505,0.210946248,0.177213862,1.046454182,1.053280336,1.031671511
2025,8,1.719524051,1.338131848,1.860607451,1.829221399,1.424704166,1.978207572,1.501346231,test,-2.028639588,-2.013127595,-2.055302068,-1.682148991,-1.667456822,-1.707482215,0.878678165,0.889236229,0.856781819,0.539167835,0.550091239,0.516997841
2025,9,1.283168412,0.672479685,1.685250613,1.501346231,1.005305766,1.772929032,0.773914392,test,-1.17457775,-1.165068641,-1.190945334,-1.601608669,-1.589098118,-1.623123701,-0.32497825,-0.344153359,-0.28687391,0.276849957,0.272541435,0.284953955
2025,10,0.264660373,-0.137394114,0.598897088,0.773914392,0.267542785,1.142073851,0.018662689,test,-0.720184337,-0.707354639,-0.742556123,-0.947381044,-0.93621164,-0.966750728,-0.3022985,-0.336320782,-0.235049121,-0.313638375,-0.34023707,-0.260961516
2025,11,-0.227334996,-0.345745675,-0.09231365,0.018662689,-0.241569895,0.253291719,0.262778539,test,0.031873707,0.044211915,0.010117094,-0.344155315,-0.331571362,-0.366219515,-0.175634698,-0.177448254,-0.171841243,-0.238966599,-0.256884518,-0.203445182
2025,12,0.752892074,0.43311603,0.9537302,0.262778539,0.043685178,0.430708275,0.186425503,test,-0.901904385,-0.895690334,-0.91255549,-0.435015339,-0.42573921,-0.451219198,0.806266463,0.814029373,0.789957346,0.315315882,0.318290559,0.309058051
2025,13,-0.380041068,-0.366018776,-0.34726131,0.186425503,0.033548627,0.303234445,-0.444133289,test,-0.113609986,-0.105942886,-0.127085249,-0.507757186,-0.50081661,-0.51982037,0.876884837,0.773874225,1.078153421,0.84157565,0.793951799,0.934055383
2025,14,-0.50822551,-0.375038981,-0.568548644,-0.444133289,-0.370528879,-0.457904977,-0.235490284,test,-0.174751277,-0.164629328,-0.192532776,-0.144180632,-0.135286107,-0.159809013,-0.487302681,-0.494979302,-0.471580482,0.194791078,0.139447462,0.30328647
2025,15,0.037244942,-0.261476586,0.304680039,-0.235490284,-0.318257783,-0.131934303,-0.215930355,test,-0.972858684,-0.962776707,-0.990303285,-0.573804981,-0.563703017,-0.591418031,1.680971143,1.683407434,1.6739843,0.596834231,0.594214066,0.601201909
2025,16,-0.469105651,-0.373245541,-0.500142022,-0.215930355,-0.317361063,-0.097730992,-0.510378194,test,0.35601722,0.3586142,0.351321212,-0.308420732,-0.302081254,-0.319491037,-0.652991811,-0.654323138,-0.649521319,0.513989666,0.514542148,0.512231491
2025,17,-0.551650737,-0.375023631,-0.646309843,-0.510378194,-0.374134586,-0.573225933,-0.553125244,test,0.173578639,0.166629979,0.185767637,0.26479793,0.26262209,0.268544424,-0.374437876,-0.376108303,-0.370665537,-0.513714843,-0.515215721,-0.510093428
2025,18,-0.554599752,-0.367153964,-0.658752696,-0.553125244,-0.371088797,-0.65253127,-0.55802041,test,-0.050323008,-0.046978363,-0.056201112,0.061627816,0.059825808,0.064783262,0.472808221,0.480328721,0.457411765,0.049185173,0.052110209,0.043373114
2025,19,-0.561441068,-0.373757397,-0.664990692,-0.55802041,-0.370455681,-0.661871694,-0.561862546,test,0.652039238,0.67891756,0.60444877,0.300858115,0.315969599,0.274123829,-0.200178811,-0.219618711,-0.161717452,0.136314705,0.130355005,0.147847157
2025,20,-0.562284025,-0.375038981,-0.665333392,-0.561862546,-0.374398189,-0.665162042,-0.562145834,test,0.810328457,0.798121715,0.831572197,0.731183848,0.738519638,0.718010484,-0.663491099,-0.664224689,-0.661181425,-0.431834955,-0.4419217,-0.411449439
2025,21,-0.562007642,-0.374660335,-0.665183211,-0.562145834,-0.374849658,-0.665258301,-0.562145834,test,1.023436183,1.023461358,1.023050141,0.91688232,0.910791536,0.927311169,-0.633488785,-0.640046576,-0.619773805,-0.648489942,-0.652135633,-0.640477615
